accession,model_entity_id,latest_version,mean_plddt,organism,tax_id,gene,description,uniprot_id,seq_length,cif_url
A0A062V9G2,AF-A0A062V9G2-F1,6,96.62,Candidatus Methanoperedens nitroreducens,1392998,ANME2D_01814,Uncharacterized protein,A0A062V9G2_9EURY,48,https://alphafold.ebi.ac.uk/files/AF-A0A062V9G2-F1-model_v6.cif
A0A075FL01,AF-A0A075FL01-F1,6,96.12,uncultured marine thaumarchaeote AD1000_01_A07,1455878,msrAB,peptide-methionine (R)-S-oxide reductase,A0A075FL01_9ARCH,43,https://alphafold.ebi.ac.uk/files/AF-A0A075FL01-F1-model_v6.cif
A0A075FR84,AF-A0A075FR84-F1,6,95.06,uncultured marine thaumarchaeote AD1000_40_H03,1455914,,Nucleoside-diphosphate-sugar epimerases,A0A075FR84_9ARCH,43,https://alphafold.ebi.ac.uk/files/AF-A0A075FR84-F1-model_v6.cif
A0A075FUC0,AF-A0A075FUC0-F1,6,95.25,uncultured marine thaumarchaeote AD1000_54_F06,1455925,,Uncharacterized protein,A0A075FUC0_9ARCH,43,https://alphafold.ebi.ac.uk/files/AF-A0A075FUC0-F1-model_v6.cif
A0A075FUI5,AF-A0A075FUI5-F1,6,95.69,uncultured marine thaumarchaeote AD1000_54_F06,1455925,,Uncharacterized protein,A0A075FUI5_9ARCH,48,https://alphafold.ebi.ac.uk/files/AF-A0A075FUI5-F1-model_v6.cif
A0A075G2N9,AF-A0A075G2N9-F1,6,96.81,uncultured marine thaumarchaeote KM3_02_H10,1455957,msrB,peptide-methionine (R)-S-oxide reductase,A0A075G2N9_9ARCH,50,https://alphafold.ebi.ac.uk/files/AF-A0A075G2N9-F1-model_v6.cif
A0A075G604,AF-A0A075G604-F1,6,95.75,uncultured marine thaumarchaeote KM3_103_A05,1455980,,Anthranilate/para-aminobenzoate synthases component II,A0A075G604_9ARCH,39,https://alphafold.ebi.ac.uk/files/AF-A0A075G604-F1-model_v6.cif
A0A075G8S5,AF-A0A075G8S5-F1,6,96.75,uncultured marine thaumarchaeote KM3_131_F04,1456002,hisIE,phosphoribosyl-AMP cyclohydrolase,A0A075G8S5_9ARCH,49,https://alphafold.ebi.ac.uk/files/AF-A0A075G8S5-F1-model_v6.cif
A0A075G9H6,AF-A0A075G9H6-F1,6,95.88,uncultured marine thaumarchaeote KM3_136_D12,1456005,,"Transcription factor, NikR",A0A075G9H6_9ARCH,44,https://alphafold.ebi.ac.uk/files/AF-A0A075G9H6-F1-model_v6.cif
A0A075GBG4,AF-A0A075GBG4-F1,6,95.25,uncultured marine thaumarchaeote KM3_103_A05,1455980,trpG,Glutamine amidotransferase of anthranilate synthase (TrpG),A0A075GBG4_9ARCH,42,https://alphafold.ebi.ac.uk/files/AF-A0A075GBG4-F1-model_v6.cif
A0A075GBP5,AF-A0A075GBP5-F1,6,95.5,uncultured marine thaumarchaeote KM3_105_E03,1455981,,Nucleotidyl transferase domain-containing protein,A0A075GBP5_9ARCH,45,https://alphafold.ebi.ac.uk/files/AF-A0A075GBP5-F1-model_v6.cif
A0A075GJJ0,AF-A0A075GJJ0-F1,6,95.5,uncultured marine thaumarchaeote KM3_172_D05,1456048,,Uncharacterized protein,A0A075GJJ0_9ARCH,47,https://alphafold.ebi.ac.uk/files/AF-A0A075GJJ0-F1-model_v6.cif
A0A075GL14,AF-A0A075GL14-F1,6,95.19,uncultured marine thaumarchaeote KM3_157_H08,1456023,,Uncharacterized protein,A0A075GL14_9ARCH,47,https://alphafold.ebi.ac.uk/files/AF-A0A075GL14-F1-model_v6.cif
A0A075GNQ9,AF-A0A075GNQ9-F1,6,95.94,uncultured marine thaumarchaeote KM3_183_D02,1456068,,Transcription factor NikR nickel binding C-terminal domain-containing protein,A0A075GNQ9_9ARCH,44,https://alphafold.ebi.ac.uk/files/AF-A0A075GNQ9-F1-model_v6.cif
A0A075GPI2,AF-A0A075GPI2-F1,6,96.5,uncultured marine thaumarchaeote KM3_177_D01,1456059,msrB,peptide-methionine (R)-S-oxide reductase,A0A075GPI2_9ARCH,50,https://alphafold.ebi.ac.uk/files/AF-A0A075GPI2-F1-model_v6.cif
A0A075GT79,AF-A0A075GT79-F1,6,96.0,uncultured marine thaumarchaeote KM3_183_D03,1456069,,Transcription factor NikR nickel binding C-terminal domain-containing protein,A0A075GT79_9ARCH,44,https://alphafold.ebi.ac.uk/files/AF-A0A075GT79-F1-model_v6.cif
A0A075H126,AF-A0A075H126-F1,6,95.38,uncultured marine thaumarchaeote KM3_33_B12,1456125,,Uncharacterized protein,A0A075H126_9ARCH,44,https://alphafold.ebi.ac.uk/files/AF-A0A075H126-F1-model_v6.cif
A0A075H1U6,AF-A0A075H1U6-F1,6,95.81,uncultured marine thaumarchaeote KM3_42_G11,1456149,msrAB,peptide-methionine (R)-S-oxide reductase,A0A075H1U6_9ARCH,43,https://alphafold.ebi.ac.uk/files/AF-A0A075H1U6-F1-model_v6.cif
A0A075HED3,AF-A0A075HED3-F1,6,96.44,uncultured marine thaumarchaeote KM3_57_D03,1456206,msrB,peptide-methionine (R)-S-oxide reductase,A0A075HED3_9ARCH,50,https://alphafold.ebi.ac.uk/files/AF-A0A075HED3-F1-model_v6.cif
A0A075HHM8,AF-A0A075HHM8-F1,6,95.81,uncultured marine thaumarchaeote KM3_70_D07,1456252,msrB,peptide-methionine (R)-S-oxide reductase,A0A075HHM8_9ARCH,42,https://alphafold.ebi.ac.uk/files/AF-A0A075HHM8-F1-model_v6.cif
A0A075HJ46,AF-A0A075HJ46-F1,6,96.25,uncultured marine thaumarchaeote KM3_74_C01,1456269,msrB,peptide-methionine (R)-S-oxide reductase,A0A075HJ46_9ARCH,50,https://alphafold.ebi.ac.uk/files/AF-A0A075HJ46-F1-model_v6.cif
A0A075HVM8,AF-A0A075HVM8-F1,6,96.75,uncultured marine thaumarchaeote KM3_87_C09,1456327,msrB,peptide-methionine (R)-S-oxide reductase,A0A075HVM8_9ARCH,50,https://alphafold.ebi.ac.uk/files/AF-A0A075HVM8-F1-model_v6.cif
A0A075I1Q2,AF-A0A075I1Q2-F1,6,95.44,uncultured marine thaumarchaeote SAT1000_09_C08,1456370,bphF,"Rieske (2Fe-2S) domain-containing protein (HcaC, bphF)",A0A075I1Q2_9ARCH,42,https://alphafold.ebi.ac.uk/files/AF-A0A075I1Q2-F1-model_v6.cif
A0A075I3Q2,AF-A0A075I3Q2-F1,6,95.38,uncultured marine thaumarchaeote SAT1000_09_B08,1456368,bphF,"Rieske (2Fe-2S) domain-containing protein (HcaC, bphF)",A0A075I3Q2_9ARCH,42,https://alphafold.ebi.ac.uk/files/AF-A0A075I3Q2-F1-model_v6.cif
A0A075I6E0,AF-A0A075I6E0-F1,6,96.0,uncultured marine thaumarchaeote SAT1000_09_B07,1456367,bphF,"Rieske (2Fe-2S) domain-containing protein (HcaC, bphF)",A0A075I6E0_9ARCH,42,https://alphafold.ebi.ac.uk/files/AF-A0A075I6E0-F1-model_v6.cif
A0A075I8Y7,AF-A0A075I8Y7-F1,6,95.75,uncultured marine thaumarchaeote SAT1000_09_C07,1456369,bphF,"Rieske (2Fe-2S) domain-containing protein (HcaC, bphF)",A0A075I8Y7_9ARCH,42,https://alphafold.ebi.ac.uk/files/AF-A0A075I8Y7-F1-model_v6.cif
A0A075I9N7,AF-A0A075I9N7-F1,6,97.31,uncultured marine thaumarchaeote SAT1000_10_G09,1456375,hisIE,phosphoribosyl-AMP cyclohydrolase,A0A075I9N7_9ARCH,48,https://alphafold.ebi.ac.uk/files/AF-A0A075I9N7-F1-model_v6.cif
A0A075I9Q6,AF-A0A075I9Q6-F1,6,95.0,uncultured marine thaumarchaeote SAT1000_10_G09,1456375,QTRT1,"tRNA-guanine transglycosylase (Tgt, QTRT1)",A0A075I9Q6_9ARCH,43,https://alphafold.ebi.ac.uk/files/AF-A0A075I9Q6-F1-model_v6.cif
A0A087RU44,AF-A0A087RU44-F1,6,95.06,Marine Group I thaumarchaeote SCGC AAA799-P11,1502295,AAA799P11_01390,Nucleoside-diphosphate kinase protein,A0A087RU44_9ARCH,24,https://alphafold.ebi.ac.uk/files/AF-A0A087RU44-F1-model_v6.cif
A0A087S4K0,AF-A0A087S4K0-F1,6,95.94,Marine Group I thaumarchaeote SCGC AAA799-B03,1502289,AAA799B03_01472,Uncharacterized protein,A0A087S4K0_9ARCH,42,https://alphafold.ebi.ac.uk/files/AF-A0A087S4K0-F1-model_v6.cif
A0A0F2L3J9,AF-A0A0F2L3J9-F1,6,97.69,Vulcanisaeta sp. AZ3,1609231,TU36_04665,Glycerophosphodiester phosphodiesterase,A0A0F2L3J9_9CREN,44,https://alphafold.ebi.ac.uk/files/AF-A0A0F2L3J9-F1-model_v6.cif
A0A0F8EH70,AF-A0A0F8EH70-F1,6,95.94,Methanosarcina sp. 2.H.A.1B.4,1483600,EO92_15125,Desulforedoxin,A0A0F8EH70_9EURY,41,https://alphafold.ebi.ac.uk/files/AF-A0A0F8EH70-F1-model_v6.cif
A0A0F8MQP1,AF-A0A0F8MQP1-F1,6,95.56,Methanosarcina mazei,2209,DKM28_03965,Desulfoferrodoxin FeS4 iron-binding domain-containing protein,A0A0F8MQP1_METMZ,41,https://alphafold.ebi.ac.uk/files/AF-A0A0F8MQP1-F1-model_v6.cif
A0A0U2L4M8,AF-A0A0U2L4M8-F1,6,95.25,Methanobrevibacter millerae,230361,rub3,Rubredoxin,A0A0U2L4M8_9EURY,36,https://alphafold.ebi.ac.uk/files/AF-A0A0U2L4M8-F1-model_v6.cif
A0A0U3H9J4,AF-A0A0U3H9J4-F1,6,95.06,Thermococcus sp. 2319x1,1674923,ADU37_CDS12220,TsaA-like domain-containing protein,A0A0U3H9J4_9EURY,40,https://alphafold.ebi.ac.uk/files/AF-A0A0U3H9J4-F1-model_v6.cif
A0A101DYV5,AF-A0A101DYV5-F1,6,96.88,Archaeoglobus fulgidus,2234,XD40_2346,NADH oxidase (NoxB-2),A0A101DYV5_ARCFL,41,https://alphafold.ebi.ac.uk/files/AF-A0A101DYV5-F1-model_v6.cif
A0A101DZD3,AF-A0A101DZD3-F1,6,95.62,Archaeoglobus fulgidus,2234,XD40_2115,Nitrogen regulatory protein P-II (GlnB-3),A0A101DZD3_ARCFL,33,https://alphafold.ebi.ac.uk/files/AF-A0A101DZD3-F1-model_v6.cif
A0A101E0G0,AF-A0A101E0G0-F1,6,96.88,Archaeoglobus fulgidus,2234,XD40_1393,Flavodoxin,A0A101E0G0_ARCFL,40,https://alphafold.ebi.ac.uk/files/AF-A0A101E0G0-F1-model_v6.cif
A0A101GKX7,AF-A0A101GKX7-F1,6,96.31,Methanoculleus marisnigri,2198,XD82_1638,Quinoprotein ethanol dehydrogenase,A0A101GKX7_9EURY,45,https://alphafold.ebi.ac.uk/files/AF-A0A101GKX7-F1-model_v6.cif
A0A101GND4,AF-A0A101GND4-F1,6,95.12,Methanoculleus marisnigri,2198,XD82_1015,Uncharacterized protein family (UPF0150),A0A101GND4_9EURY,29,https://alphafold.ebi.ac.uk/files/AF-A0A101GND4-F1-model_v6.cif
A0A101IR95,AF-A0A101IR95-F1,6,96.81,Methanoculleus marisnigri,2198,XD82_1824,Cytidine kinase / inosine-guanosine kinase,A0A101IR95_9EURY,50,https://alphafold.ebi.ac.uk/files/AF-A0A101IR95-F1-model_v6.cif
A0A101ISX8,AF-A0A101ISX8-F1,6,95.31,Methanoculleus marisnigri,2198,XE10_1278,Glutamyl-tRNA(Gln) amidotransferase subunit E,A0A101ISX8_9EURY,32,https://alphafold.ebi.ac.uk/files/AF-A0A101ISX8-F1-model_v6.cif
A0A117LQ45,AF-A0A117LQ45-F1,6,96.0,Methanoculleus marisnigri,2198,XD82_1319,Aminotransferase,A0A117LQ45_9EURY,32,https://alphafold.ebi.ac.uk/files/AF-A0A117LQ45-F1-model_v6.cif
A0A117MEV4,AF-A0A117MEV4-F1,6,97.81,Methanoculleus marisnigri,2198,XD82_1134,Protein tyrosine phosphatase,A0A117MEV4_9EURY,38,https://alphafold.ebi.ac.uk/files/AF-A0A117MEV4-F1-model_v6.cif
A0A117MF79,AF-A0A117MF79-F1,6,96.5,Methanoculleus marisnigri,2198,XE10_1277,UBA/THIF-type NAD/FAD binding protein,A0A117MF79_9EURY,47,https://alphafold.ebi.ac.uk/files/AF-A0A117MF79-F1-model_v6.cif
A0A124F7Z6,AF-A0A124F7Z6-F1,6,96.5,Archaeoglobus fulgidus,2234,XD40_1670,NADH oxidase (NoxB-2),A0A124F7Z6_ARCFL,41,https://alphafold.ebi.ac.uk/files/AF-A0A124F7Z6-F1-model_v6.cif
A0A126QX97,AF-A0A126QX97-F1,6,97.25,methanogenic archaeon mixed culture ISO4-G1,1452364,AUP07_0960,Rubredoxin,A0A126QX97_9EURY,44,https://alphafold.ebi.ac.uk/files/AF-A0A126QX97-F1-model_v6.cif
A0A139CG29,AF-A0A139CG29-F1,6,95.19,Methanohalophilus sp. T328-1,1794907,AWU58_1993,Homoisocitrate dehydrogenase,A0A139CG29_9EURY,37,https://alphafold.ebi.ac.uk/files/AF-A0A139CG29-F1-model_v6.cif
A0A1C8ZW37,AF-A0A1C8ZW37-F1,6,95.56,Saccharolobus sp. A20,1891280,BFU36_03180,ATPase,A0A1C8ZW37_9CREN,50,https://alphafold.ebi.ac.uk/files/AF-A0A1C8ZW37-F1-model_v6.cif
A0A1G6L254,AF-A0A1G6L254-F1,6,95.12,Natrinema hispanicum,392421,BDK88_0525,"Regulatory protein, FmdB family",A0A1G6L254_9EURY,44,https://alphafold.ebi.ac.uk/files/AF-A0A1G6L254-F1-model_v6.cif
A0A1G7QZ38,AF-A0A1G7QZ38-F1,6,96.31,Halorubrum xinjiangense,261291,SAMN04488067_11342,Uncharacterized protein,A0A1G7QZ38_9EURY,49,https://alphafold.ebi.ac.uk/files/AF-A0A1G7QZ38-F1-model_v6.cif
A0A1H1EH39,AF-A0A1H1EH39-F1,6,95.0,Halopelagius longus,1236180,rpl39e,Large ribosomal subunit protein eL39,A0A1H1EH39_9EURY,50,https://alphafold.ebi.ac.uk/files/AF-A0A1H1EH39-F1-model_v6.cif
A0A1I0QAW8,AF-A0A1I0QAW8-F1,6,95.0,Natrinema salifodinae,1202768,rpl39e,Large ribosomal subunit protein eL39,A0A1I0QAW8_9EURY,50,https://alphafold.ebi.ac.uk/files/AF-A0A1I0QAW8-F1-model_v6.cif
A0A1L3Q2M2,AF-A0A1L3Q2M2-F1,6,95.5,Methanohalophilus halophilus,2177,BHR79_06160,Desulfoferrodoxin,A0A1L3Q2M2_9EURY,40,https://alphafold.ebi.ac.uk/files/AF-A0A1L3Q2M2-F1-model_v6.cif
A0A1L9C4R6,AF-A0A1L9C4R6-F1,6,95.69,Methanohalophilus portucalensis FDF-1,523843,EFE41_04205,Desulfoferrodoxin Dfx domain protein,A0A1L9C4R6_9EURY,40,https://alphafold.ebi.ac.uk/files/AF-A0A1L9C4R6-F1-model_v6.cif
A0A1Q9NRY5,AF-A0A1Q9NRY5-F1,6,95.5,Heimdallarchaeota archaeon (strain LC_2),1841597,HeimC2_20790,Uncharacterized protein,A0A1Q9NRY5_HEILC,50,https://alphafold.ebi.ac.uk/files/AF-A0A1Q9NRY5-F1-model_v6.cif
A0A1S6H833,AF-A0A1S6H833-F1,6,96.38,Uncultured archaeon,115547,,N-acetyltransferase domain-containing protein,A0A1S6H833_UNCAX,45,https://alphafold.ebi.ac.uk/files/AF-A0A1S6H833-F1-model_v6.cif
A0A1S6H9M5,AF-A0A1S6H9M5-F1,6,96.0,Uncultured archaeon,115547,,Uncharacterized protein,A0A1S6H9M5_UNCAX,49,https://alphafold.ebi.ac.uk/files/AF-A0A1S6H9M5-F1-model_v6.cif
A0A1V4TPG4,AF-A0A1V4TPG4-F1,6,96.0,Methanomassiliicoccales archaeon PtaB.Bin215,1811728,A4E30_00801,Desulfoferrodoxin N-terminal domain-containing protein,A0A1V4TPG4_9ARCH,39,https://alphafold.ebi.ac.uk/files/AF-A0A1V4TPG4-F1-model_v6.cif
A0A1V4YX59,AF-A0A1V4YX59-F1,6,95.94,Methanocella sp. PtaU1.Bin125,1811677,A4E28_02846,Uncharacterized protein,A0A1V4YX59_9EURY,37,https://alphafold.ebi.ac.uk/files/AF-A0A1V4YX59-F1-model_v6.cif
A0A1V4Z9N6,AF-A0A1V4Z9N6-F1,6,97.31,Methanocella sp. PtaU1.Bin125,1811677,rub_1,Rubredoxin,A0A1V4Z9N6_9EURY,35,https://alphafold.ebi.ac.uk/files/AF-A0A1V4Z9N6-F1-model_v6.cif
A0A219ANU8,AF-A0A219ANU8-F1,6,96.31,Methanobrevibacter sp. 87.7,387957,BGI41_02690,Uncharacterized protein,A0A219ANU8_9EURY,34,https://alphafold.ebi.ac.uk/files/AF-A0A219ANU8-F1-model_v6.cif
A0A284VNA8,AF-A0A284VNA8-F1,6,96.25,Candidatus Methanoperedens nitroreducens,1392998,MNV_2010002,Uncharacterized protein,A0A284VNA8_9EURY,40,https://alphafold.ebi.ac.uk/files/AF-A0A284VNA8-F1-model_v6.cif
A0A285ESG6,AF-A0A285ESG6-F1,6,96.31,Methanohalophilus euhalobius,51203,B0H22_10561,Polyphosphate kinase 2 (PPK2),A0A285ESG6_9EURY,41,https://alphafold.ebi.ac.uk/files/AF-A0A285ESG6-F1-model_v6.cif
A0A285EYT8,AF-A0A285EYT8-F1,6,95.62,Methanohalophilus euhalobius,51203,B0H22_10112,Desulfoferrodoxin FeS4 iron-binding domain-containing protein,A0A285EYT8_9EURY,40,https://alphafold.ebi.ac.uk/files/AF-A0A285EYT8-F1-model_v6.cif
A0A2E0QIE5,AF-A0A2E0QIE5-F1,6,95.38,Nitrososphaerota archaeon,2026795,CMO14_02930,3-phosphoglycerate dehydrogenase,A0A2E0QIE5_UNCNO,39,https://alphafold.ebi.ac.uk/files/AF-A0A2E0QIE5-F1-model_v6.cif
A0A2E4JTY0,AF-A0A2E4JTY0-F1,6,96.88,Nitrososphaerota archaeon,2026795,CMO16_06065,50S ribosomal protein L34,A0A2E4JTY0_UNCNO,44,https://alphafold.ebi.ac.uk/files/AF-A0A2E4JTY0-F1-model_v6.cif
A0A2G1WNH3,AF-A0A2G1WNH3-F1,6,96.62,Halorubrum persicum,1383844,DJ69_00400,superoxide dismutase,A0A2G1WNH3_9EURY,48,https://alphafold.ebi.ac.uk/files/AF-A0A2G1WNH3-F1-model_v6.cif
A0A2G9PKM8,AF-A0A2G9PKM8-F1,6,95.81,Candidatus Woesearchaeota archaeon CG08_land_8_20_14_0_20_47_9,1974455,COT48_03190,HicB family protein,A0A2G9PKM8_9ARCH,45,https://alphafold.ebi.ac.uk/files/AF-A0A2G9PKM8-F1-model_v6.cif
A0A2H9PSD1,AF-A0A2H9PSD1-F1,6,95.12,Candidatus Woesearchaeota archaeon CG_4_10_14_0_2_um_filter_33_10,1974448,COY26_02530,Stress response translation initiation inhibitor YciH,A0A2H9PSD1_9ARCH,30,https://alphafold.ebi.ac.uk/files/AF-A0A2H9PSD1-F1-model_v6.cif
A0A2P0QLX2,AF-A0A2P0QLX2-F1,6,96.06,Uncultured archaeon,115547,,5-formyltetrahydrofolate cyclo-ligase,A0A2P0QLX2_UNCAX,36,https://alphafold.ebi.ac.uk/files/AF-A0A2P0QLX2-F1-model_v6.cif
A0A2R4ZQL9,AF-A0A2R4ZQL9-F1,6,95.31,Desulfurococcaceae archaeon AG1,2027460,ATG_07370,Succinate dehydrogenase/fumarate reductase iron-sulfur subunit,A0A2R4ZQL9_9CREN,46,https://alphafold.ebi.ac.uk/files/AF-A0A2R4ZQL9-F1-model_v6.cif
A0A2R6C3Z5,AF-A0A2R6C3Z5-F1,6,96.88,Candidatus Marsarchaeota G2 archaeon ECH_B_SAG-G06,1978166,B9Q12_00090,Proteasome subunit beta,A0A2R6C3Z5_9ARCH,38,https://alphafold.ebi.ac.uk/files/AF-A0A2R6C3Z5-F1-model_v6.cif
A0A2R6C5B4,AF-A0A2R6C5B4-F1,6,95.75,Candidatus Marsarchaeota G2 archaeon BE_D,1978158,B9Q04_18145,PIN domain-containing protein,A0A2R6C5B4_9ARCH,46,https://alphafold.ebi.ac.uk/files/AF-A0A2R6C5B4-F1-model_v6.cif
A0A2R6C8T4,AF-A0A2R6C8T4-F1,6,95.5,Candidatus Marsarchaeota G2 archaeon BE_D,1978158,B9Q04_11650,CoA-binding domain-containing protein,A0A2R6C8T4_9ARCH,42,https://alphafold.ebi.ac.uk/files/AF-A0A2R6C8T4-F1-model_v6.cif
A0A2R6CA67,AF-A0A2R6CA67-F1,6,96.31,Candidatus Marsarchaeota G2 archaeon BE_D,1978158,B9Q04_09210,Aspartate/ornithine carbamoyltransferase carbamoyl-P binding domain-containing protein,A0A2R6CA67_9ARCH,45,https://alphafold.ebi.ac.uk/files/AF-A0A2R6CA67-F1-model_v6.cif
A0A2R6CAA9,AF-A0A2R6CAA9-F1,6,95.38,Candidatus Marsarchaeota G2 archaeon BE_D,1978158,B9Q04_08900,Metal-dependent hydrolase,A0A2R6CAA9_9ARCH,32,https://alphafold.ebi.ac.uk/files/AF-A0A2R6CAA9-F1-model_v6.cif
A0A2R6D1W6,AF-A0A2R6D1W6-F1,6,95.0,Halobacteriales archaeon QH_2_66_30,1919152,rpl39e,Large ribosomal subunit protein eL39,A0A2R6D1W6_9EURY,50,https://alphafold.ebi.ac.uk/files/AF-A0A2R6D1W6-F1-model_v6.cif
A0A2R6EXE0,AF-A0A2R6EXE0-F1,6,95.56,Halobacteriales archaeon QH_7_66_37,1919159,BRC73_05280,Plastocyanin,A0A2R6EXE0_9EURY,35,https://alphafold.ebi.ac.uk/files/AF-A0A2R6EXE0-F1-model_v6.cif
A0A2R6LXP5,AF-A0A2R6LXP5-F1,6,95.94,Halobacteriales archaeon SW_12_67_38,1919196,BRD12_09030,Phosphoribosylamine--glycine ligase,A0A2R6LXP5_9EURY,46,https://alphafold.ebi.ac.uk/files/AF-A0A2R6LXP5-F1-model_v6.cif
A0A2R6MFM1,AF-A0A2R6MFM1-F1,6,97.56,Halobacteriales archaeon SW_12_67_38,1919196,BRD12_03155,Aspartate-semialdehyde dehydrogenase,A0A2R6MFM1_9EURY,45,https://alphafold.ebi.ac.uk/files/AF-A0A2R6MFM1-F1-model_v6.cif
A0A2R6MFZ7,AF-A0A2R6MFZ7-F1,6,95.25,Halobacteriales archaeon SW_12_67_38,1919196,BRD12_03015,DNA-binding protein,A0A2R6MFZ7_9EURY,48,https://alphafold.ebi.ac.uk/files/AF-A0A2R6MFZ7-F1-model_v6.cif
A0A2V3I199,AF-A0A2V3I199-F1,6,95.62,Methanobacteriota archaeon,2026739,CXX70_09335,Cold-shock protein,A0A2V3I199_UNCMT,27,https://alphafold.ebi.ac.uk/files/AF-A0A2V3I199-F1-model_v6.cif
A0A2V3JFQ8,AF-A0A2V3JFQ8-F1,6,95.88,Methanophagales archaeon,2056316,C4B56_07690,Rubredoxin,A0A2V3JFQ8_UNCME,45,https://alphafold.ebi.ac.uk/files/AF-A0A2V3JFQ8-F1-model_v6.cif
A0A2V3JMT2,AF-A0A2V3JMT2-F1,6,95.56,ANME-2 cluster archaeon,2056317,C4B59_02080,Ryanodine receptor Ryr,A0A2V3JMT2_9EURY,45,https://alphafold.ebi.ac.uk/files/AF-A0A2V3JMT2-F1-model_v6.cif
A0A2V4GT18,AF-A0A2V4GT18-F1,6,95.62,Thermoplasma sp. Kam2015,2094122,DMB44_06970,Uncharacterized protein,A0A2V4GT18_9ARCH,42,https://alphafold.ebi.ac.uk/files/AF-A0A2V4GT18-F1-model_v6.cif
A0A2V4H8E0,AF-A0A2V4H8E0-F1,6,95.75,Thermoplasma sp. Kam2015,2094122,DMB44_06965,UPF0033 domain-containing protein,A0A2V4H8E0_9ARCH,44,https://alphafold.ebi.ac.uk/files/AF-A0A2V4H8E0-F1-model_v6.cif
A0A345DZ50,AF-A0A345DZ50-F1,6,95.62,Haloplanus rubicundus,1547898,rpl39e,Large ribosomal subunit protein eL39,A0A345DZ50_9EURY,50,https://alphafold.ebi.ac.uk/files/AF-A0A345DZ50-F1-model_v6.cif
A0A367I6A3,AF-A0A367I6A3-F1,6,96.12,Candidatus Poseidoniales archaeon,2163009,gpmA,"phosphoglycerate mutase (2,3-diphosphoglycerate-dependent)",A0A367I6A3_9ARCH,42,https://alphafold.ebi.ac.uk/files/AF-A0A367I6A3-F1-model_v6.cif
A0A371MR54,AF-A0A371MR54-F1,6,95.38,Haloferax sp. Atlit-6N,2077205,DEQ92_21990,Ferredoxin,A0A371MR54_9EURY,46,https://alphafold.ebi.ac.uk/files/AF-A0A371MR54-F1-model_v6.cif
A0A371MRP4,AF-A0A371MRP4-F1,6,95.12,Haloferax sp. Atlit-6N,2077205,DEQ92_21060,Cysteine methyltransferase,A0A371MRP4_9EURY,39,https://alphafold.ebi.ac.uk/files/AF-A0A371MRP4-F1-model_v6.cif
A0A371MS07,AF-A0A371MS07-F1,6,95.81,Haloferax sp. Atlit-6N,2077205,DEQ92_20910,Diaminopimelate decarboxylase,A0A371MS07_9EURY,43,https://alphafold.ebi.ac.uk/files/AF-A0A371MS07-F1-model_v6.cif
A0A371MSL8,AF-A0A371MSL8-F1,6,97.25,Haloferax sp. Atlit-6N,2077205,DEQ92_22055,Cell division protein,A0A371MSL8_9EURY,44,https://alphafold.ebi.ac.uk/files/AF-A0A371MSL8-F1-model_v6.cif
A0A371MTC3,AF-A0A371MTC3-F1,6,96.75,Haloferax sp. Atlit-6N,2077205,DEQ92_20865,Chromosome segregation protein,A0A371MTC3_9EURY,40,https://alphafold.ebi.ac.uk/files/AF-A0A371MTC3-F1-model_v6.cif
A0A3A5VK63,AF-A0A3A5VK63-F1,6,95.0,Candidatus Poseidoniales archaeon,2163009,DWC01_05900,Carboxypeptidase M32,A0A3A5VK63_9ARCH,46,https://alphafold.ebi.ac.uk/files/AF-A0A3A5VK63-F1-model_v6.cif
A0A3A5VSI2,AF-A0A3A5VSI2-F1,6,96.0,Candidatus Poseidoniales archaeon,2163009,DWC00_05865,ATP:cob(I)alamin adenosyltransferase,A0A3A5VSI2_9ARCH,48,https://alphafold.ebi.ac.uk/files/AF-A0A3A5VSI2-F1-model_v6.cif
A0A3A5W4U3,AF-A0A3A5W4U3-F1,6,95.25,Candidatus Poseidoniales archaeon,2163009,DWC10_06115,Riboflavin synthase,A0A3A5W4U3_9ARCH,44,https://alphafold.ebi.ac.uk/files/AF-A0A3A5W4U3-F1-model_v6.cif
A0A3A5WVH7,AF-A0A3A5WVH7-F1,6,95.75,Candidatus Poseidoniales archaeon,2163009,DWC11_05135,5-(Carboxyamino)imidazole ribonucleotide mutase,A0A3A5WVH7_9ARCH,48,https://alphafold.ebi.ac.uk/files/AF-A0A3A5WVH7-F1-model_v6.cif
A0A3M0CXD9,AF-A0A3M0CXD9-F1,6,95.31,Haloplanus aerogenes,660522,rpl39e,Large ribosomal subunit protein eL39,A0A3M0CXD9_9EURY,50,https://alphafold.ebi.ac.uk/files/AF-A0A3M0CXD9-F1-model_v6.cif
A0A3M1LFP0,AF-A0A3M1LFP0-F1,6,95.69,Nitrososphaerota archaeon,2026795,D6752_06050,PIN domain nuclease,A0A3M1LFP0_UNCNO,42,https://alphafold.ebi.ac.uk/files/AF-A0A3M1LFP0-F1-model_v6.cif
A0A3M1LH11,AF-A0A3M1LH11-F1,6,95.56,Nitrososphaerota archaeon,2026795,D6752_06430,YjbQ family protein,A0A3M1LH11_UNCNO,34,https://alphafold.ebi.ac.uk/files/AF-A0A3M1LH11-F1-model_v6.cif
A0A3M1LHW0,AF-A0A3M1LHW0-F1,6,95.81,Nitrososphaerota archaeon,2026795,D6752_05475,Type II methionyl aminopeptidase,A0A3M1LHW0_UNCNO,33,https://alphafold.ebi.ac.uk/files/AF-A0A3M1LHW0-F1-model_v6.cif
A0A3M1LK14,AF-A0A3M1LK14-F1,6,97.06,Nitrososphaerota archaeon,2026795,D6752_04035,Blue (type 1) copper domain-containing protein,A0A3M1LK14_UNCNO,32,https://alphafold.ebi.ac.uk/files/AF-A0A3M1LK14-F1-model_v6.cif
A0A3M1LK61,AF-A0A3M1LK61-F1,6,96.12,Nitrososphaerota archaeon,2026795,D6752_04290,Nitroreductase,A0A3M1LK61_UNCNO,47,https://alphafold.ebi.ac.uk/files/AF-A0A3M1LK61-F1-model_v6.cif
A0A3M1LLL7,AF-A0A3M1LLL7-F1,6,96.94,Nitrososphaerota archaeon,2026795,D6752_01710,Thymidylate kinase,A0A3M1LLL7_UNCNO,50,https://alphafold.ebi.ac.uk/files/AF-A0A3M1LLL7-F1-model_v6.cif
A0A3M1LN27,AF-A0A3M1LN27-F1,6,95.31,Nitrososphaerota archaeon,2026795,D6752_00965,Acylphosphatase,A0A3M1LN27_UNCNO,37,https://alphafold.ebi.ac.uk/files/AF-A0A3M1LN27-F1-model_v6.cif
A0A3M1LPS3,AF-A0A3M1LPS3-F1,6,96.62,Nitrososphaerota archaeon,2026795,D6752_00875,Zinc-ribbon domain-containing protein,A0A3M1LPS3_UNCNO,23,https://alphafold.ebi.ac.uk/files/AF-A0A3M1LPS3-F1-model_v6.cif
A0A3M9LMY0,AF-A0A3M9LMY0-F1,6,95.81,Methanohalophilus sp. RSK,2485783,EFE42_04485,Desulfoferrodoxin FeS4 iron-binding domain-containing protein,A0A3M9LMY0_9EURY,40,https://alphafold.ebi.ac.uk/files/AF-A0A3M9LMY0-F1-model_v6.cif
A0A3M9ZV07,AF-A0A3M9ZV07-F1,6,95.5,Nitrosopumilus sp. D6,2478554,EB828_04410,CTP synthase (glutamine hydrolyzing),A0A3M9ZV07_9ARCH,49,https://alphafold.ebi.ac.uk/files/AF-A0A3M9ZV07-F1-model_v6.cif
A0A3M9ZZ00,AF-A0A3M9ZZ00-F1,6,95.69,Nitrosopumilus sp. H13,2478556,EB830_01405,CoA-binding protein,A0A3M9ZZ00_9ARCH,41,https://alphafold.ebi.ac.uk/files/AF-A0A3M9ZZ00-F1-model_v6.cif
A0A3R7DRJ2,AF-A0A3R7DRJ2-F1,6,95.12,Candidatus Bathyarchaeota archaeon,2026714,CW667_05595,Desulfoferrodoxin FeS4 iron-binding domain-containing protein,A0A3R7DRJ2_9ARCH,38,https://alphafold.ebi.ac.uk/files/AF-A0A3R7DRJ2-F1-model_v6.cif
A0A3R7VPW5,AF-A0A3R7VPW5-F1,6,95.12,Methanocalculus sp. MSAO_Arc1,2293854,D5R99_04760,4Fe-4S Mo/W bis-MGD-type domain-containing protein,A0A3R7VPW5_9EURY,40,https://alphafold.ebi.ac.uk/files/AF-A0A3R7VPW5-F1-model_v6.cif
A0A421DU79,AF-A0A421DU79-F1,6,95.94,Haloarcula sp. Atlit-120R,2282135,DVK01_21540,NADPH:quinone oxidoreductase,A0A421DU79_9EURY,49,https://alphafold.ebi.ac.uk/files/AF-A0A421DU79-F1-model_v6.cif
A0A432I0P7,AF-A0A432I0P7-F1,6,96.25,Candidatus Poseidoniales archaeon,2163009,DSY88_05030,Amidohydrolase 3 domain-containing protein,A0A432I0P7_9ARCH,43,https://alphafold.ebi.ac.uk/files/AF-A0A432I0P7-F1-model_v6.cif
A0A432I6S4,AF-A0A432I6S4-F1,6,96.19,Candidatus Poseidoniales archaeon,2163009,DSY88_00265,Serine hydroxymethyltransferase-like domain-containing protein,A0A432I6S4_9ARCH,40,https://alphafold.ebi.ac.uk/files/AF-A0A432I6S4-F1-model_v6.cif
A0A495R914,AF-A0A495R914-F1,6,95.88,Haloarcula quadrata,182779,BDK61_3166,ABC transmembrane type-1 domain-containing protein,A0A495R914_9EURY,39,https://alphafold.ebi.ac.uk/files/AF-A0A495R914-F1-model_v6.cif
A0A495R9V0,AF-A0A495R9V0-F1,6,95.88,Haloarcula quadrata,182779,BDK61_3462,Transporter,A0A495R9V0_9EURY,41,https://alphafold.ebi.ac.uk/files/AF-A0A495R9V0-F1-model_v6.cif
A0A497IHI4,AF-A0A497IHI4-F1,6,96.0,Methanosarcinales archaeon,2250255,DRN85_08990,tRNA (Pseudouridine(54)-N(1))-methyltransferase TrmY,A0A497IHI4_9EURY,28,https://alphafold.ebi.ac.uk/files/AF-A0A497IHI4-F1-model_v6.cif
A0A497KMA1,AF-A0A497KMA1-F1,6,96.56,Candidatus Bathyarchaeota archaeon,2026714,DRO31_01040,Desulfoferrodoxin,A0A497KMA1_9ARCH,38,https://alphafold.ebi.ac.uk/files/AF-A0A497KMA1-F1-model_v6.cif
A0A497PY88,AF-A0A497PY88-F1,6,95.12,Thorarchaeota archaeon (strain OWC),2053491,DRO87_06085,Desulfoferrodoxin,A0A497PY88_THOAR,40,https://alphafold.ebi.ac.uk/files/AF-A0A497PY88-F1-model_v6.cif
A0A4U7F0R4,AF-A0A4U7F0R4-F1,6,97.19,Halorubrum sp. SD626R,1419722,EXE53_26645,superoxide dismutase,A0A4U7F0R4_9EURY,50,https://alphafold.ebi.ac.uk/files/AF-A0A4U7F0R4-F1-model_v6.cif
A0A4U7F4A3,AF-A0A4U7F4A3-F1,6,96.5,Halorubrum sp. SD626R,1419722,EXE53_18790,Superoxide dismutase,A0A4U7F4A3_9EURY,40,https://alphafold.ebi.ac.uk/files/AF-A0A4U7F4A3-F1-model_v6.cif
A0A510DZD2,AF-A0A510DZD2-F1,6,96.69,Sulfuracidifex tepidarius,1294262,IC006_0125,Uncharacterized protein,A0A510DZD2_9CREN,46,https://alphafold.ebi.ac.uk/files/AF-A0A510DZD2-F1-model_v6.cif
A0A519BR66,AF-A0A519BR66-F1,6,96.44,uncultured DHVE6 group euryarchaeote,2077317,CXT77_04595,Proteasome assembly chaperone family protein,A0A519BR66_9EURY,47,https://alphafold.ebi.ac.uk/files/AF-A0A519BR66-F1-model_v6.cif
A0A519BS09,AF-A0A519BS09-F1,6,95.88,uncultured DHVE6 group euryarchaeote,2077317,CXT77_03665,4a-hydroxytetrahydrobiopterin dehydratase,A0A519BS09_9EURY,48,https://alphafold.ebi.ac.uk/files/AF-A0A519BS09-F1-model_v6.cif
A0A519BYY9,AF-A0A519BYY9-F1,6,95.62,Nitrososphaerota archaeon,2026795,CXT79_05105,Lysine biosynthesis enzyme LysX,A0A519BYY9_UNCNO,46,https://alphafold.ebi.ac.uk/files/AF-A0A519BYY9-F1-model_v6.cif
A0A519C2G9,AF-A0A519C2G9-F1,6,95.75,Nitrososphaerota archaeon,2026795,CXT79_02780,peptide-methionine (S)-S-oxide reductase,A0A519C2G9_UNCNO,32,https://alphafold.ebi.ac.uk/files/AF-A0A519C2G9-F1-model_v6.cif
A0A519CKS0,AF-A0A519CKS0-F1,6,96.5,Nitrososphaerota archaeon,2026795,CXT78_12315,1-(5-phosphoribosyl)-5-[(5-phosphoribosylamino)methylideneamino]imidazole-4-carboxamide isomerase,A0A519CKS0_UNCNO,39,https://alphafold.ebi.ac.uk/files/AF-A0A519CKS0-F1-model_v6.cif
A0A519CLK2,AF-A0A519CLK2-F1,6,95.25,Nitrososphaerota archaeon,2026795,CXT78_11475,TIGR00269 family protein,A0A519CLK2_UNCNO,47,https://alphafold.ebi.ac.uk/files/AF-A0A519CLK2-F1-model_v6.cif
A0A519CU77,AF-A0A519CU77-F1,6,95.69,Nitrososphaerota archaeon,2026795,CXT78_07500,C-methyltransferase domain-containing protein,A0A519CU77_UNCNO,40,https://alphafold.ebi.ac.uk/files/AF-A0A519CU77-F1-model_v6.cif
A0A520K3A4,AF-A0A520K3A4-F1,6,95.19,Methanosarcinales archaeon,2250255,EF813_05515,Gfo/Idh/MocA family oxidoreductase,A0A520K3A4_9EURY,50,https://alphafold.ebi.ac.uk/files/AF-A0A520K3A4-F1-model_v6.cif
A0A520K6T6,AF-A0A520K6T6-F1,6,96.75,Methanosarcinales archaeon,2250255,EF813_02665,Desulfoferrodoxin FeS4 iron-binding domain-containing protein,A0A520K6T6_9EURY,37,https://alphafold.ebi.ac.uk/files/AF-A0A520K6T6-F1-model_v6.cif
A0A520KLZ7,AF-A0A520KLZ7-F1,6,96.5,Methanonatronarchaeia archaeon,2099682,EF811_03140,"pyruvate, water dikinase",A0A520KLZ7_9EURY,48,https://alphafold.ebi.ac.uk/files/AF-A0A520KLZ7-F1-model_v6.cif
A0A523ASN7,AF-A0A523ASN7-F1,6,96.19,Hadesarchaea archaeon,2250276,DSO03_04465,Gamma carbonic anhydrase family protein,A0A523ASN7_9ARCH,45,https://alphafold.ebi.ac.uk/files/AF-A0A523ASN7-F1-model_v6.cif
A0A523AT74,AF-A0A523AT74-F1,6,95.81,Hadesarchaea archaeon,2250276,DSO03_04080,Histidinol dehydrogenase,A0A523AT74_9ARCH,43,https://alphafold.ebi.ac.uk/files/AF-A0A523AT74-F1-model_v6.cif
A0A523AVT4,AF-A0A523AVT4-F1,6,97.75,Hadesarchaea archaeon,2250276,DSO03_02235,Formylmethanofuran--tetrahydromethanopterin N-formyltransferase,A0A523AVT4_9ARCH,47,https://alphafold.ebi.ac.uk/files/AF-A0A523AVT4-F1-model_v6.cif
A0A523AYL0,AF-A0A523AYL0-F1,6,95.62,Hadesarchaea archaeon,2250276,DSO02_03705,23S rRNA (Uridine(2552)-2'-O)-methyltransferase,A0A523AYL0_9ARCH,46,https://alphafold.ebi.ac.uk/files/AF-A0A523AYL0-F1-model_v6.cif
A0A523AYZ6,AF-A0A523AYZ6-F1,6,95.62,Hadesarchaea archaeon,2250276,DSO02_03400,CooT family nickel-binding protein,A0A523AYZ6_9ARCH,30,https://alphafold.ebi.ac.uk/files/AF-A0A523AYZ6-F1-model_v6.cif
A0A523BEK8,AF-A0A523BEK8-F1,6,96.81,Candidatus Methanomethylicota archaeon,2250257,DSO09_02330,DNA-binding protein,A0A523BEK8_9ARCH,36,https://alphafold.ebi.ac.uk/files/AF-A0A523BEK8-F1-model_v6.cif
A0A523SSL6,AF-A0A523SSL6-F1,6,95.5,Candidatus Bathyarchaeota archaeon,2026714,E3I90_00085,NDP-sugar synthase,A0A523SSL6_9ARCH,34,https://alphafold.ebi.ac.uk/files/AF-A0A523SSL6-F1-model_v6.cif
A0A524FGV4,AF-A0A524FGV4-F1,6,96.81,Promethearchaeota archaeon,2053489,EU529_03660,Rubredoxin,A0A524FGV4_9ARCH,44,https://alphafold.ebi.ac.uk/files/AF-A0A524FGV4-F1-model_v6.cif
A0A533U6D3,AF-A0A533U6D3-F1,6,96.88,Nitrososphaerota archaeon,2026795,E6L02_06815,NAD(P)-dependent oxidoreductase,A0A533U6D3_UNCNO,49,https://alphafold.ebi.ac.uk/files/AF-A0A533U6D3-F1-model_v6.cif
A0A533UJM1,AF-A0A533UJM1-F1,6,95.44,Nitrososphaerota archaeon,2026795,E6L05_00590,Cysteinyl-tRNA synthetase,A0A533UJM1_UNCNO,41,https://alphafold.ebi.ac.uk/files/AF-A0A533UJM1-F1-model_v6.cif
A0A533UWQ2,AF-A0A533UWQ2-F1,6,95.06,Nitrososphaerota archaeon,2026795,E6L01_06350,3-phosphoglycerate dehydrogenase,A0A533UWQ2_UNCNO,46,https://alphafold.ebi.ac.uk/files/AF-A0A533UWQ2-F1-model_v6.cif
A0A533V157,AF-A0A533V157-F1,6,97.38,Nitrososphaerota archaeon,2026795,E6L04_03095,Universal stress protein,A0A533V157_UNCNO,36,https://alphafold.ebi.ac.uk/files/AF-A0A533V157-F1-model_v6.cif
A0A533V2Q5,AF-A0A533V2Q5-F1,6,96.0,Nitrososphaerota archaeon,2026795,E6L01_02660,"Fructose 1,6-bisphosphatase",A0A533V2Q5_UNCNO,43,https://alphafold.ebi.ac.uk/files/AF-A0A533V2Q5-F1-model_v6.cif
A0A533V4X6,AF-A0A533V4X6-F1,6,96.12,Nitrososphaerota archaeon,2026795,E6K97_07240,Acetyl-CoA carboxylase biotin carboxylase subunit,A0A533V4X6_UNCNO,50,https://alphafold.ebi.ac.uk/files/AF-A0A533V4X6-F1-model_v6.cif
A0A533V523,AF-A0A533V523-F1,6,96.19,Nitrososphaerota archaeon,2026795,E6K97_07200,Sulfurtransferase,A0A533V523_UNCNO,48,https://alphafold.ebi.ac.uk/files/AF-A0A533V523-F1-model_v6.cif
A0A533VIP4,AF-A0A533VIP4-F1,6,96.31,Nitrososphaerota archaeon,2026795,E6K93_02925,Methionine synthase,A0A533VIP4_UNCNO,35,https://alphafold.ebi.ac.uk/files/AF-A0A533VIP4-F1-model_v6.cif
A0A533VJR1,AF-A0A533VJR1-F1,6,95.75,Nitrososphaerota archaeon,2026795,E6K96_09680,DNA-3-methyladenine glycosylase,A0A533VJR1_UNCNO,37,https://alphafold.ebi.ac.uk/files/AF-A0A533VJR1-F1-model_v6.cif
A0A533VSR0,AF-A0A533VSR0-F1,6,95.19,Nitrososphaerota archaeon,2026795,E6K91_01180,NAD-dependent malic enzyme,A0A533VSR0_UNCNO,45,https://alphafold.ebi.ac.uk/files/AF-A0A533VSR0-F1-model_v6.cif
A0A533VW71,AF-A0A533VW71-F1,6,96.06,Nitrososphaerota archaeon,2026795,E6K90_10560,Blue (type 1) copper domain-containing protein,A0A533VW71_UNCNO,41,https://alphafold.ebi.ac.uk/files/AF-A0A533VW71-F1-model_v6.cif
A0A533W8U5,AF-A0A533W8U5-F1,6,95.81,Nitrososphaerota archaeon,2026795,E6K95_06605,PIG-L family deacetylase,A0A533W8U5_UNCNO,27,https://alphafold.ebi.ac.uk/files/AF-A0A533W8U5-F1-model_v6.cif
A0A533WKQ8,AF-A0A533WKQ8-F1,6,96.19,Nitrososphaerota archaeon,2026795,E6K88_08780,SDR family NAD(P)-dependent oxidoreductase,A0A533WKQ8_UNCNO,50,https://alphafold.ebi.ac.uk/files/AF-A0A533WKQ8-F1-model_v6.cif
A0A533WM15,AF-A0A533WM15-F1,6,95.06,Nitrososphaerota archaeon,2026795,E6K88_07995,Translation factor Sua5,A0A533WM15_UNCNO,49,https://alphafold.ebi.ac.uk/files/AF-A0A533WM15-F1-model_v6.cif
A0A533WMV9,AF-A0A533WMV9-F1,6,95.19,Nitrososphaerota archaeon,2026795,E6K83_07450,Aminodeoxychorismate/anthranilate synthase component II,A0A533WMV9_UNCNO,41,https://alphafold.ebi.ac.uk/files/AF-A0A533WMV9-F1-model_v6.cif
A0A533WY04,AF-A0A533WY04-F1,6,95.0,Nitrososphaerota archaeon,2026795,E6K88_04850,Dihydrolipoamide dehydrogenase,A0A533WY04_UNCNO,48,https://alphafold.ebi.ac.uk/files/AF-A0A533WY04-F1-model_v6.cif
A0A533WZX1,AF-A0A533WZX1-F1,6,96.12,Nitrososphaerota archaeon,2026795,E6K88_02180,Acyl-CoA thioesterase,A0A533WZX1_UNCNO,50,https://alphafold.ebi.ac.uk/files/AF-A0A533WZX1-F1-model_v6.cif
A0A533X1P5,AF-A0A533X1P5-F1,6,97.88,Nitrososphaerota archaeon,2026795,E6K88_02470,O-methyltransferase,A0A533X1P5_UNCNO,49,https://alphafold.ebi.ac.uk/files/AF-A0A533X1P5-F1-model_v6.cif
A0A533XGD3,AF-A0A533XGD3-F1,6,95.38,Nitrososphaerota archaeon,2026795,E6K86_02980,Uracil phosphoribosyltransferase,A0A533XGD3_UNCNO,46,https://alphafold.ebi.ac.uk/files/AF-A0A533XGD3-F1-model_v6.cif
A0A533XLT4,AF-A0A533XLT4-F1,6,95.69,Nitrososphaerota archaeon,2026795,E6K86_00365,Ester cyclase,A0A533XLT4_UNCNO,32,https://alphafold.ebi.ac.uk/files/AF-A0A533XLT4-F1-model_v6.cif
A0A538P2N2,AF-A0A538P2N2-F1,6,96.19,Nitrososphaerota archaeon,2026795,E6K99_08375,Phosphoribosylamine-glycine ligase,A0A538P2N2_UNCNO,43,https://alphafold.ebi.ac.uk/files/AF-A0A538P2N2-F1-model_v6.cif
A0A538P8P9,AF-A0A538P8P9-F1,6,97.12,Nitrososphaerota archaeon,2026795,E6K99_03560,Biotin carboxylation domain-containing protein,A0A538P8P9_UNCNO,43,https://alphafold.ebi.ac.uk/files/AF-A0A538P8P9-F1-model_v6.cif
A0A538P9J5,AF-A0A538P9J5-F1,6,95.94,Nitrososphaerota archaeon,2026795,E6K99_03095,M20/M25/M40 family metallo-hydrolase,A0A538P9J5_UNCNO,48,https://alphafold.ebi.ac.uk/files/AF-A0A538P9J5-F1-model_v6.cif
A0A550D5K8,AF-A0A550D5K8-F1,6,96.06,Sulfolobus sp. F3,2200886,DJ522_00295,NAD(P)-dependent oxidoreductase,A0A550D5K8_9CREN,49,https://alphafold.ebi.ac.uk/files/AF-A0A550D5K8-F1-model_v6.cif
A0A550GLI6,AF-A0A550GLI6-F1,6,96.88,Candidatus Bathyarchaeota archaeon,2026714,E2P65_04560,Desulfoferrodoxin FeS4 iron-binding domain-containing protein,A0A550GLI6_9ARCH,38,https://alphafold.ebi.ac.uk/files/AF-A0A550GLI6-F1-model_v6.cif
A0A558GAE9,AF-A0A558GAE9-F1,6,95.0,Haloferax volcanii,2246,rpl39e,Large ribosomal subunit protein eL39,A0A558GAE9_HALVO,50,https://alphafold.ebi.ac.uk/files/AF-A0A558GAE9-F1-model_v6.cif
A0A5C9ESF5,AF-A0A5C9ESF5-F1,6,95.44,Promethearchaeota archaeon,2053489,dsr,Desulfoferrodoxin FeS4 iron-binding domain-containing protein,A0A5C9ESF5_9ARCH,39,https://alphafold.ebi.ac.uk/files/AF-A0A5C9ESF5-F1-model_v6.cif
A0A5E4HI60,AF-A0A5E4HI60-F1,6,95.56,Uncultured archaeon,115547,LFW24_02910,PIN domain-containing protein,A0A5E4HI60_UNCAX,44,https://alphafold.ebi.ac.uk/files/AF-A0A5E4HI60-F1-model_v6.cif
A0A5E4HJN0,AF-A0A5E4HJN0-F1,6,95.62,Uncultured archaeon,115547,LFW24_00544,Tetratricopeptide repeat protein,A0A5E4HJN0_UNCAX,39,https://alphafold.ebi.ac.uk/files/AF-A0A5E4HJN0-F1-model_v6.cif
A0A5E4HP61,AF-A0A5E4HP61-F1,6,95.75,Uncultured archaeon,115547,LFW24_01203,PD-(D/E)XK nuclease superfamily protein,A0A5E4HP61_UNCAX,50,https://alphafold.ebi.ac.uk/files/AF-A0A5E4HP61-F1-model_v6.cif
A0A5E4I7H3,AF-A0A5E4I7H3-F1,6,97.5,Uncultured archaeon,115547,LFW682_01865,Bacterial transferase hexapeptide (Six repeats),A0A5E4I7H3_UNCAX,37,https://alphafold.ebi.ac.uk/files/AF-A0A5E4I7H3-F1-model_v6.cif
A0A5E4IG34,AF-A0A5E4IG34-F1,6,95.25,Uncultured archaeon,115547,LFW831_00819,CobW/HypB/UreG nucleotide-binding domain-containing protein,A0A5E4IG34_UNCAX,38,https://alphafold.ebi.ac.uk/files/AF-A0A5E4IG34-F1-model_v6.cif
A0A5E4IH91,AF-A0A5E4IH91-F1,6,96.44,Uncultured archaeon,115547,LFW831_01603,PIN domain-containing protein,A0A5E4IH91_UNCAX,46,https://alphafold.ebi.ac.uk/files/AF-A0A5E4IH91-F1-model_v6.cif
A0A5E4IJB0,AF-A0A5E4IJB0-F1,6,95.75,Uncultured archaeon,115547,mutL_2,DNA mismatch repair protein MutL,A0A5E4IJB0_UNCAX,44,https://alphafold.ebi.ac.uk/files/AF-A0A5E4IJB0-F1-model_v6.cif
A0A5E4ILE0,AF-A0A5E4ILE0-F1,6,96.81,Uncultured archaeon,115547,yccX_2,acylphosphatase,A0A5E4ILE0_UNCAX,48,https://alphafold.ebi.ac.uk/files/AF-A0A5E4ILE0-F1-model_v6.cif
A0A5E4ISJ4,AF-A0A5E4ISJ4-F1,6,95.12,Uncultured archaeon,115547,LFW1511_00076,PAC2 family protein,A0A5E4ISJ4_UNCAX,39,https://alphafold.ebi.ac.uk/files/AF-A0A5E4ISJ4-F1-model_v6.cif
A0A5E4J1K7,AF-A0A5E4J1K7-F1,6,96.0,Uncultured archaeon,115547,LFW1561_00623,Uncharacterized protein,A0A5E4J1K7_UNCAX,37,https://alphafold.ebi.ac.uk/files/AF-A0A5E4J1K7-F1-model_v6.cif
A0A5E4J7J9,AF-A0A5E4J7J9-F1,6,96.88,Uncultured archaeon,115547,uvrA,UvrABC system protein A,A0A5E4J7J9_UNCAX,47,https://alphafold.ebi.ac.uk/files/AF-A0A5E4J7J9-F1-model_v6.cif
A0A5E4JHA9,AF-A0A5E4JHA9-F1,6,96.75,Uncultured archaeon,115547,LFW2522_00166,Uncharacterized protein,A0A5E4JHA9_UNCAX,49,https://alphafold.ebi.ac.uk/files/AF-A0A5E4JHA9-F1-model_v6.cif
A0A5E4K421,AF-A0A5E4K421-F1,6,95.25,Uncultured archaeon,115547,LFW2731_00598,Uncharacterized protein,A0A5E4K421_UNCAX,32,https://alphafold.ebi.ac.uk/files/AF-A0A5E4K421-F1-model_v6.cif
A0A5E4K5U7,AF-A0A5E4K5U7-F1,6,95.56,Uncultured archaeon,115547,nadE_1,Putative NH(3)-dependent NAD(+) synthetase,A0A5E4K5U7_UNCAX,46,https://alphafold.ebi.ac.uk/files/AF-A0A5E4K5U7-F1-model_v6.cif
A0A5E4K9E0,AF-A0A5E4K9E0-F1,6,95.25,Uncultured archaeon,115547,LFW28031_00628,DUF86 domain-containing protein,A0A5E4K9E0_UNCAX,41,https://alphafold.ebi.ac.uk/files/AF-A0A5E4K9E0-F1-model_v6.cif
A0A5E4KHE1,AF-A0A5E4KHE1-F1,6,97.38,Uncultured archaeon,115547,hdlA_2,Heterodisulfide reductase subunit A-like protein,A0A5E4KHE1_UNCAX,42,https://alphafold.ebi.ac.uk/files/AF-A0A5E4KHE1-F1-model_v6.cif
A0A5E4KT12,AF-A0A5E4KT12-F1,6,95.69,Uncultured archaeon,115547,LFW28031_02955,Uncharacterized protein,A0A5E4KT12_UNCAX,32,https://alphafold.ebi.ac.uk/files/AF-A0A5E4KT12-F1-model_v6.cif
A0A5E4L400,AF-A0A5E4L400-F1,6,95.75,Uncultured archaeon,115547,LFW2804_00489,Desulfoferrodoxin N-terminal domain-containing protein,A0A5E4L400_UNCAX,40,https://alphafold.ebi.ac.uk/files/AF-A0A5E4L400-F1-model_v6.cif
A0A5E4LE60,AF-A0A5E4LE60-F1,6,95.81,Uncultured archaeon,115547,LFW2814_00472,Uncharacterized protein,A0A5E4LE60_UNCAX,44,https://alphafold.ebi.ac.uk/files/AF-A0A5E4LE60-F1-model_v6.cif
A0A5N5UDU8,AF-A0A5N5UDU8-F1,6,95.06,Halosegnis rubeus,2212850,rpl39e,Large ribosomal subunit protein eL39,A0A5N5UDU8_9EURY,50,https://alphafold.ebi.ac.uk/files/AF-A0A5N5UDU8-F1-model_v6.cif
A0A660HR30,AF-A0A660HR30-F1,6,95.44,Methanosarcina flavescens,1715806,AOB57_005725,Type II toxin-antitoxin system HicB family antitoxin,A0A660HR30_9EURY,45,https://alphafold.ebi.ac.uk/files/AF-A0A660HR30-F1-model_v6.cif
A0A662PMX3,AF-A0A662PMX3-F1,6,97.56,Nitrososphaerota archaeon,2026795,DRN47_05505,Adenosine monophosphate-protein transferase,A0A662PMX3_UNCNO,45,https://alphafold.ebi.ac.uk/files/AF-A0A662PMX3-F1-model_v6.cif
A0A662PNS1,AF-A0A662PNS1-F1,6,96.62,Nitrososphaerota archaeon,2026795,DRN47_02645,Ribonuclease H,A0A662PNS1_UNCNO,50,https://alphafold.ebi.ac.uk/files/AF-A0A662PNS1-F1-model_v6.cif
A0A662PVT5,AF-A0A662PVT5-F1,6,96.12,Nitrososphaerota archaeon,2026795,DRN54_03650,Phosphohistidine phosphatase SixA,A0A662PVT5_UNCNO,41,https://alphafold.ebi.ac.uk/files/AF-A0A662PVT5-F1-model_v6.cif
A0A662PX72,AF-A0A662PX72-F1,6,96.88,Nitrososphaerota archaeon,2026795,DRN54_03320,2-deoxyribose-5-phosphate aldolase,A0A662PX72_UNCNO,47,https://alphafold.ebi.ac.uk/files/AF-A0A662PX72-F1-model_v6.cif
A0A662Q049,AF-A0A662Q049-F1,6,95.69,Nitrososphaerota archaeon,2026795,DRN54_01990,UDP-glucose/GDP-mannose dehydrogenase N-terminal domain-containing protein,A0A662Q049_UNCNO,43,https://alphafold.ebi.ac.uk/files/AF-A0A662Q049-F1-model_v6.cif
A0A662Q1I9,AF-A0A662Q1I9-F1,6,97.06,Nitrososphaerota archaeon,2026795,DRN65_07335,Homoserine kinase,A0A662Q1I9_UNCNO,41,https://alphafold.ebi.ac.uk/files/AF-A0A662Q1I9-F1-model_v6.cif
A0A662Q1V9,AF-A0A662Q1V9-F1,6,95.88,Nitrososphaerota archaeon,2026795,DRN68_08775,ATP-binding protein,A0A662Q1V9_UNCNO,31,https://alphafold.ebi.ac.uk/files/AF-A0A662Q1V9-F1-model_v6.cif
A0A662Q584,AF-A0A662Q584-F1,6,95.75,Nitrososphaerota archaeon,2026795,DRN68_07120,Alcohol dehydrogenase,A0A662Q584_UNCNO,43,https://alphafold.ebi.ac.uk/files/AF-A0A662Q584-F1-model_v6.cif
A0A662Q601,AF-A0A662Q601-F1,6,95.44,Nitrososphaerota archaeon,2026795,DRN59_02285,CopG family transcriptional regulator,A0A662Q601_UNCNO,39,https://alphafold.ebi.ac.uk/files/AF-A0A662Q601-F1-model_v6.cif
A0A662QA52,AF-A0A662QA52-F1,6,95.69,Nitrososphaerota archaeon,2026795,DRN65_03105,Cof-type HAD-IIB family hydrolase,A0A662QA52_UNCNO,46,https://alphafold.ebi.ac.uk/files/AF-A0A662QA52-F1-model_v6.cif
A0A662QCF6,AF-A0A662QCF6-F1,6,95.75,Nitrososphaerota archaeon,2026795,DRN65_01815,Hydrolase,A0A662QCF6_UNCNO,41,https://alphafold.ebi.ac.uk/files/AF-A0A662QCF6-F1-model_v6.cif
A0A662QCK9,AF-A0A662QCK9-F1,6,97.94,Nitrososphaerota archaeon,2026795,DRN68_02240,Acetate kinase,A0A662QCK9_UNCNO,45,https://alphafold.ebi.ac.uk/files/AF-A0A662QCK9-F1-model_v6.cif
A0A662QEP8,AF-A0A662QEP8-F1,6,96.94,Nitrososphaerota archaeon,2026795,DRN64_03295,Diphthine synthase,A0A662QEP8_UNCNO,41,https://alphafold.ebi.ac.uk/files/AF-A0A662QEP8-F1-model_v6.cif
A0A662QXS3,AF-A0A662QXS3-F1,6,96.94,Methanosarcinales archaeon,2250255,DRN77_08905,Desulfoferrodoxin N-terminal domain-containing protein,A0A662QXS3_9EURY,38,https://alphafold.ebi.ac.uk/files/AF-A0A662QXS3-F1-model_v6.cif
A0A662R080,AF-A0A662R080-F1,6,95.44,Methanosarcinales archaeon,2250255,DRN77_06675,3-isopropylmalate dehydratase,A0A662R080_9EURY,25,https://alphafold.ebi.ac.uk/files/AF-A0A662R080-F1-model_v6.cif
A0A662R097,AF-A0A662R097-F1,6,95.38,Methanosarcinales archaeon,2250255,DRN77_06925,Precorrin-4 C(11)-methyltransferase,A0A662R097_9EURY,35,https://alphafold.ebi.ac.uk/files/AF-A0A662R097-F1-model_v6.cif
A0A662R0I2,AF-A0A662R0I2-F1,6,95.62,Methanosarcinales archaeon,2250255,DRN77_08220,Winged helix-turn-helix transcription repressor HrcA DNA-binding domain-containing protein,A0A662R0I2_9EURY,41,https://alphafold.ebi.ac.uk/files/AF-A0A662R0I2-F1-model_v6.cif
A0A662R243,AF-A0A662R243-F1,6,95.38,Methanosarcinales archaeon,2250255,DRN72_03465,Mannosyl-3-phosphoglycerate phosphatase,A0A662R243_9EURY,44,https://alphafold.ebi.ac.uk/files/AF-A0A662R243-F1-model_v6.cif
A0A662R2Z3,AF-A0A662R2Z3-F1,6,95.38,Methanosarcinales archaeon,2250255,DRN76_05540,ATP phosphoribosyltransferase,A0A662R2Z3_9EURY,38,https://alphafold.ebi.ac.uk/files/AF-A0A662R2Z3-F1-model_v6.cif
A0A662R4C9,AF-A0A662R4C9-F1,6,95.81,Methanosarcinales archaeon,2250255,DRN77_03130,Imidazole glycerol phosphate synthase subunit HisF,A0A662R4C9_9EURY,47,https://alphafold.ebi.ac.uk/files/AF-A0A662R4C9-F1-model_v6.cif
A0A662R555,AF-A0A662R555-F1,6,95.69,Methanosarcinales archaeon,2250255,DRN76_05225,DegT/DnrJ/EryC1/StrS aminotransferase family protein,A0A662R555_9EURY,43,https://alphafold.ebi.ac.uk/files/AF-A0A662R555-F1-model_v6.cif
A0A662RAM6,AF-A0A662RAM6-F1,6,95.69,Methanosarcinales archaeon,2250255,DRO03_11510,Type II toxin-antitoxin system HicB family antitoxin,A0A662RAM6_9EURY,48,https://alphafold.ebi.ac.uk/files/AF-A0A662RAM6-F1-model_v6.cif
A0A662RK02,AF-A0A662RK02-F1,6,97.62,Methanosarcinales archaeon,2250255,DRO03_02075,Desulfoferrodoxin,A0A662RK02_9EURY,37,https://alphafold.ebi.ac.uk/files/AF-A0A662RK02-F1-model_v6.cif
A0A662RTJ4,AF-A0A662RTJ4-F1,6,95.25,Methanosarcinales archaeon,2250255,DRN79_04940,Acetolactate synthase small subunit,A0A662RTJ4_9EURY,37,https://alphafold.ebi.ac.uk/files/AF-A0A662RTJ4-F1-model_v6.cif
A0A662RX65,AF-A0A662RX65-F1,6,96.06,Methanosarcinales archaeon,2250255,DRN79_00605,Molybdenum cofactor biosynthesis protein,A0A662RX65_9EURY,34,https://alphafold.ebi.ac.uk/files/AF-A0A662RX65-F1-model_v6.cif
A0A662T3H2,AF-A0A662T3H2-F1,6,96.69,Candidatus Geothermarchaeota archaeon,2250273,DRN86_04625,NADH:flavin oxidoreductase,A0A662T3H2_9ARCH,44,https://alphafold.ebi.ac.uk/files/AF-A0A662T3H2-F1-model_v6.cif
A0A662T6Q3,AF-A0A662T6Q3-F1,6,95.69,Candidatus Geothermarchaeota archaeon,2250273,DRN87_04145,acylphosphatase,A0A662T6Q3_9ARCH,38,https://alphafold.ebi.ac.uk/files/AF-A0A662T6Q3-F1-model_v6.cif
A0A662T947,AF-A0A662T947-F1,6,95.62,Candidatus Geothermarchaeota archaeon,2250273,DRN87_03865,Uncharacterized protein,A0A662T947_9ARCH,46,https://alphafold.ebi.ac.uk/files/AF-A0A662T947-F1-model_v6.cif
A0A662UDV1,AF-A0A662UDV1-F1,6,95.69,Thermoprotei archaeon,2250277,DRO08_02010,Chorismate-binding protein,A0A662UDV1_9CREN,46,https://alphafold.ebi.ac.uk/files/AF-A0A662UDV1-F1-model_v6.cif
A0A6A7LI12,AF-A0A6A7LI12-F1,6,95.75,Nitrososphaeraceae archaeon,2169593,GEU26_12645,Multicopper oxidase domain-containing protein,A0A6A7LI12_9ARCH,43,https://alphafold.ebi.ac.uk/files/AF-A0A6A7LI12-F1-model_v6.cif
A0A6A7LI67,AF-A0A6A7LI67-F1,6,95.5,Nitrososphaeraceae archaeon,2169593,GEU26_13375,SDR family oxidoreductase,A0A6A7LI67_9ARCH,39,https://alphafold.ebi.ac.uk/files/AF-A0A6A7LI67-F1-model_v6.cif
A0A6A7LJ60,AF-A0A6A7LJ60-F1,6,95.12,Nitrososphaeraceae archaeon,2169593,GEU26_14790,Pyridoxamine 5'-phosphate oxidase N-terminal domain-containing protein,A0A6A7LJ60_9ARCH,40,https://alphafold.ebi.ac.uk/files/AF-A0A6A7LJ60-F1-model_v6.cif
A0A6A7LLL2,AF-A0A6A7LLL2-F1,6,95.5,Nitrososphaeraceae archaeon,2169593,GEU26_19275,NADH-quinone oxidoreductase subunit NuoK,A0A6A7LLL2_9ARCH,41,https://alphafold.ebi.ac.uk/files/AF-A0A6A7LLL2-F1-model_v6.cif
A0A6A7LMN5,AF-A0A6A7LMN5-F1,6,96.19,Nitrososphaeraceae archaeon,2169593,GEU26_18470,ASCH domain-containing protein,A0A6A7LMN5_9ARCH,37,https://alphafold.ebi.ac.uk/files/AF-A0A6A7LMN5-F1-model_v6.cif
A0A6A8AGZ0,AF-A0A6A8AGZ0-F1,6,96.75,Methanosarcinales archaeon,2250255,GH149_01965,FAD-binding protein,A0A6A8AGZ0_9EURY,33,https://alphafold.ebi.ac.uk/files/AF-A0A6A8AGZ0-F1-model_v6.cif
A0A6A8AI96,AF-A0A6A8AI96-F1,6,95.75,Methanosarcinales archaeon,2250255,GH149_04520,Rubredoxin,A0A6A8AI96_9EURY,45,https://alphafold.ebi.ac.uk/files/AF-A0A6A8AI96-F1-model_v6.cif
A0A6A8AP17,AF-A0A6A8AP17-F1,6,95.62,Methanosarcinales archaeon,2250255,GH149_01145,NAD-dependent epimerase/dehydratase family protein,A0A6A8AP17_9EURY,39,https://alphafold.ebi.ac.uk/files/AF-A0A6A8AP17-F1-model_v6.cif
A0A6A9T401,AF-A0A6A9T401-F1,6,95.06,Halapricum sp. CBA1109,2668068,GJ629_15520,KEOPS complex Pcc1-like subunit,A0A6A9T401_9EURY,46,https://alphafold.ebi.ac.uk/files/AF-A0A6A9T401-F1-model_v6.cif
A0A6B0HK18,AF-A0A6B0HK18-F1,6,95.0,Natrialba sp. INN-245,2690967,rpl39e,Large ribosomal subunit protein eL39,A0A6B0HK18_9EURY,50,https://alphafold.ebi.ac.uk/files/AF-A0A6B0HK18-F1-model_v6.cif
A0A6B9QZA6,AF-A0A6B9QZA6-F1,6,95.62,uncultured Candidatus Methanoperedens sp,1821055,mcrA,coenzyme-B sulfoethylthiotransferase,A0A6B9QZA6_9EURY,50,https://alphafold.ebi.ac.uk/files/AF-A0A6B9QZA6-F1-model_v6.cif
A0A6G3LQ52,AF-A0A6G3LQ52-F1,6,95.94,Acidilobus sp,1872109,GU345_02115,Uncharacterized protein,A0A6G3LQ52_9CREN,46,https://alphafold.ebi.ac.uk/files/AF-A0A6G3LQ52-F1-model_v6.cif
A0A6V8C9N9,AF-A0A6V8C9N9-F1,6,95.81,Candidatus Poseidoniales archaeon,2163009,D7I09_09630,Thioredoxin,A0A6V8C9N9_9ARCH,50,https://alphafold.ebi.ac.uk/files/AF-A0A6V8C9N9-F1-model_v6.cif
A0A6V8CBP4,AF-A0A6V8CBP4-F1,6,97.62,Candidatus Poseidoniales archaeon,2163009,D7I09_05920,Endonuclease III,A0A6V8CBP4_9ARCH,47,https://alphafold.ebi.ac.uk/files/AF-A0A6V8CBP4-F1-model_v6.cif
A0A6V8CC87,AF-A0A6V8CC87-F1,6,96.44,Candidatus Poseidoniales archaeon,2163009,D7I09_04940,SDR family oxidoreductase,A0A6V8CC87_9ARCH,40,https://alphafold.ebi.ac.uk/files/AF-A0A6V8CC87-F1-model_v6.cif
A0A6V8CDD8,AF-A0A6V8CDD8-F1,6,96.69,Candidatus Poseidoniales archaeon,2163009,D7I09_02910,NAD(P)(+) transhydrogenase (Re/Si-specific) subunit alpha,A0A6V8CDD8_9ARCH,50,https://alphafold.ebi.ac.uk/files/AF-A0A6V8CDD8-F1-model_v6.cif
A0A6V8CLY9,AF-A0A6V8CLY9-F1,6,96.94,Candidatus Poseidoniales archaeon,2163009,D7H86_01970,NADPH:quinone reductase,A0A6V8CLY9_9ARCH,43,https://alphafold.ebi.ac.uk/files/AF-A0A6V8CLY9-F1-model_v6.cif
A0A6V8CMT5,AF-A0A6V8CMT5-F1,6,96.75,Candidatus Poseidoniales archaeon,2163009,D7H90_06365,Phosphoribosylamine--glycine ligase,A0A6V8CMT5_9ARCH,49,https://alphafold.ebi.ac.uk/files/AF-A0A6V8CMT5-F1-model_v6.cif
A0A6V8CMX5,AF-A0A6V8CMX5-F1,6,95.56,Candidatus Poseidoniales archaeon,2163009,D7H90_06115,Malate dehydrogenase,A0A6V8CMX5_9ARCH,47,https://alphafold.ebi.ac.uk/files/AF-A0A6V8CMX5-F1-model_v6.cif
A0A6V8CN64,AF-A0A6V8CN64-F1,6,97.31,Candidatus Poseidoniales archaeon,2163009,D7H90_06765,nucleoside-diphosphate kinase,A0A6V8CN64_9ARCH,33,https://alphafold.ebi.ac.uk/files/AF-A0A6V8CN64-F1-model_v6.cif
A0A6V8CNG8,AF-A0A6V8CNG8-F1,6,97.56,Candidatus Poseidoniales archaeon,2163009,D7H90_06300,Adenosylhomocysteinase,A0A6V8CNG8_9ARCH,48,https://alphafold.ebi.ac.uk/files/AF-A0A6V8CNG8-F1-model_v6.cif
A0A6V8CNU4,AF-A0A6V8CNU4-F1,6,97.0,Candidatus Poseidoniales archaeon,2163009,D7H90_04515,Glutamate dehydrogenase,A0A6V8CNU4_9ARCH,45,https://alphafold.ebi.ac.uk/files/AF-A0A6V8CNU4-F1-model_v6.cif
A0A6V8CPX8,AF-A0A6V8CPX8-F1,6,95.06,Candidatus Poseidoniales archaeon,2163009,D7H90_02645,peptide-methionine (R)-S-oxide reductase,A0A6V8CPX8_9ARCH,46,https://alphafold.ebi.ac.uk/files/AF-A0A6V8CPX8-F1-model_v6.cif
A0A6V8CQS9,AF-A0A6V8CQS9-F1,6,96.69,Candidatus Poseidoniales archaeon,2163009,D7H90_01095,Malate dehydrogenase,A0A6V8CQS9_9ARCH,48,https://alphafold.ebi.ac.uk/files/AF-A0A6V8CQS9-F1-model_v6.cif
A0A6V8CR43,AF-A0A6V8CR43-F1,6,95.81,Candidatus Poseidoniales archaeon,2163009,D7H90_01835,Uncharacterized protein,A0A6V8CR43_9ARCH,36,https://alphafold.ebi.ac.uk/files/AF-A0A6V8CR43-F1-model_v6.cif
A0A6V8CTA7,AF-A0A6V8CTA7-F1,6,96.62,Candidatus Poseidoniales archaeon,2163009,D7H94_04135,FAD synthase,A0A6V8CTA7_9ARCH,43,https://alphafold.ebi.ac.uk/files/AF-A0A6V8CTA7-F1-model_v6.cif
A0A6V8CUM7,AF-A0A6V8CUM7-F1,6,96.31,Candidatus Poseidoniales archaeon,2163009,D7H85_06970,Trk system potassium transporter TrkA,A0A6V8CUM7_9ARCH,49,https://alphafold.ebi.ac.uk/files/AF-A0A6V8CUM7-F1-model_v6.cif
A0A6V8CZK2,AF-A0A6V8CZK2-F1,6,96.75,Candidatus Poseidoniales archaeon,2163009,D7H99_06670,FAD-binding protein,A0A6V8CZK2_9ARCH,34,https://alphafold.ebi.ac.uk/files/AF-A0A6V8CZK2-F1-model_v6.cif
A0A6V8D2T6,AF-A0A6V8D2T6-F1,6,96.62,Candidatus Poseidoniales archaeon,2163009,D7H85_00595,Class II fumarate hydratase,A0A6V8D2T6_9ARCH,49,https://alphafold.ebi.ac.uk/files/AF-A0A6V8D2T6-F1-model_v6.cif
A0A6V8D831,AF-A0A6V8D831-F1,6,95.94,Candidatus Poseidoniales archaeon,2163009,D7H95_02120,N(6)-L-threonylcarbamoyladenine synthase,A0A6V8D831_9ARCH,50,https://alphafold.ebi.ac.uk/files/AF-A0A6V8D831-F1-model_v6.cif
A0A6V8DL76,AF-A0A6V8DL76-F1,6,95.62,Candidatus Poseidoniales archaeon,2163009,D7H93_07395,UDP-N-acetylglucosamine pyrophosphorylase,A0A6V8DL76_9ARCH,41,https://alphafold.ebi.ac.uk/files/AF-A0A6V8DL76-F1-model_v6.cif
A0A6V8DQK0,AF-A0A6V8DQK0-F1,6,95.81,Candidatus Poseidoniales archaeon,2163009,D7H72_00325,leucine--tRNA ligase,A0A6V8DQK0_9ARCH,38,https://alphafold.ebi.ac.uk/files/AF-A0A6V8DQK0-F1-model_v6.cif
A0A6V8DTT4,AF-A0A6V8DTT4-F1,6,96.94,Candidatus Poseidoniales archaeon,2163009,D7H93_01695,nucleoside-diphosphate kinase,A0A6V8DTT4_9ARCH,34,https://alphafold.ebi.ac.uk/files/AF-A0A6V8DTT4-F1-model_v6.cif
A0A6V8DZ60,AF-A0A6V8DZ60-F1,6,95.62,Candidatus Poseidoniales archaeon,2163009,D7H87_03815,EVE domain-containing protein,A0A6V8DZ60_9ARCH,40,https://alphafold.ebi.ac.uk/files/AF-A0A6V8DZ60-F1-model_v6.cif
A0A6V8E1N8,AF-A0A6V8E1N8-F1,6,96.12,Candidatus Poseidoniales archaeon,2163009,D7H87_00105,Ribonuclease Z,A0A6V8E1N8_9ARCH,45,https://alphafold.ebi.ac.uk/files/AF-A0A6V8E1N8-F1-model_v6.cif
A0A6V8E4D6,AF-A0A6V8E4D6-F1,6,96.38,Candidatus Poseidoniales archaeon,2163009,D7I11_05605,Lipoyl-binding domain-containing protein,A0A6V8E4D6_9ARCH,49,https://alphafold.ebi.ac.uk/files/AF-A0A6V8E4D6-F1-model_v6.cif
A0A6V8E5D1,AF-A0A6V8E5D1-F1,6,95.94,Candidatus Poseidoniales archaeon,2163009,D7H84_02080,Dihydroneopterin aldolase,A0A6V8E5D1_9ARCH,38,https://alphafold.ebi.ac.uk/files/AF-A0A6V8E5D1-F1-model_v6.cif
A0A6V8E729,AF-A0A6V8E729-F1,6,95.88,Candidatus Poseidoniales archaeon,2163009,D7I11_02985,Glucose-1-phosphate thymidylyltransferase,A0A6V8E729_9ARCH,47,https://alphafold.ebi.ac.uk/files/AF-A0A6V8E729-F1-model_v6.cif
A0A6V8ERQ8,AF-A0A6V8ERQ8-F1,6,96.38,Candidatus Poseidoniales archaeon,2163009,D7I12_05700,Adenylosuccinate synthase,A0A6V8ERQ8_9ARCH,42,https://alphafold.ebi.ac.uk/files/AF-A0A6V8ERQ8-F1-model_v6.cif
A0A6V8ESH0,AF-A0A6V8ESH0-F1,6,95.94,Candidatus Poseidoniales archaeon,2163009,D7I12_04695,Thioredoxin-disulfide reductase,A0A6V8ESH0_9ARCH,41,https://alphafold.ebi.ac.uk/files/AF-A0A6V8ESH0-F1-model_v6.cif
A0A6V8ESU9,AF-A0A6V8ESU9-F1,6,96.12,Candidatus Poseidoniales archaeon,2163009,D7I12_04420,7-carboxy-7-deazaguanine synthase QueE,A0A6V8ESU9_9ARCH,42,https://alphafold.ebi.ac.uk/files/AF-A0A6V8ESU9-F1-model_v6.cif
A0A6V8EWF7,AF-A0A6V8EWF7-F1,6,95.81,Candidatus Poseidoniales archaeon,2163009,D7I16_01580,DNA-formamidopyrimidine glycosylase,A0A6V8EWF7_9ARCH,47,https://alphafold.ebi.ac.uk/files/AF-A0A6V8EWF7-F1-model_v6.cif
A0A6V8EWP6,AF-A0A6V8EWP6-F1,6,96.88,Candidatus Poseidoniales archaeon,2163009,D7I16_01455,HEAT repeat domain-containing protein,A0A6V8EWP6_9ARCH,50,https://alphafold.ebi.ac.uk/files/AF-A0A6V8EWP6-F1-model_v6.cif
A0A6V8EXG4,AF-A0A6V8EXG4-F1,6,97.12,Candidatus Poseidoniales archaeon,2163009,D7I16_00700,peptidylprolyl isomerase,A0A6V8EXG4_9ARCH,50,https://alphafold.ebi.ac.uk/files/AF-A0A6V8EXG4-F1-model_v6.cif
A0A7C0XQX0,AF-A0A7C0XQX0-F1,6,95.62,Acidilobales archaeon,2268176,ENG05_01695,Glycine cleavage system protein H,A0A7C0XQX0_9CREN,48,https://alphafold.ebi.ac.uk/files/AF-A0A7C0XQX0-F1-model_v6.cif
A0A7C0XZN5,AF-A0A7C0XZN5-F1,6,97.31,Acidilobales archaeon,2268176,ENF75_03615,2Fe-2S iron-sulfur cluster binding domain-containing protein,A0A7C0XZN5_9CREN,48,https://alphafold.ebi.ac.uk/files/AF-A0A7C0XZN5-F1-model_v6.cif
A0A7C0Y320,AF-A0A7C0Y320-F1,6,96.62,Acidilobales archaeon,2268176,ENF75_02320,Mevalonate kinase,A0A7C0Y320_9CREN,36,https://alphafold.ebi.ac.uk/files/AF-A0A7C0Y320-F1-model_v6.cif
A0A7C1BUZ8,AF-A0A7C1BUZ8-F1,6,97.25,Acidilobales archaeon,2268176,ENG05_01585,ATP-binding protein,A0A7C1BUZ8_9CREN,31,https://alphafold.ebi.ac.uk/files/AF-A0A7C1BUZ8-F1-model_v6.cif
A0A7C1M065,AF-A0A7C1M065-F1,6,97.25,archaeon,1906665,argC,N-acetyl-gamma-glutamyl-phosphate reductase,A0A7C1M065_UNCAD,35,https://alphafold.ebi.ac.uk/files/AF-A0A7C1M065-F1-model_v6.cif
A0A7C1M999,AF-A0A7C1M999-F1,6,95.94,Candidatus Pacearchaeota archaeon,2026773,ENH46_00755,DUF433 domain-containing protein,A0A7C1M999_9ARCH,49,https://alphafold.ebi.ac.uk/files/AF-A0A7C1M999-F1-model_v6.cif
A0A7C1R072,AF-A0A7C1R072-F1,6,96.06,archaeon,1906665,ENH73_07210,3-isopropylmalate dehydratase large subunit,A0A7C1R072_UNCAD,42,https://alphafold.ebi.ac.uk/files/AF-A0A7C1R072-F1-model_v6.cif
A0A7C1R7R2,AF-A0A7C1R7R2-F1,6,96.62,archaeon,1906665,ENH73_08430,Rubredoxin,A0A7C1R7R2_UNCAD,45,https://alphafold.ebi.ac.uk/files/AF-A0A7C1R7R2-F1-model_v6.cif
A0A7C2AFH7,AF-A0A7C2AFH7-F1,6,95.62,Thermofilum sp,1961369,ENP66_04525,Ribulose bisphosphate carboxylase large subunit C-terminal domain-containing protein,A0A7C2AFH7_9CREN,39,https://alphafold.ebi.ac.uk/files/AF-A0A7C2AFH7-F1-model_v6.cif
A0A7C2DAU6,AF-A0A7C2DAU6-F1,6,97.75,Candidatus Aenigmatarchaeota archaeon,3121606,rpl13p,50S ribosomal protein L13,A0A7C2DAU6_9ARCH,31,https://alphafold.ebi.ac.uk/files/AF-A0A7C2DAU6-F1-model_v6.cif
A0A7C2GI08,AF-A0A7C2GI08-F1,6,96.5,Candidatus Bathyarchaeota archaeon,2026714,ENP43_05245,Lrp/AsnC family transcriptional regulator,A0A7C2GI08_9ARCH,42,https://alphafold.ebi.ac.uk/files/AF-A0A7C2GI08-F1-model_v6.cif
A0A7C2L465,AF-A0A7C2L465-F1,6,95.44,Nitrososphaeria archaeon,2268198,ENP21_04995,pyruvate synthase,A0A7C2L465_9ARCH,41,https://alphafold.ebi.ac.uk/files/AF-A0A7C2L465-F1-model_v6.cif
A0A7C2QK30,AF-A0A7C2QK30-F1,6,95.5,Thermofilum sp,1961369,ENN82_07895,HEPN domain-containing protein,A0A7C2QK30_9CREN,49,https://alphafold.ebi.ac.uk/files/AF-A0A7C2QK30-F1-model_v6.cif
A0A7C2QRH1,AF-A0A7C2QRH1-F1,6,95.19,Thermofilum sp,1961369,ENN82_08520,Sugar phosphate isomerase/epimerase,A0A7C2QRH1_9CREN,50,https://alphafold.ebi.ac.uk/files/AF-A0A7C2QRH1-F1-model_v6.cif
A0A7C2VVD2,AF-A0A7C2VVD2-F1,6,96.44,Candidatus Bathyarchaeota archaeon,2026714,ENG57_08040,Flavodoxin family protein,A0A7C2VVD2_9ARCH,43,https://alphafold.ebi.ac.uk/files/AF-A0A7C2VVD2-F1-model_v6.cif
A0A7C3M2E6,AF-A0A7C3M2E6-F1,6,95.19,Candidatus Aenigmatarchaeota archaeon,3121606,ENW91_00790,Histone,A0A7C3M2E6_9ARCH,40,https://alphafold.ebi.ac.uk/files/AF-A0A7C3M2E6-F1-model_v6.cif
A0A7C3QTI1,AF-A0A7C3QTI1-F1,6,96.12,Desulfurococcaceae archaeon,2184738,ENX99_00315,3-phosphoglycerate dehydrogenase,A0A7C3QTI1_9CREN,44,https://alphafold.ebi.ac.uk/files/AF-A0A7C3QTI1-F1-model_v6.cif
A0A7C3S3R7,AF-A0A7C3S3R7-F1,6,96.12,Candidatus Bathyarchaeota archaeon,2026714,ENV21_03690,HEPN domain-containing protein,A0A7C3S3R7_9ARCH,40,https://alphafold.ebi.ac.uk/files/AF-A0A7C3S3R7-F1-model_v6.cif
A0A7C3S9L1,AF-A0A7C3S9L1-F1,6,95.88,Candidatus Bathyarchaeota archaeon,2026714,ENV21_02240,Gfo/Idh/MocA-like oxidoreductase N-terminal domain-containing protein,A0A7C3S9L1_9ARCH,48,https://alphafold.ebi.ac.uk/files/AF-A0A7C3S9L1-F1-model_v6.cif
A0A7C3SKL2,AF-A0A7C3SKL2-F1,6,96.38,Thermofilum pendens,2269,ENV88_01955,PIN domain-containing protein,A0A7C3SKL2_THEPE,47,https://alphafold.ebi.ac.uk/files/AF-A0A7C3SKL2-F1-model_v6.cif
A0A7C3SL62,AF-A0A7C3SL62-F1,6,95.88,Thermofilum pendens,2269,ENV88_03650,Peptidase M28,A0A7C3SL62_THEPE,39,https://alphafold.ebi.ac.uk/files/AF-A0A7C3SL62-F1-model_v6.cif
A0A7C3SRL8,AF-A0A7C3SRL8-F1,6,95.75,Candidatus Bathyarchaeota archaeon,2026714,ENV36_04240,Gfo/Idh/MocA family oxidoreductase,A0A7C3SRL8_9ARCH,37,https://alphafold.ebi.ac.uk/files/AF-A0A7C3SRL8-F1-model_v6.cif
A0A7C3TX69,AF-A0A7C3TX69-F1,6,96.69,Hadesarchaea archaeon,2250276,ENX37_03085,Nucleoside-diphosphate kinase,A0A7C3TX69_9ARCH,33,https://alphafold.ebi.ac.uk/files/AF-A0A7C3TX69-F1-model_v6.cif
A0A7C3V221,AF-A0A7C3V221-F1,6,95.69,Micrarchaeota archaeon,2250274,ENX28_04325,Phosphoribosylformylglycinamidine synthase,A0A7C3V221_UNCMH,32,https://alphafold.ebi.ac.uk/files/AF-A0A7C3V221-F1-model_v6.cif
A0A7C3V662,AF-A0A7C3V662-F1,6,97.38,Candidatus Bathyarchaeota archaeon,2026714,ENX75_02730,Peroxiredoxin,A0A7C3V662_9ARCH,47,https://alphafold.ebi.ac.uk/files/AF-A0A7C3V662-F1-model_v6.cif
A0A7C3V6M1,AF-A0A7C3V6M1-F1,6,96.75,Candidatus Bathyarchaeota archaeon,2026714,ENX75_03035,ATP-binding cassette domain-containing protein,A0A7C3V6M1_9ARCH,40,https://alphafold.ebi.ac.uk/files/AF-A0A7C3V6M1-F1-model_v6.cif
A0A7C3VBE0,AF-A0A7C3VBE0-F1,6,96.0,Archaeoglobus fulgidus,2234,ENR21_02950,Translin,A0A7C3VBE0_ARCFL,42,https://alphafold.ebi.ac.uk/files/AF-A0A7C3VBE0-F1-model_v6.cif
A0A7C3VLX4,AF-A0A7C3VLX4-F1,6,95.12,Archaeoglobus fulgidus,2234,ENR21_02415,Acetyl-CoA C-acyltransferase,A0A7C3VLX4_ARCFL,42,https://alphafold.ebi.ac.uk/files/AF-A0A7C3VLX4-F1-model_v6.cif
A0A7C3WCV6,AF-A0A7C3WCV6-F1,6,95.5,Candidatus Aenigmatarchaeota archaeon,3121606,ENX79_01155,TNase-like domain-containing protein,A0A7C3WCV6_9ARCH,41,https://alphafold.ebi.ac.uk/files/AF-A0A7C3WCV6-F1-model_v6.cif
A0A7C3YB50,AF-A0A7C3YB50-F1,6,96.69,Candidatus Aenigmatarchaeota archaeon,3121606,ENX82_00315,Methionine--tRNA ligase,A0A7C3YB50_9ARCH,42,https://alphafold.ebi.ac.uk/files/AF-A0A7C3YB50-F1-model_v6.cif
A0A7C4BA98,AF-A0A7C4BA98-F1,6,95.12,Thermofilum pendens,2269,ENV17_06945,Methionine adenosyltransferase,A0A7C4BA98_THEPE,46,https://alphafold.ebi.ac.uk/files/AF-A0A7C4BA98-F1-model_v6.cif
A0A7C4BAF9,AF-A0A7C4BAF9-F1,6,96.0,Thermofilum pendens,2269,ENV17_05995,Glutamine-hydrolyzing GMP synthase subunit GuaA,A0A7C4BAF9_THEPE,38,https://alphafold.ebi.ac.uk/files/AF-A0A7C4BAF9-F1-model_v6.cif
A0A7C4BEL2,AF-A0A7C4BEL2-F1,6,96.88,Hadesarchaea archaeon,2250276,ENV01_04845,UDP-glucuronate decarboxylase,A0A7C4BEL2_9ARCH,49,https://alphafold.ebi.ac.uk/files/AF-A0A7C4BEL2-F1-model_v6.cif
A0A7C4C6T0,AF-A0A7C4C6T0-F1,6,97.0,Candidatus Bathyarchaeota archaeon,2026714,ENU63_03080,Nitroreductase domain-containing protein,A0A7C4C6T0_9ARCH,49,https://alphafold.ebi.ac.uk/files/AF-A0A7C4C6T0-F1-model_v6.cif
A0A7C4C740,AF-A0A7C4C740-F1,6,96.44,Candidatus Bathyarchaeota archaeon,2026714,ENU63_04235,TIGR00289 family protein,A0A7C4C740_9ARCH,42,https://alphafold.ebi.ac.uk/files/AF-A0A7C4C740-F1-model_v6.cif
A0A7C4CKX8,AF-A0A7C4CKX8-F1,6,95.19,Nitrososphaeria archaeon,2268198,ENU61_08170,HEPN domain-containing protein,A0A7C4CKX8_9ARCH,46,https://alphafold.ebi.ac.uk/files/AF-A0A7C4CKX8-F1-model_v6.cif
A0A7C4CNR5,AF-A0A7C4CNR5-F1,6,95.69,Candidatus Bathyarchaeota archaeon,2026714,ENU49_03265,Uncharacterized protein,A0A7C4CNR5_9ARCH,26,https://alphafold.ebi.ac.uk/files/AF-A0A7C4CNR5-F1-model_v6.cif
A0A7C4CNU0,AF-A0A7C4CNU0-F1,6,95.56,Candidatus Bathyarchaeota archaeon,2026714,ENU02_06640,Thiolase domain-containing protein,A0A7C4CNU0_9ARCH,42,https://alphafold.ebi.ac.uk/files/AF-A0A7C4CNU0-F1-model_v6.cif
A0A7C4CQ25,AF-A0A7C4CQ25-F1,6,96.44,Candidatus Bathyarchaeota archaeon,2026714,hisB,Imidazoleglycerol-phosphate dehydratase,A0A7C4CQ25_9ARCH,47,https://alphafold.ebi.ac.uk/files/AF-A0A7C4CQ25-F1-model_v6.cif
A0A7C4CRC4,AF-A0A7C4CRC4-F1,6,95.31,Candidatus Bathyarchaeota archaeon,2026714,ENU49_07860,UDP-N-acetyl-D-glucosamine dehydrogenase,A0A7C4CRC4_9ARCH,49,https://alphafold.ebi.ac.uk/files/AF-A0A7C4CRC4-F1-model_v6.cif
A0A7C4CV75,AF-A0A7C4CV75-F1,6,95.94,Candidatus Bathyarchaeota archaeon,2026714,aksA,Homoaconitate hydratase,A0A7C4CV75_9ARCH,40,https://alphafold.ebi.ac.uk/files/AF-A0A7C4CV75-F1-model_v6.cif
A0A7C4CVP5,AF-A0A7C4CVP5-F1,6,96.25,Nitrososphaeria archaeon,2268198,ENU32_00570,Nitroreductase family protein,A0A7C4CVP5_9ARCH,39,https://alphafold.ebi.ac.uk/files/AF-A0A7C4CVP5-F1-model_v6.cif
A0A7C4D0G5,AF-A0A7C4D0G5-F1,6,97.19,Candidatus Methanomethylicus sp,2282147,ENU29_01100,acylphosphatase,A0A7C4D0G5_9ARCH,41,https://alphafold.ebi.ac.uk/files/AF-A0A7C4D0G5-F1-model_v6.cif
A0A7C4D0I2,AF-A0A7C4D0I2-F1,6,95.25,Ignisphaera aggregans,334771,ENU31_02500,Phosphoribosylanthranilate isomerase,A0A7C4D0I2_9CREN,45,https://alphafold.ebi.ac.uk/files/AF-A0A7C4D0I2-F1-model_v6.cif
A0A7C4D0Z0,AF-A0A7C4D0Z0-F1,6,95.19,Ignisphaera aggregans,334771,ENU31_03830,Acetyl CoA synthetase,A0A7C4D0Z0_9CREN,50,https://alphafold.ebi.ac.uk/files/AF-A0A7C4D0Z0-F1-model_v6.cif
A0A7C4D2B3,AF-A0A7C4D2B3-F1,6,96.62,Candidatus Methanomethylicus sp,2282147,ENU29_03350,GTPase,A0A7C4D2B3_9ARCH,38,https://alphafold.ebi.ac.uk/files/AF-A0A7C4D2B3-F1-model_v6.cif
A0A7C4D2X1,AF-A0A7C4D2X1-F1,6,96.38,Thermofilum pendens,2269,ENU21_01795,Biotin protein ligase C-terminal domain-containing protein,A0A7C4D2X1_THEPE,43,https://alphafold.ebi.ac.uk/files/AF-A0A7C4D2X1-F1-model_v6.cif
A0A7C4D3B7,AF-A0A7C4D3B7-F1,6,96.88,Candidatus Bathyarchaeota archaeon,2026714,ENU26_02775,Nucleotidyltransferase domain-containing protein,A0A7C4D3B7_9ARCH,42,https://alphafold.ebi.ac.uk/files/AF-A0A7C4D3B7-F1-model_v6.cif
A0A7C4D481,AF-A0A7C4D481-F1,6,96.12,Candidatus Bathyarchaeota archaeon,2026714,ENU26_05745,inorganic diphosphatase,A0A7C4D481_9ARCH,44,https://alphafold.ebi.ac.uk/files/AF-A0A7C4D481-F1-model_v6.cif
A0A7C4D4U5,AF-A0A7C4D4U5-F1,6,97.5,Candidatus Bathyarchaeota archaeon,2026714,ENU26_08385,Peroxiredoxin,A0A7C4D4U5_9ARCH,39,https://alphafold.ebi.ac.uk/files/AF-A0A7C4D4U5-F1-model_v6.cif
A0A7C4DB51,AF-A0A7C4DB51-F1,6,95.69,Candidatus Bathyarchaeota archaeon,2026714,ENU13_06130,Cupin domain-containing protein,A0A7C4DB51_9ARCH,42,https://alphafold.ebi.ac.uk/files/AF-A0A7C4DB51-F1-model_v6.cif
A0A7C4DVK1,AF-A0A7C4DVK1-F1,6,95.94,Candidatus Bathyarchaeota archaeon,2026714,ENT69_02865,GH10 domain-containing protein,A0A7C4DVK1_9ARCH,48,https://alphafold.ebi.ac.uk/files/AF-A0A7C4DVK1-F1-model_v6.cif
A0A7C4DZ89,AF-A0A7C4DZ89-F1,6,96.62,Caldiarchaeum subterraneum,311458,ENT82_01435,tRNA(Ile2) 2-agmatinylcytidine synthetase,A0A7C4DZ89_CALS0,43,https://alphafold.ebi.ac.uk/files/AF-A0A7C4DZ89-F1-model_v6.cif
A0A7C4F165,AF-A0A7C4F165-F1,6,96.06,Hadesarchaea archaeon,2250276,ENV40_00220,Shikimate dehydrogenase,A0A7C4F165_9ARCH,46,https://alphafold.ebi.ac.uk/files/AF-A0A7C4F165-F1-model_v6.cif
A0A7C4FBN7,AF-A0A7C4FBN7-F1,6,96.06,Candidatus Bathyarchaeota archaeon,2026714,ENV18_04415,DegT/DnrJ/EryC1/StrS aminotransferase family protein,A0A7C4FBN7_9ARCH,48,https://alphafold.ebi.ac.uk/files/AF-A0A7C4FBN7-F1-model_v6.cif
A0A7C4FEM6,AF-A0A7C4FEM6-F1,6,96.06,Hadesarchaea archaeon,2250276,ENV01_04550,Phosphotransferase,A0A7C4FEM6_9ARCH,38,https://alphafold.ebi.ac.uk/files/AF-A0A7C4FEM6-F1-model_v6.cif
A0A7C4GES3,AF-A0A7C4GES3-F1,6,95.12,Candidatus Aenigmatarchaeota archaeon,3121606,ENU73_01455,Uncharacterized protein,A0A7C4GES3_9ARCH,35,https://alphafold.ebi.ac.uk/files/AF-A0A7C4GES3-F1-model_v6.cif
A0A7C4GGW0,AF-A0A7C4GGW0-F1,6,95.75,Thermoproteota archaeon,2056631,ENU98_04425,FAD-binding protein,A0A7C4GGW0_9CREN,36,https://alphafold.ebi.ac.uk/files/AF-A0A7C4GGW0-F1-model_v6.cif
A0A7C4GN29,AF-A0A7C4GN29-F1,6,97.56,Thermoproteota archaeon,2056631,ENU98_04660,FAD-binding domain-containing protein,A0A7C4GN29_9CREN,32,https://alphafold.ebi.ac.uk/files/AF-A0A7C4GN29-F1-model_v6.cif
A0A7C4GR21,AF-A0A7C4GR21-F1,6,95.88,Candidatus Bathyarchaeota archaeon,2026714,ENU49_09035,Fumarate hydratase,A0A7C4GR21_9ARCH,48,https://alphafold.ebi.ac.uk/files/AF-A0A7C4GR21-F1-model_v6.cif
A0A7C4GSI3,AF-A0A7C4GSI3-F1,6,96.75,Nitrososphaeria archaeon,2268198,ENU61_08110,"Ribose 1,5-bisphosphate isomerase",A0A7C4GSI3_9ARCH,44,https://alphafold.ebi.ac.uk/files/AF-A0A7C4GSI3-F1-model_v6.cif
A0A7C4GSQ4,AF-A0A7C4GSQ4-F1,6,97.06,Candidatus Bathyarchaeota archaeon,2026714,ENU49_10675,Molybdenum cofactor biosynthesis protein,A0A7C4GSQ4_9ARCH,29,https://alphafold.ebi.ac.uk/files/AF-A0A7C4GSQ4-F1-model_v6.cif
A0A7C4GW05,AF-A0A7C4GW05-F1,6,96.75,Candidatus Bathyarchaeota archaeon,2026714,ENU49_10480,Pyruvoyl-dependent arginine decarboxylase,A0A7C4GW05_9ARCH,33,https://alphafold.ebi.ac.uk/files/AF-A0A7C4GW05-F1-model_v6.cif
A0A7C4H0M2,AF-A0A7C4H0M2-F1,6,97.56,Candidatus Bathyarchaeota archaeon,2026714,ENT70_06035,acylphosphatase,A0A7C4H0M2_9ARCH,49,https://alphafold.ebi.ac.uk/files/AF-A0A7C4H0M2-F1-model_v6.cif
A0A7C4H515,AF-A0A7C4H515-F1,6,95.06,Candidatus Bathyarchaeota archaeon,2026714,ENU26_00940,ATP-cone domain-containing protein,A0A7C4H515_9ARCH,33,https://alphafold.ebi.ac.uk/files/AF-A0A7C4H515-F1-model_v6.cif
A0A7C4H7N1,AF-A0A7C4H7N1-F1,6,96.44,Candidatus Bathyarchaeota archaeon,2026714,ENU26_02300,Ferritin,A0A7C4H7N1_9ARCH,37,https://alphafold.ebi.ac.uk/files/AF-A0A7C4H7N1-F1-model_v6.cif
A0A7C4HAL7,AF-A0A7C4HAL7-F1,6,95.25,Candidatus Bathyarchaeota archaeon,2026714,ENU13_01450,FAD-dependent oxidoreductase,A0A7C4HAL7_9ARCH,41,https://alphafold.ebi.ac.uk/files/AF-A0A7C4HAL7-F1-model_v6.cif
A0A7C4HDC8,AF-A0A7C4HDC8-F1,6,96.88,Candidatus Bathyarchaeota archaeon,2026714,ENU13_09650,Flavodoxin family protein,A0A7C4HDC8_9ARCH,38,https://alphafold.ebi.ac.uk/files/AF-A0A7C4HDC8-F1-model_v6.cif
A0A7C4HL71,AF-A0A7C4HL71-F1,6,96.06,Candidatus Bathyarchaeota archaeon,2026714,ENU07_01010,Phosphopantetheine adenylyltransferase,A0A7C4HL71_9ARCH,49,https://alphafold.ebi.ac.uk/files/AF-A0A7C4HL71-F1-model_v6.cif
A0A7C4HU33,AF-A0A7C4HU33-F1,6,97.0,Candidatus Bathyarchaeota archaeon,2026714,ENT69_01190,Universal stress protein,A0A7C4HU33_9ARCH,42,https://alphafold.ebi.ac.uk/files/AF-A0A7C4HU33-F1-model_v6.cif
A0A7C4HZJ5,AF-A0A7C4HZJ5-F1,6,95.19,Candidatus Bathyarchaeota archaeon,2026714,ENT69_03840,16S rRNA methyltransferase,A0A7C4HZJ5_9ARCH,45,https://alphafold.ebi.ac.uk/files/AF-A0A7C4HZJ5-F1-model_v6.cif
A0A7C4JB99,AF-A0A7C4JB99-F1,6,96.81,Hadesarchaea archaeon,2250276,ENU56_05340,Uncharacterized protein,A0A7C4JB99_9ARCH,47,https://alphafold.ebi.ac.uk/files/AF-A0A7C4JB99-F1-model_v6.cif
A0A7C4JMT3,AF-A0A7C4JMT3-F1,6,96.0,Nitrososphaeria archaeon,2268198,ENT85_02345,Isocitrate/isopropylmalate dehydrogenase family protein,A0A7C4JMT3_9ARCH,47,https://alphafold.ebi.ac.uk/files/AF-A0A7C4JMT3-F1-model_v6.cif
A0A7C4JNN4,AF-A0A7C4JNN4-F1,6,96.19,Nitrososphaeria archaeon,2268198,ENT85_01960,HEPN domain-containing protein,A0A7C4JNN4_9ARCH,39,https://alphafold.ebi.ac.uk/files/AF-A0A7C4JNN4-F1-model_v6.cif
A0A7C4KXK7,AF-A0A7C4KXK7-F1,6,96.06,Candidatus Methanomethylicus sp,2282147,ENT10_04175,Cyclophilin TM1367-like domain-containing protein,A0A7C4KXK7_9ARCH,48,https://alphafold.ebi.ac.uk/files/AF-A0A7C4KXK7-F1-model_v6.cif
A0A7C4M5D4,AF-A0A7C4M5D4-F1,6,95.31,Candidatus Bathyarchaeota archaeon,2026714,ENU62_00735,DNA replication and repair protein RecF,A0A7C4M5D4_9ARCH,44,https://alphafold.ebi.ac.uk/files/AF-A0A7C4M5D4-F1-model_v6.cif
A0A7C4M8L5,AF-A0A7C4M8L5-F1,6,95.0,Nitrososphaeria archaeon,2268198,ENT44_06400,N-acetyl-gamma-glutamyl-phosphate reductase,A0A7C4M8L5_9ARCH,45,https://alphafold.ebi.ac.uk/files/AF-A0A7C4M8L5-F1-model_v6.cif
A0A7C4M8N8,AF-A0A7C4M8N8-F1,6,95.81,Candidatus Bathyarchaeota archaeon,2026714,ENU83_03615,glucose-1-phosphate thymidylyltransferase,A0A7C4M8N8_9ARCH,50,https://alphafold.ebi.ac.uk/files/AF-A0A7C4M8N8-F1-model_v6.cif
A0A7C4MCQ5,AF-A0A7C4MCQ5-F1,6,95.06,Candidatus Bathyarchaeota archaeon,2026714,ENU83_01480,ATP-binding cassette domain-containing protein,A0A7C4MCQ5_9ARCH,42,https://alphafold.ebi.ac.uk/files/AF-A0A7C4MCQ5-F1-model_v6.cif
A0A7C4MCW4,AF-A0A7C4MCW4-F1,6,95.81,Candidatus Bathyarchaeota archaeon,2026714,ENU83_20055,Sugar ABC transporter ATP-binding protein,A0A7C4MCW4_9ARCH,39,https://alphafold.ebi.ac.uk/files/AF-A0A7C4MCW4-F1-model_v6.cif
A0A7C4MFI0,AF-A0A7C4MFI0-F1,6,95.44,Candidatus Bathyarchaeota archaeon,2026714,ENU83_10355,"dTDP-glucose 4,6-dehydratase",A0A7C4MFI0_9ARCH,40,https://alphafold.ebi.ac.uk/files/AF-A0A7C4MFI0-F1-model_v6.cif
A0A7C4NC93,AF-A0A7C4NC93-F1,6,95.25,Hadesarchaea archaeon,2250276,ENU56_04440,Homoserine dehydrogenase,A0A7C4NC93_9ARCH,48,https://alphafold.ebi.ac.uk/files/AF-A0A7C4NC93-F1-model_v6.cif
A0A7C4NEZ2,AF-A0A7C4NEZ2-F1,6,95.38,Candidatus Bathyarchaeota archaeon,2026714,ENU35_02035,Ribose-phosphate pyrophosphokinase,A0A7C4NEZ2_9ARCH,49,https://alphafold.ebi.ac.uk/files/AF-A0A7C4NEZ2-F1-model_v6.cif
A0A7C4NIQ4,AF-A0A7C4NIQ4-F1,6,95.69,Candidatus Bathyarchaeota archaeon,2026714,ENU42_01945,Transcription regulator PadR N-terminal domain-containing protein,A0A7C4NIQ4_9ARCH,50,https://alphafold.ebi.ac.uk/files/AF-A0A7C4NIQ4-F1-model_v6.cif
A0A7C4NIY2,AF-A0A7C4NIY2-F1,6,97.38,Candidatus Bathyarchaeota archaeon,2026714,ENU25_04675,HEPN domain-containing protein,A0A7C4NIY2_9ARCH,38,https://alphafold.ebi.ac.uk/files/AF-A0A7C4NIY2-F1-model_v6.cif
A0A7C4NQE1,AF-A0A7C4NQE1-F1,6,95.69,Nitrososphaeria archaeon,2268198,ENT85_02995,Thiolase domain-containing protein,A0A7C4NQE1_9ARCH,40,https://alphafold.ebi.ac.uk/files/AF-A0A7C4NQE1-F1-model_v6.cif
A0A7C4PVJ1,AF-A0A7C4PVJ1-F1,6,96.88,Candidatus Methanomethylicus sp,2282147,egsA,NAD(P)-dependent glycerol-1-phosphate dehydrogenase,A0A7C4PVJ1_9ARCH,41,https://alphafold.ebi.ac.uk/files/AF-A0A7C4PVJ1-F1-model_v6.cif
A0A7C4PZ72,AF-A0A7C4PZ72-F1,6,96.31,Candidatus Methanomethylicus sp,2282147,ENT10_02550,Uncharacterized protein,A0A7C4PZ72_9ARCH,42,https://alphafold.ebi.ac.uk/files/AF-A0A7C4PZ72-F1-model_v6.cif
A0A7C4Q0N0,AF-A0A7C4Q0N0-F1,6,95.88,Candidatus Methanomethylicus sp,2282147,ENT10_01750,Glycosyltransferase,A0A7C4Q0N0_9ARCH,42,https://alphafold.ebi.ac.uk/files/AF-A0A7C4Q0N0-F1-model_v6.cif
A0A7C4R5B6,AF-A0A7C4R5B6-F1,6,95.62,Candidatus Bathyarchaeota archaeon,2026714,ENU83_07235,Aldo/keto reductase,A0A7C4R5B6_9ARCH,42,https://alphafold.ebi.ac.uk/files/AF-A0A7C4R5B6-F1-model_v6.cif
A0A7C4R964,AF-A0A7C4R964-F1,6,96.31,Nitrososphaeria archaeon,2268198,ENT44_05300,CoA transferase,A0A7C4R964_9ARCH,46,https://alphafold.ebi.ac.uk/files/AF-A0A7C4R964-F1-model_v6.cif
A0A7C4RCS8,AF-A0A7C4RCS8-F1,6,95.94,Candidatus Bathyarchaeota archaeon,2026714,ENU62_01325,CoA transferase,A0A7C4RCS8_9ARCH,42,https://alphafold.ebi.ac.uk/files/AF-A0A7C4RCS8-F1-model_v6.cif
A0A7C4S1G2,AF-A0A7C4S1G2-F1,6,97.5,Candidatus Bathyarchaeota archaeon,2026714,ENT58_03975,DNA cytosine methyltransferase,A0A7C4S1G2_9ARCH,50,https://alphafold.ebi.ac.uk/files/AF-A0A7C4S1G2-F1-model_v6.cif
A0A7C4S653,AF-A0A7C4S653-F1,6,97.88,Geoglobus ahangari,113653,ENT89_03750,HEPN domain-containing protein,A0A7C4S653_9EURY,48,https://alphafold.ebi.ac.uk/files/AF-A0A7C4S653-F1-model_v6.cif
A0A7C4S8S6,AF-A0A7C4S8S6-F1,6,95.06,Nitrososphaeria archaeon,2268198,ENU85_07305,SDR family oxidoreductase,A0A7C4S8S6_9ARCH,44,https://alphafold.ebi.ac.uk/files/AF-A0A7C4S8S6-F1-model_v6.cif
A0A7C4THQ3,AF-A0A7C4THQ3-F1,6,95.0,Acidilobales archaeon,2268176,ENV03_00380,peptidyl-tRNA hydrolase,A0A7C4THQ3_9CREN,45,https://alphafold.ebi.ac.uk/files/AF-A0A7C4THQ3-F1-model_v6.cif
A0A7C4TUE3,AF-A0A7C4TUE3-F1,6,95.06,Candidatus Bathyarchaeota archaeon,2026714,ENV12_02440,Methionine--tRNA ligase,A0A7C4TUE3_9ARCH,39,https://alphafold.ebi.ac.uk/files/AF-A0A7C4TUE3-F1-model_v6.cif
A0A7C4VDL7,AF-A0A7C4VDL7-F1,6,95.19,Candidatus Woesearchaeota archaeon,2026803,ENR30_04060,Diphthine synthase,A0A7C4VDL7_9ARCH,35,https://alphafold.ebi.ac.uk/files/AF-A0A7C4VDL7-F1-model_v6.cif
A0A7C4VJN0,AF-A0A7C4VJN0-F1,6,96.19,Candidatus Bathyarchaeota archaeon,2026714,ENW39_26550,Desulfoferrodoxin FeS4 iron-binding domain-containing protein,A0A7C4VJN0_9ARCH,39,https://alphafold.ebi.ac.uk/files/AF-A0A7C4VJN0-F1-model_v6.cif
A0A7C4VQX9,AF-A0A7C4VQX9-F1,6,95.38,Candidatus Bathyarchaeota archaeon,2026714,ENW39_15710,Branched-chain amino acid aminotransferase,A0A7C4VQX9_9ARCH,48,https://alphafold.ebi.ac.uk/files/AF-A0A7C4VQX9-F1-model_v6.cif
A0A7C4W5I9,AF-A0A7C4W5I9-F1,6,96.56,Nitrososphaeria archaeon,2268198,livG,High-affinity branched-chain amino acid ABC transporter ATP-binding protein LivG,A0A7C4W5I9_9ARCH,36,https://alphafold.ebi.ac.uk/files/AF-A0A7C4W5I9-F1-model_v6.cif
A0A7C4W7X4,AF-A0A7C4W7X4-F1,6,96.0,Candidatus Bathyarchaeota archaeon,2026714,ENU00_01590,Desulfoferrodoxin FeS4 iron-binding domain-containing protein,A0A7C4W7X4_9ARCH,39,https://alphafold.ebi.ac.uk/files/AF-A0A7C4W7X4-F1-model_v6.cif
A0A7C4WIF3,AF-A0A7C4WIF3-F1,6,95.19,Candidatus Bathyarchaeota archaeon,2026714,ENU00_05550,TIGR00266 family protein,A0A7C4WIF3_9ARCH,42,https://alphafold.ebi.ac.uk/files/AF-A0A7C4WIF3-F1-model_v6.cif
A0A7C4XD95,AF-A0A7C4XD95-F1,6,97.38,Methanobacteriota archaeon,2026739,ENR78_03115,S58 family peptidase,A0A7C4XD95_UNCMT,50,https://alphafold.ebi.ac.uk/files/AF-A0A7C4XD95-F1-model_v6.cif
A0A7C4XSG8,AF-A0A7C4XSG8-F1,6,97.38,Acidilobales archaeon,2268176,ENV03_01580,SDR family NAD(P)-dependent oxidoreductase,A0A7C4XSG8_9CREN,38,https://alphafold.ebi.ac.uk/files/AF-A0A7C4XSG8-F1-model_v6.cif
A0A7C4ZS34,AF-A0A7C4ZS34-F1,6,96.25,Candidatus Bathyarchaeota archaeon,2026714,ENW39_13120,Proline racemase,A0A7C4ZS34_9ARCH,47,https://alphafold.ebi.ac.uk/files/AF-A0A7C4ZS34-F1-model_v6.cif
A0A7C5A9M3,AF-A0A7C5A9M3-F1,6,97.19,Candidatus Woesearchaeota archaeon,2026803,ENW31_02100,Aspartate--tRNA(Asn) ligase,A0A7C5A9M3_9ARCH,49,https://alphafold.ebi.ac.uk/files/AF-A0A7C5A9M3-F1-model_v6.cif
A0A7C5BHP9,AF-A0A7C5BHP9-F1,6,96.25,Methanobacteriota archaeon,2026739,ENW82_01480,nucleoside-diphosphate kinase,A0A7C5BHP9_UNCMT,41,https://alphafold.ebi.ac.uk/files/AF-A0A7C5BHP9-F1-model_v6.cif
A0A7C5FAR6,AF-A0A7C5FAR6-F1,6,97.12,Methanobacteriota archaeon,2026739,ENW62_06350,Rubredoxin,A0A7C5FAR6_UNCMT,35,https://alphafold.ebi.ac.uk/files/AF-A0A7C5FAR6-F1-model_v6.cif
A0A7C5IX38,AF-A0A7C5IX38-F1,6,96.19,Candidatus Bathyarchaeota archaeon,2026714,ENL84_00780,TATA box-binding protein,A0A7C5IX38_9ARCH,34,https://alphafold.ebi.ac.uk/files/AF-A0A7C5IX38-F1-model_v6.cif
A0A7C5K1Z9,AF-A0A7C5K1Z9-F1,6,95.5,Candidatus Woesearchaeota archaeon,2026803,ENL74_00640,Molybdenum ABC transporter ATP-binding protein,A0A7C5K1Z9_9ARCH,38,https://alphafold.ebi.ac.uk/files/AF-A0A7C5K1Z9-F1-model_v6.cif
A0A7C5N6U4,AF-A0A7C5N6U4-F1,6,96.06,Candidatus Bathyarchaeota archaeon,2026714,ENL84_04485,Saccharopine dehydrogenase,A0A7C5N6U4_9ARCH,46,https://alphafold.ebi.ac.uk/files/AF-A0A7C5N6U4-F1-model_v6.cif
A0A7C5T4J2,AF-A0A7C5T4J2-F1,6,96.31,Desulfurococcaceae archaeon,2184738,ENM91_07245,superoxide dismutase,A0A7C5T4J2_9CREN,49,https://alphafold.ebi.ac.uk/files/AF-A0A7C5T4J2-F1-model_v6.cif
A0A7C5T765,AF-A0A7C5T765-F1,6,96.0,Pyrobaculum sp,2004705,ENM65_04945,ParA family protein,A0A7C5T765_9CREN,35,https://alphafold.ebi.ac.uk/files/AF-A0A7C5T765-F1-model_v6.cif
A0A7C5T7W6,AF-A0A7C5T7W6-F1,6,97.38,Pyrobaculum sp,2004705,ENM65_04805,FAD-dependent oxidoreductase,A0A7C5T7W6_9CREN,35,https://alphafold.ebi.ac.uk/files/AF-A0A7C5T7W6-F1-model_v6.cif
A0A7C5TFR7,AF-A0A7C5TFR7-F1,6,96.38,Vulcanisaeta sp,2020871,ENM82_10415,CopG family transcriptional regulator,A0A7C5TFR7_9CREN,40,https://alphafold.ebi.ac.uk/files/AF-A0A7C5TFR7-F1-model_v6.cif
A0A7C5TK25,AF-A0A7C5TK25-F1,6,95.25,Sulfolobales archaeon,2268200,ENM71_02855,NAD-dependent dehydratase,A0A7C5TK25_9CREN,49,https://alphafold.ebi.ac.uk/files/AF-A0A7C5TK25-F1-model_v6.cif
A0A7C5U1D8,AF-A0A7C5U1D8-F1,6,95.06,Candidatus Bathyarchaeota archaeon,2026714,ENM59_05740,DegT/DnrJ/EryC1/StrS aminotransferase family protein,A0A7C5U1D8_9ARCH,46,https://alphafold.ebi.ac.uk/files/AF-A0A7C5U1D8-F1-model_v6.cif
A0A7C5U2B7,AF-A0A7C5U2B7-F1,6,95.31,Candidatus Bathyarchaeota archaeon,2026714,ENM59_02705,Transcriptional regulator,A0A7C5U2B7_9ARCH,44,https://alphafold.ebi.ac.uk/files/AF-A0A7C5U2B7-F1-model_v6.cif
A0A7C5U5Q9,AF-A0A7C5U5Q9-F1,6,96.88,Caldiarchaeum subterraneum,311458,ENM42_02975,Quinone oxidoreductase,A0A7C5U5Q9_CALS0,38,https://alphafold.ebi.ac.uk/files/AF-A0A7C5U5Q9-F1-model_v6.cif
A0A7C5U7X1,AF-A0A7C5U7X1-F1,6,96.25,Acidilobales archaeon,2268176,ENM56_02885,PIN domain-containing protein,A0A7C5U7X1_9CREN,30,https://alphafold.ebi.ac.uk/files/AF-A0A7C5U7X1-F1-model_v6.cif
A0A7C5VQ90,AF-A0A7C5VQ90-F1,6,96.69,Nitrososphaeria archaeon,2268198,ENM25_01885,tRNA (cytidine(56)-2'-O)-methyltransferase,A0A7C5VQ90_9ARCH,36,https://alphafold.ebi.ac.uk/files/AF-A0A7C5VQ90-F1-model_v6.cif
A0A7C5X1V8,AF-A0A7C5X1V8-F1,6,97.25,Acidilobales archaeon,2268176,ENM62_05355,Stationary phase survival protein SurE,A0A7C5X1V8_9CREN,34,https://alphafold.ebi.ac.uk/files/AF-A0A7C5X1V8-F1-model_v6.cif
A0A7C5X2V4,AF-A0A7C5X2V4-F1,6,95.12,Desulfurococcaceae archaeon,2184738,ENM91_00655,D-glycerate dehydrogenase,A0A7C5X2V4_9CREN,48,https://alphafold.ebi.ac.uk/files/AF-A0A7C5X2V4-F1-model_v6.cif
A0A7C5XHQ0,AF-A0A7C5XHQ0-F1,6,96.19,Vulcanisaeta sp,2020871,ENM82_03070,Acyl-CoA thioesterase,A0A7C5XHQ0_9CREN,43,https://alphafold.ebi.ac.uk/files/AF-A0A7C5XHQ0-F1-model_v6.cif
A0A7C5XHS9,AF-A0A7C5XHS9-F1,6,95.69,Vulcanisaeta sp,2020871,ENM82_10915,Fumarylacetoacetate hydrolase,A0A7C5XHS9_9CREN,41,https://alphafold.ebi.ac.uk/files/AF-A0A7C5XHS9-F1-model_v6.cif
A0A7C5XJ97,AF-A0A7C5XJ97-F1,6,95.0,Vulcanisaeta sp,2020871,ENM82_01295,phosphoribosyl-ATP diphosphatase,A0A7C5XJ97_9CREN,39,https://alphafold.ebi.ac.uk/files/AF-A0A7C5XJ97-F1-model_v6.cif
A0A7C5XNL1,AF-A0A7C5XNL1-F1,6,96.12,Ignisphaera aggregans,334771,ENM84_07705,peptidyl-tRNA hydrolase,A0A7C5XNL1_9CREN,50,https://alphafold.ebi.ac.uk/files/AF-A0A7C5XNL1-F1-model_v6.cif
A0A7C5XTQ5,AF-A0A7C5XTQ5-F1,6,96.12,Sulfolobales archaeon,2268200,ENM71_00610,"Precorrin-6y C5,15-methyltransferase (Decarboxylating) subunit CbiE",A0A7C5XTQ5_9CREN,50,https://alphafold.ebi.ac.uk/files/AF-A0A7C5XTQ5-F1-model_v6.cif
A0A7C5Y238,AF-A0A7C5Y238-F1,6,95.62,Acidilobales archaeon,2268176,ENM93_05265,ABC transporter ATP-binding protein,A0A7C5Y238_9CREN,40,https://alphafold.ebi.ac.uk/files/AF-A0A7C5Y238-F1-model_v6.cif
A0A7C5Y7Y0,AF-A0A7C5Y7Y0-F1,6,96.56,Caldiarchaeum subterraneum,311458,ENM42_04430,Uncharacterized protein,A0A7C5Y7Y0_CALS0,39,https://alphafold.ebi.ac.uk/files/AF-A0A7C5Y7Y0-F1-model_v6.cif
A0A7C5YCQ1,AF-A0A7C5YCQ1-F1,6,95.94,Acidilobales archaeon,2268176,ENM56_02625,SDR family NAD(P)-dependent oxidoreductase,A0A7C5YCQ1_9CREN,40,https://alphafold.ebi.ac.uk/files/AF-A0A7C5YCQ1-F1-model_v6.cif
A0A7C5YSG7,AF-A0A7C5YSG7-F1,6,96.69,Ignisphaera aggregans,334771,ENL47_03810,ABC transporter ATP-binding protein,A0A7C5YSG7_9CREN,34,https://alphafold.ebi.ac.uk/files/AF-A0A7C5YSG7-F1-model_v6.cif
A0A7C5ZRH2,AF-A0A7C5ZRH2-F1,6,96.75,Candidatus Bathyarchaeota archaeon,2026714,ENU94_02135,NAD-dependent epimerase,A0A7C5ZRH2_9ARCH,36,https://alphafold.ebi.ac.uk/files/AF-A0A7C5ZRH2-F1-model_v6.cif
A0A7C5ZT79,AF-A0A7C5ZT79-F1,6,96.19,Candidatus Bathyarchaeota archaeon,2026714,ENU94_06070,Flagellar accessory protein FlaH,A0A7C5ZT79_9ARCH,47,https://alphafold.ebi.ac.uk/files/AF-A0A7C5ZT79-F1-model_v6.cif
A0A7C6AIW3,AF-A0A7C6AIW3-F1,6,96.44,Nitrososphaeria archaeon,2268198,ENX27_03980,Pyridoxal 5'-phosphate synthase lyase subunit PdxS,A0A7C6AIW3_9ARCH,46,https://alphafold.ebi.ac.uk/files/AF-A0A7C6AIW3-F1-model_v6.cif
A0A7C6DX77,AF-A0A7C6DX77-F1,6,95.69,Candidatus Bathyarchaeota archaeon,2026714,ENU94_00385,Aspartyl protease,A0A7C6DX77_9ARCH,41,https://alphafold.ebi.ac.uk/files/AF-A0A7C6DX77-F1-model_v6.cif
A0A7C6E4A0,AF-A0A7C6E4A0-F1,6,95.75,Candidatus Bathyarchaeota archaeon,2026714,ENV32_09405,Type II toxin-antitoxin system HicB family antitoxin,A0A7C6E4A0_9ARCH,41,https://alphafold.ebi.ac.uk/files/AF-A0A7C6E4A0-F1-model_v6.cif
A0A7C6FRR6,AF-A0A7C6FRR6-F1,6,95.94,Methanobacterium sp,2164,GXZ72_00240,Pyruvate ferredoxin oxidoreductase,A0A7C6FRR6_9EURY,41,https://alphafold.ebi.ac.uk/files/AF-A0A7C6FRR6-F1-model_v6.cif
A0A7C7CNG0,AF-A0A7C7CNG0-F1,6,96.12,Candidatus Poseidoniales archaeon,2163009,EYN78_02940,N-acetyltransferase,A0A7C7CNG0_9ARCH,40,https://alphafold.ebi.ac.uk/files/AF-A0A7C7CNG0-F1-model_v6.cif
A0A7C7GE12,AF-A0A7C7GE12-F1,6,95.62,Candidatus Poseidoniales archaeon,2163009,EYN78_08365,N-acetyltransferase,A0A7C7GE12_9ARCH,46,https://alphafold.ebi.ac.uk/files/AF-A0A7C7GE12-F1-model_v6.cif
A0A7C7GIG1,AF-A0A7C7GIG1-F1,6,95.81,Candidatus Poseidoniales archaeon,2163009,EYN78_06405,Glycerol-3-phosphate dehydrogenase,A0A7C7GIG1_9ARCH,34,https://alphafold.ebi.ac.uk/files/AF-A0A7C7GIG1-F1-model_v6.cif
A0A7C7MPZ4,AF-A0A7C7MPZ4-F1,6,96.62,Candidatus Poseidoniales archaeon,2163009,EYO44_02320,7-carboxy-7-deazaguanine synthase,A0A7C7MPZ4_9ARCH,32,https://alphafold.ebi.ac.uk/files/AF-A0A7C7MPZ4-F1-model_v6.cif
A0A7C7PIY6,AF-A0A7C7PIY6-F1,6,96.06,Candidatus Poseidoniales archaeon,2163009,EYO98_06395,NADP transhydrogenase beta-like domain-containing protein,A0A7C7PIY6_9ARCH,46,https://alphafold.ebi.ac.uk/files/AF-A0A7C7PIY6-F1-model_v6.cif
A0A7C7PPS5,AF-A0A7C7PPS5-F1,6,95.56,Candidatus Poseidoniales archaeon,2163009,EYO98_01990,ATP-binding cassette domain-containing protein,A0A7C7PPS5_9ARCH,50,https://alphafold.ebi.ac.uk/files/AF-A0A7C7PPS5-F1-model_v6.cif
A0A7C7PU94,AF-A0A7C7PU94-F1,6,95.94,Candidatus Poseidoniales archaeon,2163009,EYO98_04765,Phosphoribosylamine--glycine ligase,A0A7C7PU94_9ARCH,40,https://alphafold.ebi.ac.uk/files/AF-A0A7C7PU94-F1-model_v6.cif
A0A7C7TZQ8,AF-A0A7C7TZQ8-F1,6,95.06,Candidatus Poseidoniales archaeon,2163009,EYQ58_07785,Histone H1,A0A7C7TZQ8_9ARCH,50,https://alphafold.ebi.ac.uk/files/AF-A0A7C7TZQ8-F1-model_v6.cif
A0A7C7Y7G9,AF-A0A7C7Y7G9-F1,6,95.44,Candidatus Poseidoniales archaeon,2163009,EYQ58_00380,Glycerophosphodiester phosphodiesterase,A0A7C7Y7G9_9ARCH,38,https://alphafold.ebi.ac.uk/files/AF-A0A7C7Y7G9-F1-model_v6.cif
A0A7G9Y4P4,AF-A0A7G9Y4P4-F1,6,96.44,Candidatus Methanogaster sp. ANME-2c ERB4,2759911,MNOMIAMN_00018,Uncharacterized protein,A0A7G9Y4P4_9EURY,48,https://alphafold.ebi.ac.uk/files/AF-A0A7G9Y4P4-F1-model_v6.cif
A0A7G9YHQ3,AF-A0A7G9YHQ3-F1,6,97.12,Candidatus Methanogaster sp. ANME-2c ERB4,2759911,GGGHDLIA_00027,Desulfoferrodoxin N-terminal domain-containing protein,A0A7G9YHQ3_9EURY,37,https://alphafold.ebi.ac.uk/files/AF-A0A7G9YHQ3-F1-model_v6.cif
A0A7G9YP81,AF-A0A7G9YP81-F1,6,95.62,Candidatus Methanogaster sp. ANME-2c ERB4,2759911,rub,Rubredoxin,A0A7G9YP81_9EURY,46,https://alphafold.ebi.ac.uk/files/AF-A0A7G9YP81-F1-model_v6.cif
A0A7G9YP82,AF-A0A7G9YP82-F1,6,97.38,Candidatus Methanogaster sp. ANME-2c ERB4,2759911,DBPBNLAN_00026,Desulfoferrodoxin N-terminal domain-containing protein,A0A7G9YP82_9EURY,37,https://alphafold.ebi.ac.uk/files/AF-A0A7G9YP82-F1-model_v6.cif
A0A7G9YXX7,AF-A0A7G9YXX7-F1,6,95.75,Candidatus Methanophagaceae archaeon ANME-1 ERB6,2759912,rub,Rubredoxin,A0A7G9YXX7_9EURY,45,https://alphafold.ebi.ac.uk/files/AF-A0A7G9YXX7-F1-model_v6.cif
A0A7G9Z2P5,AF-A0A7G9Z2P5-F1,6,95.06,Candidatus Methanophaga sp. ANME-1 ERB7,2759913,LPKEAICH_00020,Uncharacterized protein,A0A7G9Z2P5_9EURY,48,https://alphafold.ebi.ac.uk/files/AF-A0A7G9Z2P5-F1-model_v6.cif
A0A7G9Z8V8,AF-A0A7G9Z8V8-F1,6,95.31,Candidatus Methanophaga sp. ANME-1 ERB7,2759913,JBENMAEK_00011,UDP-N-acetyl-D-mannosamine dehydrogenase,A0A7G9Z8V8_9EURY,47,https://alphafold.ebi.ac.uk/files/AF-A0A7G9Z8V8-F1-model_v6.cif
A0A7G9ZD30,AF-A0A7G9ZD30-F1,6,95.88,Candidatus Methanophaga sp. ANME-1 ERB7,2759913,rub_1,Rubredoxin,A0A7G9ZD30_9EURY,45,https://alphafold.ebi.ac.uk/files/AF-A0A7G9ZD30-F1-model_v6.cif
A0A7G9ZD32,AF-A0A7G9ZD32-F1,6,96.0,Candidatus Methanophaga sp. ANME-1 ERB7,2759913,rub_2,Rubredoxin,A0A7G9ZD32_9EURY,45,https://alphafold.ebi.ac.uk/files/AF-A0A7G9ZD32-F1-model_v6.cif
A0A7H1KP24,AF-A0A7H1KP24-F1,6,96.5,uncultured Methanosarcinales archaeon,183757,HAHEADPM_00022,Uncharacterized protein,A0A7H1KP24_9EURY,48,https://alphafold.ebi.ac.uk/files/AF-A0A7H1KP24-F1-model_v6.cif
A0A7J2H756,AF-A0A7J2H756-F1,6,97.69,Thermofilaceae archaeon,2268203,ENG30_02335,Aldo/keto reductase,A0A7J2H756_9CREN,49,https://alphafold.ebi.ac.uk/files/AF-A0A7J2H756-F1-model_v6.cif
A0A7J2IPL3,AF-A0A7J2IPL3-F1,6,96.31,Candidatus Bathyarchaeota archaeon,2026714,rpl4lp,50S ribosomal protein L4,A0A7J2IPL3_9ARCH,45,https://alphafold.ebi.ac.uk/files/AF-A0A7J2IPL3-F1-model_v6.cif
A0A7J2IQR4,AF-A0A7J2IQR4-F1,6,96.5,Candidatus Bathyarchaeota archaeon,2026714,ENF71_04775,Formylmethanofuran--tetrahydromethanopterin N-formyltransferase,A0A7J2IQR4_9ARCH,46,https://alphafold.ebi.ac.uk/files/AF-A0A7J2IQR4-F1-model_v6.cif
A0A7J2ISG1,AF-A0A7J2ISG1-F1,6,97.62,Candidatus Bathyarchaeota archaeon,2026714,ENF71_08680,HEPN domain-containing protein,A0A7J2ISG1_9ARCH,41,https://alphafold.ebi.ac.uk/files/AF-A0A7J2ISG1-F1-model_v6.cif
A0A7J2LST6,AF-A0A7J2LST6-F1,6,96.38,Candidatus Bathyarchaeota archaeon,2026714,ENG64_04140,Carbamoyltransferase,A0A7J2LST6_9ARCH,38,https://alphafold.ebi.ac.uk/files/AF-A0A7J2LST6-F1-model_v6.cif
A0A7J2MF60,AF-A0A7J2MF60-F1,6,96.56,Methanosarcinales archaeon,2250255,ENF23_02195,MBL fold metallo-hydrolase,A0A7J2MF60_9EURY,43,https://alphafold.ebi.ac.uk/files/AF-A0A7J2MF60-F1-model_v6.cif
A0A7J2MGK5,AF-A0A7J2MGK5-F1,6,96.5,Methanosarcinales archaeon,2250255,ENF23_04800,N-(5'-phosphoribosyl)anthranilate isomerase,A0A7J2MGK5_9EURY,32,https://alphafold.ebi.ac.uk/files/AF-A0A7J2MGK5-F1-model_v6.cif
A0A7J2MGV4,AF-A0A7J2MGV4-F1,6,95.69,Methanosarcinales archaeon,2250255,ENF23_05660,F420-dependent methylenetetrahydromethanopterin dehydrogenase,A0A7J2MGV4_9EURY,50,https://alphafold.ebi.ac.uk/files/AF-A0A7J2MGV4-F1-model_v6.cif
A0A7J2MHH4,AF-A0A7J2MHH4-F1,6,97.19,Methanosarcinales archaeon,2250255,ENF23_03395,Ornithine cyclodeaminase family protein,A0A7J2MHH4_9EURY,44,https://alphafold.ebi.ac.uk/files/AF-A0A7J2MHH4-F1-model_v6.cif
A0A7J2PVB2,AF-A0A7J2PVB2-F1,6,97.56,archaeon,1906665,ENH77_17425,Glutamate dehydrogenase,A0A7J2PVB2_UNCAD,50,https://alphafold.ebi.ac.uk/files/AF-A0A7J2PVB2-F1-model_v6.cif
A0A7J2PZK0,AF-A0A7J2PZK0-F1,6,96.06,archaeon,1906665,ENH77_23405,Nitroreductase,A0A7J2PZK0_UNCAD,48,https://alphafold.ebi.ac.uk/files/AF-A0A7J2PZK0-F1-model_v6.cif
A0A7J2QZC8,AF-A0A7J2QZC8-F1,6,95.0,archaeon,1906665,ENH76_05625,ATP-binding cassette domain-containing protein,A0A7J2QZC8_UNCAD,44,https://alphafold.ebi.ac.uk/files/AF-A0A7J2QZC8-F1-model_v6.cif
A0A7J2R6L5,AF-A0A7J2R6L5-F1,6,95.62,archaeon,1906665,ENH76_18370,DNA cytosine methyltransferase,A0A7J2R6L5_UNCAD,40,https://alphafold.ebi.ac.uk/files/AF-A0A7J2R6L5-F1-model_v6.cif
A0A7J2R8L4,AF-A0A7J2R8L4-F1,6,95.69,archaeon,1906665,ENH76_22125,PHP domain-containing protein,A0A7J2R8L4_UNCAD,40,https://alphafold.ebi.ac.uk/files/AF-A0A7J2R8L4-F1-model_v6.cif
A0A7J2T743,AF-A0A7J2T743-F1,6,95.38,Candidatus Bathyarchaeota archaeon,2026714,ENP33_01900,Type I glyceraldehyde-3-phosphate dehydrogenase,A0A7J2T743_9ARCH,37,https://alphafold.ebi.ac.uk/files/AF-A0A7J2T743-F1-model_v6.cif
A0A7J2TJN1,AF-A0A7J2TJN1-F1,6,95.56,Archaeoglobus fulgidus,2234,ENP88_06615,Phosphoribosylglycinamide synthetase N-terminal domain-containing protein,A0A7J2TJN1_ARCFL,35,https://alphafold.ebi.ac.uk/files/AF-A0A7J2TJN1-F1-model_v6.cif
A0A7J2TN26,AF-A0A7J2TN26-F1,6,97.25,Candidatus Bathyarchaeota archaeon,2026714,ENP95_01475,Desulfoferrodoxin FeS4 iron-binding domain-containing protein,A0A7J2TN26_9ARCH,38,https://alphafold.ebi.ac.uk/files/AF-A0A7J2TN26-F1-model_v6.cif
A0A7J2TXK4,AF-A0A7J2TXK4-F1,6,96.31,Candidatus Aenigmatarchaeota archaeon,3121606,ENQ10_03380,Rubredoxin,A0A7J2TXK4_9ARCH,44,https://alphafold.ebi.ac.uk/files/AF-A0A7J2TXK4-F1-model_v6.cif
A0A7J2UQV7,AF-A0A7J2UQV7-F1,6,95.56,Hadesarchaea archaeon,2250276,ENP10_00530,Kinase,A0A7J2UQV7_9ARCH,42,https://alphafold.ebi.ac.uk/files/AF-A0A7J2UQV7-F1-model_v6.cif
A0A7J2V0Z7,AF-A0A7J2V0Z7-F1,6,95.44,Acidilobales archaeon,2268176,ENO52_05370,PHP domain-containing protein,A0A7J2V0Z7_9CREN,42,https://alphafold.ebi.ac.uk/files/AF-A0A7J2V0Z7-F1-model_v6.cif
A0A7J2V9U9,AF-A0A7J2V9U9-F1,6,95.56,Desulfurococcaceae archaeon,2184738,ENN71_01635,HEPN domain-containing protein,A0A7J2V9U9_9CREN,33,https://alphafold.ebi.ac.uk/files/AF-A0A7J2V9U9-F1-model_v6.cif
A0A7J2VBC6,AF-A0A7J2VBC6-F1,6,95.75,Desulfurococcaceae archaeon,2184738,ENN71_06205,ABC transporter ATP-binding protein,A0A7J2VBC6_9CREN,44,https://alphafold.ebi.ac.uk/files/AF-A0A7J2VBC6-F1-model_v6.cif
A0A7J2VTQ0,AF-A0A7J2VTQ0-F1,6,95.94,Candidatus Aenigmatarchaeota archaeon,3121606,ENO37_01070,Phenylacetate--CoA ligase,A0A7J2VTQ0_9ARCH,42,https://alphafold.ebi.ac.uk/files/AF-A0A7J2VTQ0-F1-model_v6.cif
A0A7J2VWF2,AF-A0A7J2VWF2-F1,6,96.31,Candidatus Aenigmatarchaeota archaeon,3121606,ENO37_04545,Phenylacetate--CoA ligase,A0A7J2VWF2_9ARCH,42,https://alphafold.ebi.ac.uk/files/AF-A0A7J2VWF2-F1-model_v6.cif
A0A7J2WFC1,AF-A0A7J2WFC1-F1,6,95.25,Desulfurococcaceae archaeon,2184738,ENO55_03350,SDR family NAD(P)-dependent oxidoreductase,A0A7J2WFC1_9CREN,42,https://alphafold.ebi.ac.uk/files/AF-A0A7J2WFC1-F1-model_v6.cif
A0A7J2Y502,AF-A0A7J2Y502-F1,6,96.88,Methanobacteriota archaeon,2026739,ENR79_02325,tRNA (cytidine(56)-2'-O)-methyltransferase,A0A7J2Y502_UNCMT,37,https://alphafold.ebi.ac.uk/files/AF-A0A7J2Y502-F1-model_v6.cif
A0A7J2Y6X9,AF-A0A7J2Y6X9-F1,6,97.12,Methanobacteriota archaeon,2026739,ENR79_05215,NAD(P)-dependent oxidoreductase,A0A7J2Y6X9_UNCMT,28,https://alphafold.ebi.ac.uk/files/AF-A0A7J2Y6X9-F1-model_v6.cif
A0A7J2YMB9,AF-A0A7J2YMB9-F1,6,97.0,Candidatus Bathyarchaeota archaeon,2026714,ENR36_00170,Bifunctional formaldehyde-activating protein/3-hexulose-6-phosphate synthase,A0A7J2YMB9_9ARCH,45,https://alphafold.ebi.ac.uk/files/AF-A0A7J2YMB9-F1-model_v6.cif
A0A7J2Z0G0,AF-A0A7J2Z0G0-F1,6,95.19,Candidatus Aenigmatarchaeota archaeon,3121606,ENY04_01085,Methionyl/Leucyl tRNA synthetase domain-containing protein,A0A7J2Z0G0_9ARCH,47,https://alphafold.ebi.ac.uk/files/AF-A0A7J2Z0G0-F1-model_v6.cif
A0A7J2ZCD7,AF-A0A7J2ZCD7-F1,6,96.62,Candidatus Bathyarchaeota archaeon,2026714,ENV87_01075,Adenosine monophosphate-protein transferase,A0A7J2ZCD7_9ARCH,45,https://alphafold.ebi.ac.uk/files/AF-A0A7J2ZCD7-F1-model_v6.cif
A0A7J2ZIP3,AF-A0A7J2ZIP3-F1,6,97.69,Nitrososphaeria archaeon,2268198,ENV47_01925,acylphosphatase,A0A7J2ZIP3_9ARCH,45,https://alphafold.ebi.ac.uk/files/AF-A0A7J2ZIP3-F1-model_v6.cif
A0A7J2ZM04,AF-A0A7J2ZM04-F1,6,96.62,Candidatus Aenigmatarchaeota archaeon,3121606,ENV25_02140,UDP-glucose/GDP-mannose dehydrogenase N-terminal domain-containing protein,A0A7J2ZM04_9ARCH,34,https://alphafold.ebi.ac.uk/files/AF-A0A7J2ZM04-F1-model_v6.cif
A0A7J3AC04,AF-A0A7J3AC04-F1,6,95.31,Candidatus Bathyarchaeota archaeon,2026714,ENX97_01020,Ammonium transporter,A0A7J3AC04_9ARCH,48,https://alphafold.ebi.ac.uk/files/AF-A0A7J3AC04-F1-model_v6.cif
A0A7J3ADC8,AF-A0A7J3ADC8-F1,6,95.44,Candidatus Bathyarchaeota archaeon,2026714,ENX97_04230,Daunorubicin ABC transporter ATP-binding protein,A0A7J3ADC8_9ARCH,39,https://alphafold.ebi.ac.uk/files/AF-A0A7J3ADC8-F1-model_v6.cif
A0A7J3B0X2,AF-A0A7J3B0X2-F1,6,96.62,Thermoproteota archaeon,2056631,ENX12_07550,EVE domain-containing protein,A0A7J3B0X2_9CREN,26,https://alphafold.ebi.ac.uk/files/AF-A0A7J3B0X2-F1-model_v6.cif
A0A7J3B843,AF-A0A7J3B843-F1,6,96.44,Methanobacteriota archaeon,2026739,ENX42_02940,IMP dehydrogenase/GMP reductase domain-containing protein,A0A7J3B843_UNCMT,48,https://alphafold.ebi.ac.uk/files/AF-A0A7J3B843-F1-model_v6.cif
A0A7J3BC48,AF-A0A7J3BC48-F1,6,96.0,Candidatus Bathyarchaeota archaeon,2026714,ENX19_01225,Arsenate reductase ArsC,A0A7J3BC48_9ARCH,43,https://alphafold.ebi.ac.uk/files/AF-A0A7J3BC48-F1-model_v6.cif
A0A7J3BD52,AF-A0A7J3BD52-F1,6,95.69,Candidatus Bathyarchaeota archaeon,2026714,ENX19_03055,ATPase F1/V1/A1 complex alpha/beta subunit N-terminal domain-containing protein,A0A7J3BD52_9ARCH,42,https://alphafold.ebi.ac.uk/files/AF-A0A7J3BD52-F1-model_v6.cif
A0A7J3BEY8,AF-A0A7J3BEY8-F1,6,95.94,Candidatus Bathyarchaeota archaeon,2026714,ENX19_06790,5-(Carboxyamino)imidazole ribonucleotide mutase,A0A7J3BEY8_9ARCH,31,https://alphafold.ebi.ac.uk/files/AF-A0A7J3BEY8-F1-model_v6.cif
A0A7J3C7I1,AF-A0A7J3C7I1-F1,6,95.12,Methanobacteriota archaeon,2026739,ENX69_02885,DUF521 domain-containing protein,A0A7J3C7I1_UNCMT,36,https://alphafold.ebi.ac.uk/files/AF-A0A7J3C7I1-F1-model_v6.cif
A0A7J3CJ29,AF-A0A7J3CJ29-F1,6,95.25,Candidatus Aenigmatarchaeota archaeon,3121606,ENX47_00565,Subtype I-B CRISPR-associated endonuclease Cas1,A0A7J3CJ29_9ARCH,40,https://alphafold.ebi.ac.uk/files/AF-A0A7J3CJ29-F1-model_v6.cif
A0A7J3D6Q8,AF-A0A7J3D6Q8-F1,6,95.38,Nitrososphaeria archaeon,2268198,ENV71_07710,Argininosuccinate synthase,A0A7J3D6Q8_9ARCH,42,https://alphafold.ebi.ac.uk/files/AF-A0A7J3D6Q8-F1-model_v6.cif
A0A7J3D8F9,AF-A0A7J3D8F9-F1,6,95.25,Methanomicrobia archaeon,2268195,ENV73_01705,Desulfoferrodoxin FeS4 iron-binding domain-containing protein,A0A7J3D8F9_9EURY,39,https://alphafold.ebi.ac.uk/files/AF-A0A7J3D8F9-F1-model_v6.cif
A0A7J3D9G8,AF-A0A7J3D9G8-F1,6,96.62,Methanomicrobia archaeon,2268195,ENV73_03890,"3,4-dihydroxy-2-butanone-4-phosphate synthase",A0A7J3D9G8_9EURY,48,https://alphafold.ebi.ac.uk/files/AF-A0A7J3D9G8-F1-model_v6.cif
A0A7J3DAY3,AF-A0A7J3DAY3-F1,6,95.31,Methanomicrobia archaeon,2268195,ENV73_06580,Aldehyde ferredoxin oxidoreductase N-terminal domain-containing protein,A0A7J3DAY3_9EURY,38,https://alphafold.ebi.ac.uk/files/AF-A0A7J3DAY3-F1-model_v6.cif
A0A7J3DNK5,AF-A0A7J3DNK5-F1,6,95.06,archaeon,1906665,ENV24_00415,50S ribosomal protein L34,A0A7J3DNK5_UNCAD,44,https://alphafold.ebi.ac.uk/files/AF-A0A7J3DNK5-F1-model_v6.cif
A0A7J3EGB7,AF-A0A7J3EGB7-F1,6,95.44,Candidatus Bathyarchaeota archaeon,2026714,ENU97_04985,Aminopeptidase,A0A7J3EGB7_9ARCH,35,https://alphafold.ebi.ac.uk/files/AF-A0A7J3EGB7-F1-model_v6.cif
A0A7J3ELT1,AF-A0A7J3ELT1-F1,6,96.0,Desulfurococcaceae archaeon,2184738,ENU92_02330,O-acetyl-ADP-ribose deacetylase,A0A7J3ELT1_9CREN,50,https://alphafold.ebi.ac.uk/files/AF-A0A7J3ELT1-F1-model_v6.cif
A0A7J3EMJ0,AF-A0A7J3EMJ0-F1,6,96.06,Desulfurococcaceae archaeon,2184738,ENU92_03590,YjbQ family protein,A0A7J3EMJ0_9CREN,48,https://alphafold.ebi.ac.uk/files/AF-A0A7J3EMJ0-F1-model_v6.cif
A0A7J3F9X2,AF-A0A7J3F9X2-F1,6,95.38,Candidatus Bathyarchaeota archaeon,2026714,ENV06_02280,Formylmethanofuran--tetrahydromethanopterin N-formyltransferase,A0A7J3F9X2_9ARCH,39,https://alphafold.ebi.ac.uk/files/AF-A0A7J3F9X2-F1-model_v6.cif
A0A7J3FAQ0,AF-A0A7J3FAQ0-F1,6,95.44,Candidatus Bathyarchaeota archaeon,2026714,ENV06_03905,Sugar phosphate isomerase/epimerase,A0A7J3FAQ0_9ARCH,47,https://alphafold.ebi.ac.uk/files/AF-A0A7J3FAQ0-F1-model_v6.cif
A0A7J3FC68,AF-A0A7J3FC68-F1,6,96.19,Hadesarchaea archaeon,2250276,ENU60_00160,4-alpha-glucanotransferase,A0A7J3FC68_9ARCH,45,https://alphafold.ebi.ac.uk/files/AF-A0A7J3FC68-F1-model_v6.cif
A0A7J3FC71,AF-A0A7J3FC71-F1,6,97.31,Candidatus Bathyarchaeota archaeon,2026714,ENV06_06110,6-phosphofructokinase,A0A7J3FC71_9ARCH,50,https://alphafold.ebi.ac.uk/files/AF-A0A7J3FC71-F1-model_v6.cif
A0A7J3FCW3,AF-A0A7J3FCW3-F1,6,95.81,Hadesarchaea archaeon,2250276,ENU60_01255,FAD-binding protein,A0A7J3FCW3_9ARCH,38,https://alphafold.ebi.ac.uk/files/AF-A0A7J3FCW3-F1-model_v6.cif
A0A7J3GV54,AF-A0A7J3GV54-F1,6,95.06,Nitrososphaeria archaeon,2268198,ENU16_00300,Aspartate-semialdehyde dehydrogenase,A0A7J3GV54_9ARCH,50,https://alphafold.ebi.ac.uk/files/AF-A0A7J3GV54-F1-model_v6.cif
A0A7J3HB40,AF-A0A7J3HB40-F1,6,96.44,Desulfurococcaceae archaeon,2184738,ENT84_00775,ATP-binding cassette domain-containing protein,A0A7J3HB40_9CREN,50,https://alphafold.ebi.ac.uk/files/AF-A0A7J3HB40-F1-model_v6.cif
A0A7J3HP86,AF-A0A7J3HP86-F1,6,95.31,Nitrososphaeria archaeon,2268198,ENU05_03130,ATP-binding cassette domain-containing protein,A0A7J3HP86_9ARCH,48,https://alphafold.ebi.ac.uk/files/AF-A0A7J3HP86-F1-model_v6.cif
A0A7J3HPJ8,AF-A0A7J3HPJ8-F1,6,95.06,Nitrososphaeria archaeon,2268198,ENU05_03700,Shikimate dehydrogenase substrate binding N-terminal domain-containing protein,A0A7J3HPJ8_9ARCH,35,https://alphafold.ebi.ac.uk/files/AF-A0A7J3HPJ8-F1-model_v6.cif
A0A7J3I0Z5,AF-A0A7J3I0Z5-F1,6,95.19,Candidatus Bathyarchaeota archaeon,2026714,ENT86_02570,Tetrahydromethanopterin S-methyltransferase subunit H,A0A7J3I0Z5_9ARCH,34,https://alphafold.ebi.ac.uk/files/AF-A0A7J3I0Z5-F1-model_v6.cif
A0A7J3I3M4,AF-A0A7J3I3M4-F1,6,95.0,Candidatus Bathyarchaeota archaeon,2026714,ENT86_06815,MOFRL domain-containing protein,A0A7J3I3M4_9ARCH,39,https://alphafold.ebi.ac.uk/files/AF-A0A7J3I3M4-F1-model_v6.cif
A0A7J3I437,AF-A0A7J3I437-F1,6,96.69,Candidatus Bathyarchaeota archaeon,2026714,ENT86_07010,FAD-binding protein,A0A7J3I437_9ARCH,34,https://alphafold.ebi.ac.uk/files/AF-A0A7J3I437-F1-model_v6.cif
A0A7J3I6Q7,AF-A0A7J3I6Q7-F1,6,97.12,Ignisphaera aggregans,334771,ENT87_01750,Glycerate kinase,A0A7J3I6Q7_9CREN,46,https://alphafold.ebi.ac.uk/files/AF-A0A7J3I6Q7-F1-model_v6.cif
A0A7J3IA32,AF-A0A7J3IA32-F1,6,97.44,Ignisphaera aggregans,334771,ENT87_07825,Acetyl-CoA synthetase,A0A7J3IA32_9CREN,42,https://alphafold.ebi.ac.uk/files/AF-A0A7J3IA32-F1-model_v6.cif
A0A7J3IFT0,AF-A0A7J3IFT0-F1,6,95.0,Candidatus Bathyarchaeota archaeon,2026714,ENT95_01105,Chorismate-utilising enzyme C-terminal domain-containing protein,A0A7J3IFT0_9ARCH,40,https://alphafold.ebi.ac.uk/files/AF-A0A7J3IFT0-F1-model_v6.cif
A0A7J3IY93,AF-A0A7J3IY93-F1,6,95.06,Candidatus Bathyarchaeota archaeon,2026714,ENT56_00055,Aldehyde ferredoxin oxidoreductase N-terminal domain-containing protein,A0A7J3IY93_9ARCH,49,https://alphafold.ebi.ac.uk/files/AF-A0A7J3IY93-F1-model_v6.cif
A0A7J3J0Q3,AF-A0A7J3J0Q3-F1,6,95.75,Candidatus Bathyarchaeota archaeon,2026714,ENT56_04520,Bifunctional hydroxymethylpyrimidine kinase/phosphomethylpyrimidine kinase,A0A7J3J0Q3_9ARCH,36,https://alphafold.ebi.ac.uk/files/AF-A0A7J3J0Q3-F1-model_v6.cif
A0A7J3J2N7,AF-A0A7J3J2N7-F1,6,97.56,Candidatus Bathyarchaeota archaeon,2026714,ENT63_01535,DUF424 family protein,A0A7J3J2N7_9ARCH,38,https://alphafold.ebi.ac.uk/files/AF-A0A7J3J2N7-F1-model_v6.cif
A0A7J3J3L3,AF-A0A7J3J3L3-F1,6,96.12,Candidatus Bathyarchaeota archaeon,2026714,ENT63_01315,3-hydroxyacyl-CoA dehydrogenase NAD binding domain-containing protein,A0A7J3J3L3_9ARCH,45,https://alphafold.ebi.ac.uk/files/AF-A0A7J3J3L3-F1-model_v6.cif
A0A7J3JCS0,AF-A0A7J3JCS0-F1,6,96.75,Candidatus Bathyarchaeota archaeon,2026714,ENT06_04915,DUF4152 domain-containing protein,A0A7J3JCS0_9ARCH,39,https://alphafold.ebi.ac.uk/files/AF-A0A7J3JCS0-F1-model_v6.cif
A0A7J3KAV9,AF-A0A7J3KAV9-F1,6,96.19,Candidatus Bathyarchaeota archaeon,2026714,ENU24_02450,HEPN domain-containing protein,A0A7J3KAV9_9ARCH,49,https://alphafold.ebi.ac.uk/files/AF-A0A7J3KAV9-F1-model_v6.cif
A0A7J3LWS6,AF-A0A7J3LWS6-F1,6,95.0,Candidatus Bathyarchaeota archaeon,2026714,leuD,3-isopropylmalate dehydratase small subunit,A0A7J3LWS6_9ARCH,35,https://alphafold.ebi.ac.uk/files/AF-A0A7J3LWS6-F1-model_v6.cif
A0A7J3LXD3,AF-A0A7J3LXD3-F1,6,96.88,Candidatus Bathyarchaeota archaeon,2026714,ENT53_01665,LLM class flavin-dependent oxidoreductase,A0A7J3LXD3_9ARCH,48,https://alphafold.ebi.ac.uk/files/AF-A0A7J3LXD3-F1-model_v6.cif
A0A7J3LYC8,AF-A0A7J3LYC8-F1,6,95.06,Candidatus Bathyarchaeota archaeon,2026714,ENT53_01525,"Ribbon-helix-helix protein, CopG family",A0A7J3LYC8_9ARCH,35,https://alphafold.ebi.ac.uk/files/AF-A0A7J3LYC8-F1-model_v6.cif
A0A7J3M1M9,AF-A0A7J3M1M9-F1,6,95.31,Archaeoglobus fulgidus,2234,ENT52_03820,YjbQ family protein,A0A7J3M1M9_ARCFL,33,https://alphafold.ebi.ac.uk/files/AF-A0A7J3M1M9-F1-model_v6.cif
A0A7J3M2B2,AF-A0A7J3M2B2-F1,6,96.88,Archaeoglobus fulgidus,2234,ENT52_05165,30S ribosomal protein S27e,A0A7J3M2B2_ARCFL,39,https://alphafold.ebi.ac.uk/files/AF-A0A7J3M2B2-F1-model_v6.cif
A0A7J3M345,AF-A0A7J3M345-F1,6,95.88,Archaeoglobus fulgidus,2234,ENT52_06640,CRISPR-associated endoribonuclease Cas6,A0A7J3M345_ARCFL,43,https://alphafold.ebi.ac.uk/files/AF-A0A7J3M345-F1-model_v6.cif
A0A7J3M4E2,AF-A0A7J3M4E2-F1,6,95.5,Archaeoglobus fulgidus,2234,ENT52_05350,Methenyltetrahydromethanopterin cyclohydrolase,A0A7J3M4E2_ARCFL,42,https://alphafold.ebi.ac.uk/files/AF-A0A7J3M4E2-F1-model_v6.cif
A0A7J3M654,AF-A0A7J3M654-F1,6,97.12,Candidatus Bathyarchaeota archaeon,2026714,ENU01_01205,NAD(P)-dependent oxidoreductase,A0A7J3M654_9ARCH,35,https://alphafold.ebi.ac.uk/files/AF-A0A7J3M654-F1-model_v6.cif
A0A7J3MGX5,AF-A0A7J3MGX5-F1,6,95.69,Candidatus Bathyarchaeota archaeon,2026714,ENU68_01495,Oligopeptide ABC transporter ATP-binding protein,A0A7J3MGX5_9ARCH,47,https://alphafold.ebi.ac.uk/files/AF-A0A7J3MGX5-F1-model_v6.cif
A0A7J3MYD0,AF-A0A7J3MYD0-F1,6,95.25,Ignisphaera aggregans,334771,ENT99_02540,CMP/dCMP-type deaminase domain-containing protein,A0A7J3MYD0_9CREN,46,https://alphafold.ebi.ac.uk/files/AF-A0A7J3MYD0-F1-model_v6.cif
A0A7J3MZ99,AF-A0A7J3MZ99-F1,6,96.0,Ignisphaera aggregans,334771,ENT99_04170,3-isopropylmalate dehydratase large subunit,A0A7J3MZ99_9CREN,45,https://alphafold.ebi.ac.uk/files/AF-A0A7J3MZ99-F1-model_v6.cif
A0A7J3P4N5,AF-A0A7J3P4N5-F1,6,96.81,Nitrososphaeria archaeon,2268198,ENT79_05195,superoxide dismutase,A0A7J3P4N5_9ARCH,37,https://alphafold.ebi.ac.uk/files/AF-A0A7J3P4N5-F1-model_v6.cif
A0A7J3PA89,AF-A0A7J3PA89-F1,6,96.38,Hadesarchaea archaeon,2250276,ENT62_03465,Thiolase domain-containing protein,A0A7J3PA89_9ARCH,47,https://alphafold.ebi.ac.uk/files/AF-A0A7J3PA89-F1-model_v6.cif
A0A7J3QFR6,AF-A0A7J3QFR6-F1,6,96.81,Hadesarchaea archaeon,2250276,ENV09_00635,5-(Carboxyamino)imidazole ribonucleotide mutase,A0A7J3QFR6_9ARCH,46,https://alphafold.ebi.ac.uk/files/AF-A0A7J3QFR6-F1-model_v6.cif
A0A7J3QSA6,AF-A0A7J3QSA6-F1,6,96.12,Candidatus Bathyarchaeota archaeon,2026714,ENV10_01295,Glycine cleavage system protein H,A0A7J3QSA6_9ARCH,50,https://alphafold.ebi.ac.uk/files/AF-A0A7J3QSA6-F1-model_v6.cif
A0A7J3QSZ4,AF-A0A7J3QSZ4-F1,6,95.06,Candidatus Bathyarchaeota archaeon,2026714,ENV10_00670,Uncharacterized protein,A0A7J3QSZ4_9ARCH,48,https://alphafold.ebi.ac.uk/files/AF-A0A7J3QSZ4-F1-model_v6.cif
A0A7J3QT08,AF-A0A7J3QT08-F1,6,95.06,Candidatus Bathyarchaeota archaeon,2026714,truD,tRNA pseudouridine(13) synthase TruD,A0A7J3QT08_9ARCH,41,https://alphafold.ebi.ac.uk/files/AF-A0A7J3QT08-F1-model_v6.cif
A0A7J3QT34,AF-A0A7J3QT34-F1,6,95.94,Candidatus Bathyarchaeota archaeon,2026714,ENV10_02585,FAD-dependent oxidoreductase,A0A7J3QT34_9ARCH,49,https://alphafold.ebi.ac.uk/files/AF-A0A7J3QT34-F1-model_v6.cif
A0A7J3QTT3,AF-A0A7J3QTT3-F1,6,97.12,Candidatus Bathyarchaeota archaeon,2026714,ENV10_00375,DNA helicase UvrD,A0A7J3QTT3_9ARCH,46,https://alphafold.ebi.ac.uk/files/AF-A0A7J3QTT3-F1-model_v6.cif
A0A7J3QYA8,AF-A0A7J3QYA8-F1,6,95.19,Candidatus Bathyarchaeota archaeon,2026714,ENR66_02840,Mevalonate kinase,A0A7J3QYA8_9ARCH,34,https://alphafold.ebi.ac.uk/files/AF-A0A7J3QYA8-F1-model_v6.cif
A0A7J3R097,AF-A0A7J3R097-F1,6,97.25,Candidatus Bathyarchaeota archaeon,2026714,ENV78_04255,Ornithine cyclodeaminase family protein,A0A7J3R097_9ARCH,37,https://alphafold.ebi.ac.uk/files/AF-A0A7J3R097-F1-model_v6.cif
A0A7J3S713,AF-A0A7J3S713-F1,6,96.06,Methanobacteriaceae archaeon,2099680,ENW56_02955,LSM domain protein,A0A7J3S713_9EURY,49,https://alphafold.ebi.ac.uk/files/AF-A0A7J3S713-F1-model_v6.cif
A0A7J3SZL7,AF-A0A7J3SZL7-F1,6,95.31,Candidatus Bathyarchaeota archaeon,2026714,ENL56_00065,Desulfoferrodoxin FeS4 iron-binding domain-containing protein,A0A7J3SZL7_9ARCH,39,https://alphafold.ebi.ac.uk/files/AF-A0A7J3SZL7-F1-model_v6.cif
A0A7J3T0Q9,AF-A0A7J3T0Q9-F1,6,95.88,Candidatus Bathyarchaeota archaeon,2026714,ENL56_01860,Pseudouridine synthase,A0A7J3T0Q9_9ARCH,47,https://alphafold.ebi.ac.uk/files/AF-A0A7J3T0Q9-F1-model_v6.cif
A0A7J3TGH2,AF-A0A7J3TGH2-F1,6,96.62,Thermoplasmatales archaeon,2268204,ENL52_09085,Nicotinamide-nucleotide adenylyltransferase,A0A7J3TGH2_9ARCH,36,https://alphafold.ebi.ac.uk/files/AF-A0A7J3TGH2-F1-model_v6.cif
A0A7J3TX92,AF-A0A7J3TX92-F1,6,95.88,Candidatus Bathyarchaeota archaeon,2026714,ENL72_05870,Gfo/Idh/MocA-like oxidoreductase N-terminal domain-containing protein,A0A7J3TX92_9ARCH,49,https://alphafold.ebi.ac.uk/files/AF-A0A7J3TX92-F1-model_v6.cif
A0A7J3TXK2,AF-A0A7J3TXK2-F1,6,97.44,Candidatus Bathyarchaeota archaeon,2026714,ENL72_05450,Imidazole glycerol phosphate synthase subunit HisF,A0A7J3TXK2_9ARCH,45,https://alphafold.ebi.ac.uk/files/AF-A0A7J3TXK2-F1-model_v6.cif
A0A7J3UYK2,AF-A0A7J3UYK2-F1,6,96.56,Candidatus Methanosuratincola petrocarbonis,1867261,ENL91_02085,HEPN domain-containing protein,A0A7J3UYK2_9ARCH,38,https://alphafold.ebi.ac.uk/files/AF-A0A7J3UYK2-F1-model_v6.cif
A0A7J3W5A3,AF-A0A7J3W5A3-F1,6,96.06,Candidatus Aenigmatarchaeota archaeon,3121606,ENM04_00200,Rubredoxin,A0A7J3W5A3_9ARCH,44,https://alphafold.ebi.ac.uk/files/AF-A0A7J3W5A3-F1-model_v6.cif
A0A7J3W5T9,AF-A0A7J3W5T9-F1,6,97.38,Candidatus Aenigmatarchaeota archaeon,3121606,ENM04_01580,Arsenate reductase ArsC,A0A7J3W5T9_9ARCH,40,https://alphafold.ebi.ac.uk/files/AF-A0A7J3W5T9-F1-model_v6.cif
A0A7J3W6K5,AF-A0A7J3W6K5-F1,6,96.25,Candidatus Bathyarchaeota archaeon,2026714,ENM77_00510,Fumarate hydratase,A0A7J3W6K5_9ARCH,38,https://alphafold.ebi.ac.uk/files/AF-A0A7J3W6K5-F1-model_v6.cif
A0A7J3W6T1,AF-A0A7J3W6T1-F1,6,95.75,Candidatus Bathyarchaeota archaeon,2026714,ENM77_01125,Lrp/AsnC family transcriptional regulator,A0A7J3W6T1_9ARCH,33,https://alphafold.ebi.ac.uk/files/AF-A0A7J3W6T1-F1-model_v6.cif
A0A7J3W7Q6,AF-A0A7J3W7Q6-F1,6,96.12,Candidatus Bathyarchaeota archaeon,2026714,ENM77_02430,Macrolide ABC transporter ATP-binding protein,A0A7J3W7Q6_9ARCH,49,https://alphafold.ebi.ac.uk/files/AF-A0A7J3W7Q6-F1-model_v6.cif
A0A7J3W909,AF-A0A7J3W909-F1,6,96.5,Candidatus Bathyarchaeota archaeon,2026714,ENM77_04710,Nucleotidyl transferase domain-containing protein,A0A7J3W909_9ARCH,41,https://alphafold.ebi.ac.uk/files/AF-A0A7J3W909-F1-model_v6.cif
A0A7J3WCY0,AF-A0A7J3WCY0-F1,6,97.69,Caldiarchaeum subterraneum,311458,ENM30_04100,Universal stress protein,A0A7J3WCY0_CALS0,39,https://alphafold.ebi.ac.uk/files/AF-A0A7J3WCY0-F1-model_v6.cif
A0A7J3WZ86,AF-A0A7J3WZ86-F1,6,97.06,Nitrososphaeria archaeon,2268198,ENM64_06700,HEPN domain-containing protein,A0A7J3WZ86_9ARCH,44,https://alphafold.ebi.ac.uk/files/AF-A0A7J3WZ86-F1-model_v6.cif
A0A7J3XGR4,AF-A0A7J3XGR4-F1,6,95.0,Acidilobales archaeon,2268176,ENM80_03460,Peptide chain release factor 1,A0A7J3XGR4_9CREN,37,https://alphafold.ebi.ac.uk/files/AF-A0A7J3XGR4-F1-model_v6.cif
A0A7J3XUF5,AF-A0A7J3XUF5-F1,6,95.25,Candidatus Bathyarchaeota archaeon,2026714,ENM74_01780,"Energy-converting hydrogenase A, subunit R",A0A7J3XUF5_9ARCH,48,https://alphafold.ebi.ac.uk/files/AF-A0A7J3XUF5-F1-model_v6.cif
A0A7J3XUT2,AF-A0A7J3XUT2-F1,6,95.88,Candidatus Bathyarchaeota archaeon,2026714,ENM74_01835,Aromatic acid decarboxylase,A0A7J3XUT2_9ARCH,40,https://alphafold.ebi.ac.uk/files/AF-A0A7J3XUT2-F1-model_v6.cif
A0A7J3ZAE1,AF-A0A7J3ZAE1-F1,6,95.38,Acidilobales archaeon,2268176,ENM69_01330,Peroxisomal trans-2-enoyl-CoA reductase,A0A7J3ZAE1_9CREN,45,https://alphafold.ebi.ac.uk/files/AF-A0A7J3ZAE1-F1-model_v6.cif
A0A7J3ZM45,AF-A0A7J3ZM45-F1,6,95.19,Candidatus Bathyarchaeota archaeon,2026714,ENM87_00265,AbrB/MazE/SpoVT family DNA-binding domain-containing protein,A0A7J3ZM45_9ARCH,48,https://alphafold.ebi.ac.uk/files/AF-A0A7J3ZM45-F1-model_v6.cif
A0A7J3ZQ93,AF-A0A7J3ZQ93-F1,6,96.06,Candidatus Bathyarchaeota archaeon,2026714,ENM87_05615,Nitroreductase domain-containing protein,A0A7J3ZQ93_9ARCH,39,https://alphafold.ebi.ac.uk/files/AF-A0A7J3ZQ93-F1-model_v6.cif
A0A7J4B0F6,AF-A0A7J4B0F6-F1,6,95.31,Candidatus Bathyarchaeota archaeon,2026714,ENV19_05440,ATP-binding cassette domain-containing protein,A0A7J4B0F6_9ARCH,41,https://alphafold.ebi.ac.uk/files/AF-A0A7J4B0F6-F1-model_v6.cif
A0A7J4B2F1,AF-A0A7J4B2F1-F1,6,95.56,Micrarchaeota archaeon,2250274,ENX40_00675,Ankyrin repeat domain-containing protein,A0A7J4B2F1_UNCMH,45,https://alphafold.ebi.ac.uk/files/AF-A0A7J4B2F1-F1-model_v6.cif
A0A7J4BA39,AF-A0A7J4BA39-F1,6,95.44,Desulfurococcaceae archaeon,2184738,ENU47_04230,Cobalamin-binding protein,A0A7J4BA39_9CREN,46,https://alphafold.ebi.ac.uk/files/AF-A0A7J4BA39-F1-model_v6.cif
A0A7J4BAQ2,AF-A0A7J4BAQ2-F1,6,95.38,Candidatus Aenigmatarchaeota archaeon,3121606,ENX76_00055,RNA 3'-terminal phosphate cyclase,A0A7J4BAQ2_9ARCH,41,https://alphafold.ebi.ac.uk/files/AF-A0A7J4BAQ2-F1-model_v6.cif
A0A7J4EKQ9,AF-A0A7J4EKQ9-F1,6,96.0,Methanosarcinales archaeon,2250255,EYP22_04925,Recombinase,A0A7J4EKQ9_9EURY,38,https://alphafold.ebi.ac.uk/files/AF-A0A7J4EKQ9-F1-model_v6.cif
A0A7J4FTH4,AF-A0A7J4FTH4-F1,6,96.19,Methanosarcinales archaeon,2250255,EYP67_05750,IS91 family transposase,A0A7J4FTH4_9EURY,40,https://alphafold.ebi.ac.uk/files/AF-A0A7J4FTH4-F1-model_v6.cif
A0A7J4FUL6,AF-A0A7J4FUL6-F1,6,97.0,Methanosarcinales archaeon,2250255,EYP67_07330,Desulfoferrodoxin FeS4 iron-binding domain-containing protein,A0A7J4FUL6_9EURY,38,https://alphafold.ebi.ac.uk/files/AF-A0A7J4FUL6-F1-model_v6.cif
A0A7J4G0F4,AF-A0A7J4G0F4-F1,6,97.06,Candidatus Geothermarchaeota archaeon,2250273,EYP83_02450,Peroxiredoxin,A0A7J4G0F4_9ARCH,47,https://alphafold.ebi.ac.uk/files/AF-A0A7J4G0F4-F1-model_v6.cif
A0A7J4NWE9,AF-A0A7J4NWE9-F1,6,96.12,Methanosarcinales archaeon,2250255,HA304_03760,Desulfoferrodoxin FeS4 iron-binding domain-containing protein,A0A7J4NWE9_9EURY,40,https://alphafold.ebi.ac.uk/files/AF-A0A7J4NWE9-F1-model_v6.cif
A0A7J9SMA8,AF-A0A7J9SMA8-F1,6,96.88,ANME-2 cluster archaeon,2056317,HF974_00230,GNAT family N-acetyltransferase,A0A7J9SMA8_9EURY,48,https://alphafold.ebi.ac.uk/files/AF-A0A7J9SMA8-F1-model_v6.cif
A0A7J9SPI1,AF-A0A7J9SPI1-F1,6,96.06,ANME-2 cluster archaeon,2056317,HF974_02995,Desulfoferrodoxin FeS4 iron-binding domain-containing protein,A0A7J9SPI1_9EURY,40,https://alphafold.ebi.ac.uk/files/AF-A0A7J9SPI1-F1-model_v6.cif
A0A7K3Y6W1,AF-A0A7K3Y6W1-F1,6,95.12,Methanomicrobiales archaeon,2184052,GX880_10245,Transposase,A0A7K3Y6W1_9EURY,31,https://alphafold.ebi.ac.uk/files/AF-A0A7K3Y6W1-F1-model_v6.cif
A0A7K3YIN1,AF-A0A7K3YIN1-F1,6,95.81,Methanomicrobiales archaeon,2184052,GX837_09675,Carbamoyl phosphate synthase small subunit,A0A7K3YIN1_9EURY,45,https://alphafold.ebi.ac.uk/files/AF-A0A7K3YIN1-F1-model_v6.cif
A0A7K4GQA7,AF-A0A7K4GQA7-F1,6,97.06,Promethearchaeota archaeon,2053489,HWN80_10160,Rubredoxin,A0A7K4GQA7_9ARCH,44,https://alphafold.ebi.ac.uk/files/AF-A0A7K4GQA7-F1-model_v6.cif
A0A7K4NEG8,AF-A0A7K4NEG8-F1,6,97.31,Marine Group I thaumarchaeote,2511932,HX802_02665,Ketol-acid reductoisomerase,A0A7K4NEG8_9ARCH,44,https://alphafold.ebi.ac.uk/files/AF-A0A7K4NEG8-F1-model_v6.cif
A0A7K4NF07,AF-A0A7K4NF07-F1,6,96.0,Marine Group I thaumarchaeote,2511932,HX802_04405,IMP dehydrogenase,A0A7K4NF07_9ARCH,49,https://alphafold.ebi.ac.uk/files/AF-A0A7K4NF07-F1-model_v6.cif
A0A7L4QJ31,AF-A0A7L4QJ31-F1,6,95.69,Methanomassiliicoccales archaeon,1906667,GKC02_02790,Desulfoferrodoxin FeS4 iron-binding domain-containing protein,A0A7L4QJ31_9ARCH,38,https://alphafold.ebi.ac.uk/files/AF-A0A7L4QJ31-F1-model_v6.cif
A0A7M3SGS7,AF-A0A7M3SGS7-F1,6,96.88,Candidatus Poseidoniales archaeon,2163009,D7H89_05610,isocitrate dehydrogenase (NADP(+)),A0A7M3SGS7_9ARCH,46,https://alphafold.ebi.ac.uk/files/AF-A0A7M3SGS7-F1-model_v6.cif
A0A7M3SKX7,AF-A0A7M3SKX7-F1,6,97.88,Candidatus Poseidoniales archaeon,2163009,D7H83_04900,NAD-dependent epimerase/dehydratase family protein,A0A7M3SKX7_9ARCH,34,https://alphafold.ebi.ac.uk/files/AF-A0A7M3SKX7-F1-model_v6.cif
A0A7M3W8C7,AF-A0A7M3W8C7-F1,6,96.0,Candidatus Poseidoniales archaeon,2163009,D7H88_01940,Peptidase S9 prolyl oligopeptidase catalytic domain-containing protein,A0A7M3W8C7_9ARCH,49,https://alphafold.ebi.ac.uk/files/AF-A0A7M3W8C7-F1-model_v6.cif
A0A7M3WGX1,AF-A0A7M3WGX1-F1,6,95.75,Candidatus Poseidoniales archaeon,2163009,D7H77_03655,Aminotransferase class V-fold PLP-dependent enzyme,A0A7M3WGX1_9ARCH,40,https://alphafold.ebi.ac.uk/files/AF-A0A7M3WGX1-F1-model_v6.cif
A0A7M3WHN5,AF-A0A7M3WHN5-F1,6,96.44,Candidatus Poseidoniales archaeon,2163009,D7H77_02965,NAD-dependent epimerase/dehydratase family protein,A0A7M3WHN5_9ARCH,32,https://alphafold.ebi.ac.uk/files/AF-A0A7M3WHN5-F1-model_v6.cif
A0A7M3WSQ7,AF-A0A7M3WSQ7-F1,6,95.0,Candidatus Poseidoniales archaeon,2163009,D7I01_04715,FAD-binding protein,A0A7M3WSQ7_9ARCH,33,https://alphafold.ebi.ac.uk/files/AF-A0A7M3WSQ7-F1-model_v6.cif
A0A7M3WYC8,AF-A0A7M3WYC8-F1,6,95.0,Candidatus Poseidoniales archaeon,2163009,D7H89_08000,peptidyl-tRNA hydrolase,A0A7M3WYC8_9ARCH,42,https://alphafold.ebi.ac.uk/files/AF-A0A7M3WYC8-F1-model_v6.cif
A0A7M3X120,AF-A0A7M3X120-F1,6,95.38,Candidatus Poseidoniales archaeon,2163009,D7H91_05605,NAD-dependent epimerase/dehydratase family protein,A0A7M3X120_9ARCH,47,https://alphafold.ebi.ac.uk/files/AF-A0A7M3X120-F1-model_v6.cif
A0A7M3X1A0,AF-A0A7M3X1A0-F1,6,97.31,Candidatus Poseidoniales archaeon,2163009,D7H91_04895,6-carboxytetrahydropterin synthase QueD,A0A7M3X1A0_9ARCH,40,https://alphafold.ebi.ac.uk/files/AF-A0A7M3X1A0-F1-model_v6.cif
A0A7M3X379,AF-A0A7M3X379-F1,6,95.44,Candidatus Poseidoniales archaeon,2163009,D7H91_03835,peptidyl-tRNA hydrolase,A0A7M3X379_9ARCH,42,https://alphafold.ebi.ac.uk/files/AF-A0A7M3X379-F1-model_v6.cif
A0A7M3X6H7,AF-A0A7M3X6H7-F1,6,96.88,Candidatus Poseidoniales archaeon,2163009,D7H89_01630,nucleoside-diphosphate kinase,A0A7M3X6H7_9ARCH,37,https://alphafold.ebi.ac.uk/files/AF-A0A7M3X6H7-F1-model_v6.cif
A0A7M3XQK6,AF-A0A7M3XQK6-F1,6,97.44,Candidatus Poseidoniales archaeon,2163009,D7H81_02285,NAD-dependent epimerase/dehydratase family protein,A0A7M3XQK6_9ARCH,29,https://alphafold.ebi.ac.uk/files/AF-A0A7M3XQK6-F1-model_v6.cif
A0A7M3XRS6,AF-A0A7M3XRS6-F1,6,97.0,Candidatus Poseidoniales archaeon,2163009,D7H74_01585,Fructose-bisphosphatase class II,A0A7M3XRS6_9ARCH,40,https://alphafold.ebi.ac.uk/files/AF-A0A7M3XRS6-F1-model_v6.cif
A0A7M3XTS2,AF-A0A7M3XTS2-F1,6,95.19,Candidatus Poseidoniales archaeon,2163009,D7H74_00675,CoA carboxyltransferase N-terminal domain-containing protein,A0A7M3XTS2_9ARCH,49,https://alphafold.ebi.ac.uk/files/AF-A0A7M3XTS2-F1-model_v6.cif
A0A7M3XVG2,AF-A0A7M3XVG2-F1,6,96.5,Candidatus Poseidoniales archaeon,2163009,D7I05_08015,Cystathionine gamma-synthase,A0A7M3XVG2_9ARCH,46,https://alphafold.ebi.ac.uk/files/AF-A0A7M3XVG2-F1-model_v6.cif
A0A7M3XVL2,AF-A0A7M3XVL2-F1,6,96.0,Candidatus Poseidoniales archaeon,2163009,D7H79_06120,ATP-binding cassette domain-containing protein,A0A7M3XVL2_9ARCH,48,https://alphafold.ebi.ac.uk/files/AF-A0A7M3XVL2-F1-model_v6.cif
A0A7M3XYR1,AF-A0A7M3XYR1-F1,6,96.0,Candidatus Poseidoniales archaeon,2163009,D7I05_05330,tRNA synthetases class I catalytic domain-containing protein,A0A7M3XYR1_9ARCH,42,https://alphafold.ebi.ac.uk/files/AF-A0A7M3XYR1-F1-model_v6.cif
A0A7M3XZU0,AF-A0A7M3XZU0-F1,6,97.69,Candidatus Poseidoniales archaeon,2163009,D7H79_04240,FAD synthase,A0A7M3XZU0_9ARCH,36,https://alphafold.ebi.ac.uk/files/AF-A0A7M3XZU0-F1-model_v6.cif
A0A7M3YDZ0,AF-A0A7M3YDZ0-F1,6,95.81,Candidatus Poseidoniales archaeon,2163009,D7I00_06815,Ribose 5-phosphate isomerase A,A0A7M3YDZ0_9ARCH,46,https://alphafold.ebi.ac.uk/files/AF-A0A7M3YDZ0-F1-model_v6.cif
A0A7M3YIS4,AF-A0A7M3YIS4-F1,6,95.81,Candidatus Poseidoniales archaeon,2163009,D7H83_01790,DUF2237 family protein,A0A7M3YIS4_9ARCH,50,https://alphafold.ebi.ac.uk/files/AF-A0A7M3YIS4-F1-model_v6.cif
A0A7M3YK94,AF-A0A7M3YK94-F1,6,96.81,Candidatus Poseidoniales archaeon,2163009,D7I00_02990,Glycerol-3-phosphate dehydrogenase,A0A7M3YK94_9ARCH,47,https://alphafold.ebi.ac.uk/files/AF-A0A7M3YK94-F1-model_v6.cif
A0A7M3YPB3,AF-A0A7M3YPB3-F1,6,95.25,Candidatus Poseidoniales archaeon,2163009,D7I00_01155,3-oxoacyl-ACP reductase,A0A7M3YPB3_9ARCH,25,https://alphafold.ebi.ac.uk/files/AF-A0A7M3YPB3-F1-model_v6.cif
A0A7M3YUC1,AF-A0A7M3YUC1-F1,6,96.56,Candidatus Poseidoniales archaeon,2163009,D7H92_07260,Glyceraldehyde-3-phosphate dehydrogenase,A0A7M3YUC1_9ARCH,50,https://alphafold.ebi.ac.uk/files/AF-A0A7M3YUC1-F1-model_v6.cif
A0A7M3Z7R6,AF-A0A7M3Z7R6-F1,6,97.19,Candidatus Poseidoniales archaeon,2163009,D7H92_00235,SDR family oxidoreductase,A0A7M3Z7R6_9ARCH,49,https://alphafold.ebi.ac.uk/files/AF-A0A7M3Z7R6-F1-model_v6.cif
A0A7M3Z7W4,AF-A0A7M3Z7W4-F1,6,97.0,Candidatus Poseidoniales archaeon,2163009,D7H92_00665,Glutamine-hydrolyzing GMP synthase subunit GuaA,A0A7M3Z7W4_9ARCH,43,https://alphafold.ebi.ac.uk/files/AF-A0A7M3Z7W4-F1-model_v6.cif
A0A7M3ZAB9,AF-A0A7M3ZAB9-F1,6,95.69,Candidatus Poseidoniales archaeon,2163009,D7H97_01770,Aldehyde dehydrogenase family protein,A0A7M3ZAB9_9ARCH,48,https://alphafold.ebi.ac.uk/files/AF-A0A7M3ZAB9-F1-model_v6.cif
A0A7M3ZI84,AF-A0A7M3ZI84-F1,6,95.5,Candidatus Poseidoniales archaeon,2163009,D7H78_03295,"3,4-dihydroxy-2-butanone-4-phosphate synthase",A0A7M3ZI84_9ARCH,40,https://alphafold.ebi.ac.uk/files/AF-A0A7M3ZI84-F1-model_v6.cif
A0A7M3ZII4,AF-A0A7M3ZII4-F1,6,96.81,Candidatus Poseidoniales archaeon,2163009,D7H78_03080,peptide-methionine (R)-S-oxide reductase,A0A7M3ZII4_9ARCH,38,https://alphafold.ebi.ac.uk/files/AF-A0A7M3ZII4-F1-model_v6.cif
A0A7M3ZZV4,AF-A0A7M3ZZV4-F1,6,97.31,Candidatus Poseidoniales archaeon,2163009,D7I08_01730,NAD(P)(+) transhydrogenase (Re/Si-specific) subunit alpha,A0A7M3ZZV4_9ARCH,50,https://alphafold.ebi.ac.uk/files/AF-A0A7M3ZZV4-F1-model_v6.cif
A0A7M4A1E0,AF-A0A7M4A1E0-F1,6,95.75,Candidatus Poseidoniales archaeon,2163009,rpsH,30S ribosomal protein S8,A0A7M4A1E0_9ARCH,32,https://alphafold.ebi.ac.uk/files/AF-A0A7M4A1E0-F1-model_v6.cif
A0A7M4A5Q8,AF-A0A7M4A5Q8-F1,6,95.12,Candidatus Poseidoniales archaeon,2163009,D7I02_04590,Ferredoxin,A0A7M4A5Q8_9ARCH,43,https://alphafold.ebi.ac.uk/files/AF-A0A7M4A5Q8-F1-model_v6.cif
A0A7M4AAC8,AF-A0A7M4AAC8-F1,6,95.56,Candidatus Poseidoniales archaeon,2163009,D7I02_02260,Nicotinate dehydrogenase medium molybdopterin subunit,A0A7M4AAC8_9ARCH,46,https://alphafold.ebi.ac.uk/files/AF-A0A7M4AAC8-F1-model_v6.cif
A0A7M4AP21,AF-A0A7M4AP21-F1,6,95.19,Candidatus Poseidoniales archaeon,2163009,D7I13_03500,4-demethylwyosine synthase TYW1,A0A7M4AP21_9ARCH,48,https://alphafold.ebi.ac.uk/files/AF-A0A7M4AP21-F1-model_v6.cif
A0A811T5J5,AF-A0A811T5J5-F1,6,95.75,Candidatus Argoarchaeum ethanivorans,2608793,rub,Rubredoxin,A0A811T5J5_9EURY,45,https://alphafold.ebi.ac.uk/files/AF-A0A811T5J5-F1-model_v6.cif
A0A811TB18,AF-A0A811TB18-F1,6,95.75,Candidatus Argoarchaeum ethanivorans,2608793,rub,Rubredoxin,A0A811TB18_9EURY,45,https://alphafold.ebi.ac.uk/files/AF-A0A811TB18-F1-model_v6.cif
A0A811TBK2,AF-A0A811TBK2-F1,6,95.12,Candidatus Argoarchaeum ethanivorans,2608793,LAKADJCE_00568,Uncharacterized protein,A0A811TBK2_9EURY,38,https://alphafold.ebi.ac.uk/files/AF-A0A811TBK2-F1-model_v6.cif
A0A811TE36,AF-A0A811TE36-F1,6,95.38,Candidatus Argoarchaeum ethanivorans,2608793,rub,Rubredoxin,A0A811TE36_9EURY,45,https://alphafold.ebi.ac.uk/files/AF-A0A811TE36-F1-model_v6.cif
A0A812A2F1,AF-A0A812A2F1-F1,6,95.88,Candidatus Argoarchaeum ethanivorans,2608793,glnBI,Nitrogen fixation nifHD region glnB-like protein1,A0A812A2F1_9EURY,48,https://alphafold.ebi.ac.uk/files/AF-A0A812A2F1-F1-model_v6.cif
A0A822IIB9,AF-A0A822IIB9-F1,6,97.06,Methanosarcinales archaeon,2250255,aroE,Partial Shikimate dehydrogenase (NADP(+)),A0A822IIB9_9EURY,46,https://alphafold.ebi.ac.uk/files/AF-A0A822IIB9-F1-model_v6.cif
A0A822IKI2,AF-A0A822IKI2-F1,6,95.75,Methanosarcinales archaeon,2250255,METP3_00409,Uncharacterized protein,A0A822IKI2_9EURY,33,https://alphafold.ebi.ac.uk/files/AF-A0A822IKI2-F1-model_v6.cif
A0A822ILJ2,AF-A0A822ILJ2-F1,6,95.81,Methanosarcinales archaeon,2250255,carB,Partial Carbamoyl-phosphate synthase large chain,A0A822ILJ2_9EURY,36,https://alphafold.ebi.ac.uk/files/AF-A0A822ILJ2-F1-model_v6.cif
A0A822IN67,AF-A0A822IN67-F1,6,96.5,Methanosarcinales archaeon,2250255,METP2_01544,3-isopropylmalate dehydratase large subunit,A0A822IN67_9EURY,48,https://alphafold.ebi.ac.uk/files/AF-A0A822IN67-F1-model_v6.cif
A0A822IR84,AF-A0A822IR84-F1,6,95.44,Methanosarcinales archaeon,2250255,ydiB,Partial Quinate/shikimate dehydrogenase,A0A822IR84_9EURY,44,https://alphafold.ebi.ac.uk/files/AF-A0A822IR84-F1-model_v6.cif
A0A822IUL2,AF-A0A822IUL2-F1,6,95.25,Methanosarcinales archaeon,2250255,METP2_00491,tRNA-binding domain-containing protein,A0A822IUL2_9EURY,42,https://alphafold.ebi.ac.uk/files/AF-A0A822IUL2-F1-model_v6.cif
A0A831V7D1,AF-A0A831V7D1-F1,6,96.62,Thermoproteus sp,2268139,ENO15_03205,Acetyl-CoA C-acyltransferase,A0A831V7D1_9CREN,48,https://alphafold.ebi.ac.uk/files/AF-A0A831V7D1-F1-model_v6.cif
A0A831VDP7,AF-A0A831VDP7-F1,6,96.12,Thermoproteus sp,2268139,ENO15_05850,GTP-binding protein,A0A831VDP7_9CREN,44,https://alphafold.ebi.ac.uk/files/AF-A0A831VDP7-F1-model_v6.cif
A0A831YJC5,AF-A0A831YJC5-F1,6,95.06,Pyrobaculum sp,2004705,ENO41_10055,CBS domain-containing protein,A0A831YJC5_9CREN,44,https://alphafold.ebi.ac.uk/files/AF-A0A831YJC5-F1-model_v6.cif
A0A832DFU9,AF-A0A832DFU9-F1,6,96.81,Pyrobaculum sp,2004705,ENO41_01680,DUF371 domain-containing protein,A0A832DFU9_9CREN,47,https://alphafold.ebi.ac.uk/files/AF-A0A832DFU9-F1-model_v6.cif
A0A832VUI6,AF-A0A832VUI6-F1,6,96.0,Candidatus Poseidoniales archaeon,2163009,EYJ03_03095,Cold-shock protein,A0A832VUI6_9ARCH,28,https://alphafold.ebi.ac.uk/files/AF-A0A832VUI6-F1-model_v6.cif
A0A832Y0B8,AF-A0A832Y0B8-F1,6,96.88,Candidatus Poseidoniales archaeon,2163009,EYM56_02070,Acetyl-CoA acetyltransferase,A0A832Y0B8_9ARCH,48,https://alphafold.ebi.ac.uk/files/AF-A0A832Y0B8-F1-model_v6.cif
A0A832YEZ8,AF-A0A832YEZ8-F1,6,96.88,Candidatus Poseidoniales archaeon,2163009,EYN30_01330,FAD-dependent oxidoreductase,A0A832YEZ8_9ARCH,46,https://alphafold.ebi.ac.uk/files/AF-A0A832YEZ8-F1-model_v6.cif
A0A842Q616,AF-A0A842Q616-F1,6,96.12,Nitrososphaeraceae archaeon,2169593,ICV56_05970,5-(Carboxyamino)imidazole ribonucleotide mutase,A0A842Q616_9ARCH,30,https://alphafold.ebi.ac.uk/files/AF-A0A842Q616-F1-model_v6.cif
A0A842Y7E2,AF-A0A842Y7E2-F1,6,96.0,Methanosarcinales archaeon,2250255,IBX40_07895,Desulfoferrodoxin FeS4 iron-binding domain-containing protein,A0A842Y7E2_9EURY,40,https://alphafold.ebi.ac.uk/files/AF-A0A842Y7E2-F1-model_v6.cif
A0A843BFT9,AF-A0A843BFT9-F1,6,95.88,Nitrososphaerota archaeon,2026795,IS632_08390,Nucleotide exchange factor GrpE,A0A843BFT9_UNCNO,50,https://alphafold.ebi.ac.uk/files/AF-A0A843BFT9-F1-model_v6.cif
A0A843CAZ7,AF-A0A843CAZ7-F1,6,95.06,Methanosarcinales archaeon,2250255,JJE19_08300,CBS domain-containing protein,A0A843CAZ7_9EURY,48,https://alphafold.ebi.ac.uk/files/AF-A0A843CAZ7-F1-model_v6.cif
A0A849PHU7,AF-A0A849PHU7-F1,6,97.56,Methanosarcinales archaeon,2250255,GQ566_04380,Desulfoferrodoxin FeS4 iron-binding domain-containing protein,A0A849PHU7_9EURY,37,https://alphafold.ebi.ac.uk/files/AF-A0A849PHU7-F1-model_v6.cif
A0A849PJP1,AF-A0A849PJP1-F1,6,96.0,Methanosarcinales archaeon,2250255,GQ566_03290,Nitroreductase family protein,A0A849PJP1_9EURY,43,https://alphafold.ebi.ac.uk/files/AF-A0A849PJP1-F1-model_v6.cif
A0A849PLI1,AF-A0A849PLI1-F1,6,97.25,Methanosarcinales archaeon,2250255,GQ567_01195,Desulfoferrodoxin FeS4 iron-binding domain-containing protein,A0A849PLI1_9EURY,37,https://alphafold.ebi.ac.uk/files/AF-A0A849PLI1-F1-model_v6.cif
A0A8J7XH87,AF-A0A8J7XH87-F1,6,96.44,Theionarchaea archaeon,2747605,HXS44_11075,NFYB/HAP3 family transcription factor subunit,A0A8J7XH87_9EURY,42,https://alphafold.ebi.ac.uk/files/AF-A0A8J7XH87-F1-model_v6.cif
A0A8J8C3Q5,AF-A0A8J8C3Q5-F1,6,96.38,Theionarchaea archaeon,2747605,HXS45_00475,DUF521 domain-containing protein,A0A8J8C3Q5_9EURY,48,https://alphafold.ebi.ac.uk/files/AF-A0A8J8C3Q5-F1-model_v6.cif
A0A8J8DHJ8,AF-A0A8J8DHJ8-F1,6,97.62,Thermococcus sp. MAR1,1638263,E3E25_11205,Adenosine monophosphate-protein transferase,A0A8J8DHJ8_9EURY,44,https://alphafold.ebi.ac.uk/files/AF-A0A8J8DHJ8-F1-model_v6.cif
A0A8S8Y833,AF-A0A8S8Y833-F1,6,95.19,Candidatus Poseidoniales archaeon,2163009,CM15mP78_08360,Ribose 5-phosphate isomerase A,A0A8S8Y833_9ARCH,47,https://alphafold.ebi.ac.uk/files/AF-A0A8S8Y833-F1-model_v6.cif
A0A8S8YJI6,AF-A0A8S8YJI6-F1,6,96.25,Candidatus Poseidoniales archaeon,2163009,Ct9H90mP16_21650,N-acetyltransferase,A0A8S8YJI6_9ARCH,36,https://alphafold.ebi.ac.uk/files/AF-A0A8S8YJI6-F1-model_v6.cif
A0A8S8YVN2,AF-A0A8S8YVN2-F1,6,96.62,Candidatus Poseidoniales archaeon,2163009,CM1200mP21_03850,tRNA-binding domain-containing protein,A0A8S8YVN2_9ARCH,48,https://alphafold.ebi.ac.uk/files/AF-A0A8S8YVN2-F1-model_v6.cif
A0A8T4DH60,AF-A0A8T4DH60-F1,6,96.88,Methanomicrobia archaeon,2268195,JW878_00985,NFYB/HAP3 family transcription factor subunit,A0A8T4DH60_9EURY,46,https://alphafold.ebi.ac.uk/files/AF-A0A8T4DH60-F1-model_v6.cif
A0A8T5JI94,AF-A0A8T5JI94-F1,6,97.5,Candidatus Bathyarchaeota archaeon,2026714,HN376_01460,Uncharacterized protein,A0A8T5JI94_9ARCH,45,https://alphafold.ebi.ac.uk/files/AF-A0A8T5JI94-F1-model_v6.cif
A0A8T5KDM7,AF-A0A8T5KDM7-F1,6,97.31,Candidatus Bathyarchaeota archaeon,2026714,HN376_05825,Desulfoferrodoxin FeS4 iron-binding domain-containing protein,A0A8T5KDM7_9ARCH,38,https://alphafold.ebi.ac.uk/files/AF-A0A8T5KDM7-F1-model_v6.cif
A0A8T6SHV5,AF-A0A8T6SHV5-F1,6,97.5,Thermoproteota archaeon,2056631,GWN17_10320,Class I SAM-dependent methyltransferase,A0A8T6SHV5_9CREN,33,https://alphafold.ebi.ac.uk/files/AF-A0A8T6SHV5-F1-model_v6.cif
A0A8T6TUW3,AF-A0A8T6TUW3-F1,6,95.62,Nitrosopumilaceae archaeon,2202732,GWN01_00710,RNA polymerase subunit sigma-24,A0A8T6TUW3_9ARCH,33,https://alphafold.ebi.ac.uk/files/AF-A0A8T6TUW3-F1-model_v6.cif
A0A8T6U953,AF-A0A8T6U953-F1,6,96.69,Nitrosopumilaceae archaeon,2202732,GWN01_12385,Ribose-phosphate pyrophosphokinase,A0A8T6U953_9ARCH,49,https://alphafold.ebi.ac.uk/files/AF-A0A8T6U953-F1-model_v6.cif
A0A8T6UP66,AF-A0A8T6UP66-F1,6,96.31,Candidatus Bathyarchaeota archaeon,2026714,GWM83_05085,Thiolase N-terminal domain-containing protein,A0A8T6UP66_9ARCH,50,https://alphafold.ebi.ac.uk/files/AF-A0A8T6UP66-F1-model_v6.cif
A0A8T6WDJ4,AF-A0A8T6WDJ4-F1,6,97.5,Thorarchaeota archaeon (strain OWC),2053491,GWN31_11430,Methyltransferase domain-containing protein,A0A8T6WDJ4_THOAR,33,https://alphafold.ebi.ac.uk/files/AF-A0A8T6WDJ4-F1-model_v6.cif
A0A8T6XLB1,AF-A0A8T6XLB1-F1,6,96.12,Nitrosopumilaceae archaeon,2202732,GWN01_06205,tRNA-binding protein,A0A8T6XLB1_9ARCH,44,https://alphafold.ebi.ac.uk/files/AF-A0A8T6XLB1-F1-model_v6.cif
A0A949JHM8,AF-A0A949JHM8-F1,6,96.81,Theionarchaea archaeon,2747605,HXS53_09990,DUF424 family protein,A0A949JHM8_9EURY,50,https://alphafold.ebi.ac.uk/files/AF-A0A949JHM8-F1-model_v6.cif
A1TJT8,AF-A1TJT8-F1,6,95.75,Paracidovorax citrulli (strain AAC00-1),397945,rpmJ,Large ribosomal subunit protein bL36,RL36_PARC0,37,https://alphafold.ebi.ac.uk/files/AF-A1TJT8-F1-model_v6.cif
A1TYL8,AF-A1TYL8-F1,6,95.31,Marinobacter nauticus (strain ATCC 700491 / DSM 11845 / VT8),351348,rpmJ,Large ribosomal subunit protein bL36,RL36_MARN8,37,https://alphafold.ebi.ac.uk/files/AF-A1TYL8-F1-model_v6.cif
A1V881,AF-A1V881-F1,6,95.94,Burkholderia mallei (strain SAVP1),320388,rpmJ,Large ribosomal subunit protein bL36,RL36_BURMS,38,https://alphafold.ebi.ac.uk/files/AF-A1V881-F1-model_v6.cif
A1VES0,AF-A1VES0-F1,6,97.06,Nitratidesulfovibrio vulgaris (strain DP4),391774,rpmH,Large ribosomal subunit protein bL34,RL34_NITV4,44,https://alphafold.ebi.ac.uk/files/AF-A1VES0-F1-model_v6.cif
A1WVA1,AF-A1WVA1-F1,6,95.31,Halorhodospira halophila (strain DSM 244 / SL1),349124,rpmJ,Large ribosomal subunit protein bL36,RL36_HALHL,37,https://alphafold.ebi.ac.uk/files/AF-A1WVA1-F1-model_v6.cif
A2S7J8,AF-A2S7J8-F1,6,95.69,Burkholderia mallei (strain NCTC 10229),412022,rpmJ,Large ribosomal subunit protein bL36,RL36_BURM9,38,https://alphafold.ebi.ac.uk/files/AF-A2S7J8-F1-model_v6.cif
A3MRX6,AF-A3MRX6-F1,6,96.0,Burkholderia mallei (strain NCTC 10247),320389,rpmJ,Large ribosomal subunit protein bL36,RL36_BURM7,38,https://alphafold.ebi.ac.uk/files/AF-A3MRX6-F1-model_v6.cif
A3P091,AF-A3P091-F1,6,96.12,Burkholderia pseudomallei (strain 1106a),357348,rpmJ,Large ribosomal subunit protein bL36,RL36_BURP0,38,https://alphafold.ebi.ac.uk/files/AF-A3P091-F1-model_v6.cif
A4VHQ1,AF-A4VHQ1-F1,6,95.75,Stutzerimonas stutzeri (strain A1501),379731,rpmJ,Large ribosomal subunit protein bL36,RL36_STUS1,38,https://alphafold.ebi.ac.uk/files/AF-A4VHQ1-F1-model_v6.cif
A4WFA7,AF-A4WFA7-F1,6,95.62,Enterobacter sp. (strain 638),399742,rpmJ1,Large ribosomal subunit protein bL36A,RL361_ENT38,38,https://alphafold.ebi.ac.uk/files/AF-A4WFA7-F1-model_v6.cif
A5CCQ4,AF-A5CCQ4-F1,6,95.69,Orientia tsutsugamushi (strain Boryong),357244,rpmJ,Large ribosomal subunit protein bL36,RL36_ORITB,41,https://alphafold.ebi.ac.uk/files/AF-A5CCQ4-F1-model_v6.cif
A5FMZ9,AF-A5FMZ9-F1,6,95.62,Flavobacterium johnsoniae (strain ATCC 17061 / DSM 2064 / JCM 8514 / BCRC 14874 / CCUG 350202 / NBRC 14942 / NCIMB 11054 / UW101),376686,rpmJ,Large ribosomal subunit protein bL36,RL36_FLAJ1,38,https://alphafold.ebi.ac.uk/files/AF-A5FMZ9-F1-model_v6.cif
A5FRW8,AF-A5FRW8-F1,6,95.12,Dehalococcoides mccartyi (strain ATCC BAA-2100 / JCM 16839 / KCTC 5957 / BAV1),216389,rpmJ,Large ribosomal subunit protein bL36,RL36_DEHMB,37,https://alphafold.ebi.ac.uk/files/AF-A5FRW8-F1-model_v6.cif
A5GN09,AF-A5GN09-F1,6,95.56,Synechococcus sp. (strain WH7803),32051,rpmH,Large ribosomal subunit protein bL34,RL34_SYNPW,45,https://alphafold.ebi.ac.uk/files/AF-A5GN09-F1-model_v6.cif
A5GRN4,AF-A5GRN4-F1,6,95.5,Synechococcus sp. (strain RCC307),316278,rpmH,Large ribosomal subunit protein bL34,RL34_SYNR3,45,https://alphafold.ebi.ac.uk/files/AF-A5GRN4-F1-model_v6.cif
A6QCS0,AF-A6QCS0-F1,6,95.56,Sulfurovum sp. (strain NBC37-1),387093,rpmJ,Large ribosomal subunit protein bL36,RL36_SULNB,37,https://alphafold.ebi.ac.uk/files/AF-A6QCS0-F1-model_v6.cif
A6W371,AF-A6W371-F1,6,95.56,Marinomonas sp. (strain MWYL1),400668,rpmJ,Large ribosomal subunit protein bL36,RL36_MARMS,37,https://alphafold.ebi.ac.uk/files/AF-A6W371-F1-model_v6.cif
A7MPF5,AF-A7MPF5-F1,6,95.31,Cronobacter sakazakii (strain ATCC BAA-894),290339,rpmJ1,Large ribosomal subunit protein bL36A,RL361_CROS8,38,https://alphafold.ebi.ac.uk/files/AF-A7MPF5-F1-model_v6.cif
A7MWH9,AF-A7MWH9-F1,6,95.69,Vibrio campbellii (strain ATCC BAA-1116),2902295,rpmJ1,Large ribosomal subunit protein bL36A,RL361_VIBC1,37,https://alphafold.ebi.ac.uk/files/AF-A7MWH9-F1-model_v6.cif
A7ZSI8,AF-A7ZSI8-F1,6,95.5,Escherichia coli O139:H28 (strain E24377A / ETEC),331111,rpmJ1,Large ribosomal subunit protein bL36A,RL361_ECO24,38,https://alphafold.ebi.ac.uk/files/AF-A7ZSI8-F1-model_v6.cif
A8A5A4,AF-A8A5A4-F1,6,95.38,Escherichia coli O9:H4 (strain HS),331112,rpmJ1,Large ribosomal subunit protein bL36A,RL361_ECOHS,38,https://alphafold.ebi.ac.uk/files/AF-A8A5A4-F1-model_v6.cif
A8ETK2,AF-A8ETK2-F1,6,95.31,Aliarcobacter butzleri (strain RM4018),367737,rpmJ,Large ribosomal subunit protein bL36,RL36_ALIB4,37,https://alphafold.ebi.ac.uk/files/AF-A8ETK2-F1-model_v6.cif
A9ADL5,AF-A9ADL5-F1,6,95.75,Burkholderia multivorans (strain ATCC 17616 / 249),395019,rpmJ,Large ribosomal subunit protein bL36,RL36_BURM1,38,https://alphafold.ebi.ac.uk/files/AF-A9ADL5-F1-model_v6.cif
B1GZA6,AF-B1GZA6-F1,6,96.0,Endomicrobium trichonymphae,1408204,rpmJ,Large ribosomal subunit protein bL36,RL36_ENDTX,37,https://alphafold.ebi.ac.uk/files/AF-B1GZA6-F1-model_v6.cif
B1IQ00,AF-B1IQ00-F1,6,95.38,Escherichia coli (strain ATCC 8739 / DSM 1576 / NBRC 3972 / NCIMB 8545 / WDCM 00012 / Crooks),481805,rpmJ1,Large ribosomal subunit protein bL36A,RL361_ECOLC,38,https://alphafold.ebi.ac.uk/files/AF-B1IQ00-F1-model_v6.cif
B1JIY2,AF-B1JIY2-F1,6,95.62,Yersinia pseudotuberculosis serotype O:3 (strain YPIII),502800,rpmJ1,Large ribosomal subunit protein bL36A,RL361_YERPY,38,https://alphafold.ebi.ac.uk/files/AF-B1JIY2-F1-model_v6.cif
B1JU44,AF-B1JU44-F1,6,96.12,Burkholderia orbicola (strain MC0-3),406425,rpmJ,Large ribosomal subunit protein bL36,RL36_BURO0,38,https://alphafold.ebi.ac.uk/files/AF-B1JU44-F1-model_v6.cif
B1LHB3,AF-B1LHB3-F1,6,95.56,Escherichia coli (strain SMS-3-5 / SECEC),439855,rpmJ1,Large ribosomal subunit protein bL36A,RL361_ECOSM,38,https://alphafold.ebi.ac.uk/files/AF-B1LHB3-F1-model_v6.cif
B1WWJ3,AF-B1WWJ3-F1,6,95.5,Crocosphaera subtropica (strain ATCC 51142 / BH68),43989,rpmH,Large ribosomal subunit protein bL34,RL34_CROS5,45,https://alphafold.ebi.ac.uk/files/AF-B1WWJ3-F1-model_v6.cif
B1X6F1,AF-B1X6F1-F1,6,95.44,Escherichia coli (strain K12 / DH10B),316385,rpmJ1,Large ribosomal subunit protein bL36A,RL361_ECODH,38,https://alphafold.ebi.ac.uk/files/AF-B1X6F1-F1-model_v6.cif
B3CQF1,AF-B3CQF1-F1,6,95.75,Orientia tsutsugamushi (strain Ikeda),334380,rpmJ,Large ribosomal subunit protein bL36,RL36_ORITI,41,https://alphafold.ebi.ac.uk/files/AF-B3CQF1-F1-model_v6.cif
B5FGD7,AF-B5FGD7-F1,6,95.75,Aliivibrio fischeri (strain MJ11),388396,rpmJ,Large ribosomal subunit protein bL36,RL36_ALIFM,37,https://alphafold.ebi.ac.uk/files/AF-B5FGD7-F1-model_v6.cif
B8DP14,AF-B8DP14-F1,6,95.5,Nitratidesulfovibrio vulgaris (strain DSM 19637 / Miyazaki F),883,rpmH,Large ribosomal subunit protein bL34,RL34_NITV9,45,https://alphafold.ebi.ac.uk/files/AF-B8DP14-F1-model_v6.cif
B8GV37,AF-B8GV37-F1,6,96.12,Thioalkalivibrio sulfidiphilus (strain HL-EbGR7),396588,rpmJ,Large ribosomal subunit protein bL36,RL36_THISH,37,https://alphafold.ebi.ac.uk/files/AF-B8GV37-F1-model_v6.cif
B8HR51,AF-B8HR51-F1,6,95.12,Cyanothece sp. (strain PCC 7425 / ATCC 29141),395961,rpmH,Large ribosomal subunit protein bL34,RL34_CYAP4,45,https://alphafold.ebi.ac.uk/files/AF-B8HR51-F1-model_v6.cif
C0HLA1,AF-C0HLA1-F1,6,96.88,Lachesis muta rhombeata,60219,,Thrombin-like enzyme LmrSP-2,VSP2_LACMR,30,https://alphafold.ebi.ac.uk/files/AF-C0HLA1-F1-model_v6.cif
C6C1A7,AF-C6C1A7-F1,6,95.38,Maridesulfovibrio salexigens (strain ATCC 14822 / DSM 2638 / NCIMB 8403 / VKM B-1763),526222,rpmJ,Large ribosomal subunit protein bL36,RL36_MARSD,37,https://alphafold.ebi.ac.uk/files/AF-C6C1A7-F1-model_v6.cif
H0AEA3,AF-H0AEA3-F1,6,95.75,Haloredivivus sp. (strain G17),1072681,HRED_10714,Metalloenzyme domain-containing protein,H0AEA3_HALSG,34,https://alphafold.ebi.ac.uk/files/AF-H0AEA3-F1-model_v6.cif
I7CSI0,AF-I7CSI0-F1,6,95.19,Natrinema sp. (strain J7-2),406552,rpl39e,Large ribosomal subunit protein eL39,I7CSI0_NATSJ,50,https://alphafold.ebi.ac.uk/files/AF-I7CSI0-F1-model_v6.cif
M0B978,AF-M0B978-F1,6,95.25,Natrialba aegyptia DSM 13077,1227491,rpl39e,Large ribosomal subunit protein eL39,M0B978_9EURY,50,https://alphafold.ebi.ac.uk/files/AF-M0B978-F1-model_v6.cif
M0BL78,AF-M0BL78-F1,6,95.25,Halovivax asiaticus JCM 14624,1227490,C479_07251,Short-chain dehydrogenase/reductase SDR,M0BL78_9EURY,35,https://alphafold.ebi.ac.uk/files/AF-M0BL78-F1-model_v6.cif
M1P6N2,AF-M1P6N2-F1,6,95.56,Methanosarcina mazei Tuc01,1236903,MmTuc01_0642,Desulforedoxin,M1P6N2_METMZ,41,https://alphafold.ebi.ac.uk/files/AF-M1P6N2-F1-model_v6.cif
O96797,AF-O96797-F1,6,95.62,Skeletonema costatum,2843,psb30,Photosystem II reaction center protein Psb30,PSB30_SKECO,34,https://alphafold.ebi.ac.uk/files/AF-O96797-F1-model_v6.cif
P00273,AF-P00273-F1,6,96.62,Megalodesulfovibrio gigas,879,dsr,Desulforedoxin,DESR_MEGGA,37,https://alphafold.ebi.ac.uk/files/AF-P00273-F1-model_v6.cif
P0A404,AF-P0A404-F1,6,96.44,Synechococcus elongatus,32046,psaM,Photosystem I reaction center subunit XII,PSAM_SYNEL,31,https://alphafold.ebi.ac.uk/files/AF-P0A404-F1-model_v6.cif
P0A497,AF-P0A497-F1,6,95.69,Vibrio cholerae serotype O1 (strain ATCC 39315 / El Tor Inaba N16961),243277,rpmJ,Large ribosomal subunit protein bL36A,RL361_VIBCH,37,https://alphafold.ebi.ac.uk/files/AF-P0A497-F1-model_v6.cif
P0A7R0,AF-P0A7R0-F1,6,95.31,Shigella flexneri,623,rpmJ,Large ribosomal subunit protein bL36,RL36_SHIFL,38,https://alphafold.ebi.ac.uk/files/AF-P0A7R0-F1-model_v6.cif
P17684,AF-P17684-F1,6,96.31,Conus tulipa,6495,,Conantokin-T,CKT_CONTU,21,https://alphafold.ebi.ac.uk/files/AF-P17684-F1-model_v6.cif
P80502,AF-P80502-F1,6,96.56,Solanum tuberosum,4113,,"Chaperonin HSP60, mitochondrial",CH60_SOLTU,40,https://alphafold.ebi.ac.uk/files/AF-P80502-F1-model_v6.cif
P83867,AF-P83867-F1,6,95.12,Leptodactylus ocellatus,928525,,Ocellatin-3,OCE3_LEPOE,21,https://alphafold.ebi.ac.uk/files/AF-P83867-F1-model_v6.cif
P84337,AF-P84337-F1,6,96.5,Phyllomedusa tarsius,306084,,Homotarsinin,HTRSN_PHYTS,24,https://alphafold.ebi.ac.uk/files/AF-P84337-F1-model_v6.cif
P84477,AF-P84477-F1,6,95.25,Cyprinus carpio,7962,,Myofibril-bound serine protease,MBSP_CYPCA,22,https://alphafold.ebi.ac.uk/files/AF-P84477-F1-model_v6.cif
P84807,AF-P84807-F1,6,95.06,Naja haje haje,8642,,Cysteine-rich venom protein 25-A,CRVPA_NAJHH,29,https://alphafold.ebi.ac.uk/files/AF-P84807-F1-model_v6.cif
P86498,AF-P86498-F1,6,95.88,Cervus elaphus,9860,,Keratin,KRT_CEREL,23,https://alphafold.ebi.ac.uk/files/AF-P86498-F1-model_v6.cif
Q0ABF4,AF-Q0ABF4-F1,6,96.0,Alkalilimnicola ehrlichii (strain ATCC BAA-1101 / DSM 17681 / MLHE-1),187272,rpmJ,Large ribosomal subunit protein bL36,RL36_ALKEH,37,https://alphafold.ebi.ac.uk/files/AF-Q0ABF4-F1-model_v6.cif
Q0T003,AF-Q0T003-F1,6,95.5,Shigella flexneri serotype 5b (strain 8401),373384,rpmJ,Large ribosomal subunit protein bL36,RL36_SHIF8,38,https://alphafold.ebi.ac.uk/files/AF-Q0T003-F1-model_v6.cif
Q0TCG2,AF-Q0TCG2-F1,6,95.5,Escherichia coli O6:K15:H31 (strain 536 / UPEC),362663,rpmJ1,Large ribosomal subunit protein bL36A,RL361_ECOL5,38,https://alphafold.ebi.ac.uk/files/AF-Q0TCG2-F1-model_v6.cif
Q0VSI2,AF-Q0VSI2-F1,6,95.12,Alcanivorax borkumensis (strain ATCC 700651 / DSM 11573 / NCIMB 13689 / SK2),393595,rpmJ,Large ribosomal subunit protein bL36,RL36_ALCBS,38,https://alphafold.ebi.ac.uk/files/AF-Q0VSI2-F1-model_v6.cif
Q1BRX0,AF-Q1BRX0-F1,6,95.94,Burkholderia orbicola (strain AU 1054),331271,rpmJ,Large ribosomal subunit protein bL36,RL36_BURO1,38,https://alphafold.ebi.ac.uk/files/AF-Q1BRX0-F1-model_v6.cif
Q1R632,AF-Q1R632-F1,6,95.5,Escherichia coli (strain UTI89 / UPEC),364106,rpmJ1,Large ribosomal subunit protein bL36A,RL361_ECOUT,38,https://alphafold.ebi.ac.uk/files/AF-Q1R632-F1-model_v6.cif
Q1XDA2,AF-Q1XDA2-F1,6,95.06,Pyropia yezoensis,2788,psb30,Photosystem II reaction center protein Psb30,PSB30_PYRYE,34,https://alphafold.ebi.ac.uk/files/AF-Q1XDA2-F1-model_v6.cif
Q21M37,AF-Q21M37-F1,6,95.5,Saccharophagus degradans (strain 2-40 / ATCC 43961 / DSM 17024),203122,rpmJ,Large ribosomal subunit protein bL36,RL36_SACD2,38,https://alphafold.ebi.ac.uk/files/AF-Q21M37-F1-model_v6.cif
Q21QP5,AF-Q21QP5-F1,6,96.06,Albidiferax ferrireducens (strain ATCC BAA-621 / DSM 15236 / T118),338969,rpmJ,Large ribosomal subunit protein bL36,RL36_ALBFT,37,https://alphafold.ebi.ac.uk/files/AF-Q21QP5-F1-model_v6.cif
Q2JHS2,AF-Q2JHS2-F1,6,95.12,Synechococcus sp. (strain JA-2-3B'a(2-13)),321332,rpmH,Large ribosomal subunit protein bL34,RL34_SYNJB,46,https://alphafold.ebi.ac.uk/files/AF-Q2JHS2-F1-model_v6.cif
Q2JI37,AF-Q2JI37-F1,6,95.19,Synechococcus sp. (strain JA-2-3B'a(2-13)),321332,psaM,Photosystem I reaction center subunit XII,PSAM_SYNJB,30,https://alphafold.ebi.ac.uk/files/AF-Q2JI37-F1-model_v6.cif
Q2JT51,AF-Q2JT51-F1,6,95.38,Synechococcus sp. (strain JA-3-3Ab),321327,psaM,Photosystem I reaction center subunit XII,PSAM_SYNJA,30,https://alphafold.ebi.ac.uk/files/AF-Q2JT51-F1-model_v6.cif
Q30TS7,AF-Q30TS7-F1,6,95.25,Sulfurimonas denitrificans (strain ATCC 33889 / DSM 1251),326298,rpmJ,Large ribosomal subunit protein bL36,RL36_SULDN,37,https://alphafold.ebi.ac.uk/files/AF-Q30TS7-F1-model_v6.cif
Q318K4,AF-Q318K4-F1,6,95.31,Prochlorococcus marinus (strain MIT 9312),74546,rpmJ,Large ribosomal subunit protein bL36,RL36_PROM9,38,https://alphafold.ebi.ac.uk/files/AF-Q318K4-F1-model_v6.cif
Q31VX7,AF-Q31VX7-F1,6,95.56,Shigella boydii serotype 4 (strain Sb227),300268,rpmJ,Large ribosomal subunit protein bL36,RL36_SHIBS,38,https://alphafold.ebi.ac.uk/files/AF-Q31VX7-F1-model_v6.cif
Q32B52,AF-Q32B52-F1,6,95.38,Shigella dysenteriae serotype 1 (strain Sd197),300267,rpmJ,Large ribosomal subunit protein bL36,RL36_SHIDS,38,https://alphafold.ebi.ac.uk/files/AF-Q32B52-F1-model_v6.cif
Q3AM28,AF-Q3AM28-F1,6,96.38,Synechococcus sp. (strain CC9605),110662,rpmH,Large ribosomal subunit protein bL34,RL34_SYNSC,45,https://alphafold.ebi.ac.uk/files/AF-Q3AM28-F1-model_v6.cif
Q3AV42,AF-Q3AV42-F1,6,95.62,Synechococcus sp. (strain CC9902),316279,rpmH,Large ribosomal subunit protein bL34,RL34_SYNS9,45,https://alphafold.ebi.ac.uk/files/AF-Q3AV42-F1-model_v6.cif
Q3YWW0,AF-Q3YWW0-F1,6,95.44,Shigella sonnei (strain Ss046),300269,rpmJ,Large ribosomal subunit protein bL36,RL36_SHISS,38,https://alphafold.ebi.ac.uk/files/AF-Q3YWW0-F1-model_v6.cif
Q3Z957,AF-Q3Z957-F1,6,95.19,Dehalococcoides mccartyi (strain ATCC BAA-2266 / KCTC 15142 / 195),243164,rpmJ,Large ribosomal subunit protein bL36,RL36_DEHM1,37,https://alphafold.ebi.ac.uk/files/AF-Q3Z957-F1-model_v6.cif
Q3ZZQ0,AF-Q3ZZQ0-F1,6,95.25,Dehalococcoides mccartyi (strain CBDB1),255470,rpmJ,Large ribosomal subunit protein bL36,RL36_DEHMC,37,https://alphafold.ebi.ac.uk/files/AF-Q3ZZQ0-F1-model_v6.cif
Q46501,AF-Q46501-F1,6,95.31,Oleidesulfovibrio alaskensis (strain ATCC BAA-1058 / DSM 17464 / G20),207559,rpmJ,Large ribosomal subunit protein bL36,RL36_OLEA2,37,https://alphafold.ebi.ac.uk/files/AF-Q46501-F1-model_v6.cif
Q47J81,AF-Q47J81-F1,6,96.06,Dechloromonas aromatica (strain RCB),159087,rpmJ,Large ribosomal subunit protein bL36,RL36_DECAR,37,https://alphafold.ebi.ac.uk/files/AF-Q47J81-F1-model_v6.cif
Q4A8J4,AF-Q4A8J4-F1,6,95.19,Mesomycoplasma hyopneumoniae (strain 7448),262722,rpmJ,Large ribosomal subunit protein bL36,RL36_MESH7,37,https://alphafold.ebi.ac.uk/files/AF-Q4A8J4-F1-model_v6.cif
Q4AAG3,AF-Q4AAG3-F1,6,95.38,Mesomycoplasma hyopneumoniae (strain J / ATCC 25934 / NCTC 10110),262719,rpmJ,Large ribosomal subunit protein bL36,RL36_MESHJ,37,https://alphafold.ebi.ac.uk/files/AF-Q4AAG3-F1-model_v6.cif
Q4G392,AF-Q4G392-F1,6,95.25,Emiliania huxleyi,2903,rpl34,Large ribosomal subunit protein bL34c,RK34_EMIHU,45,https://alphafold.ebi.ac.uk/files/AF-Q4G392-F1-model_v6.cif
Q5E893,AF-Q5E893-F1,6,95.62,Aliivibrio fischeri (strain ATCC 700601 / ES114),312309,rpmJ,Large ribosomal subunit protein bL36,RL36_ALIF1,37,https://alphafold.ebi.ac.uk/files/AF-Q5E893-F1-model_v6.cif
Q5L8D2,AF-Q5L8D2-F1,6,95.31,Bacteroides fragilis (strain ATCC 25285 / DSM 2151 / CCUG 4856 / JCM 11019 / LMG 10263 / NCTC 9343 / Onslow / VPI 2553 / EN-2),272559,rpmJ,Large ribosomal subunit protein bL36,RL36_BACFN,38,https://alphafold.ebi.ac.uk/files/AF-Q5L8D2-F1-model_v6.cif
Q5N606,AF-Q5N606-F1,6,95.12,Synechococcus sp. (strain ATCC 27144 / PCC 6301 / SAUG 1402/1),269084,rpmH,Large ribosomal subunit protein bL34,RL34_SYNP6,45,https://alphafold.ebi.ac.uk/files/AF-Q5N606-F1-model_v6.cif
Q62GM7,AF-Q62GM7-F1,6,95.94,Burkholderia mallei (strain ATCC 23344),243160,rpmJ,Large ribosomal subunit protein bL36,RL36_BURMA,38,https://alphafold.ebi.ac.uk/files/AF-Q62GM7-F1-model_v6.cif
Q661C1,AF-Q661C1-F1,6,95.25,Borrelia garinii subsp. bavariensis (strain ATCC BAA-2496 / DSM 23469 / PBi),290434,rpmJ,Large ribosomal subunit protein bL36,RL36_BORGP,37,https://alphafold.ebi.ac.uk/files/AF-Q661C1-F1-model_v6.cif
Q664U2,AF-Q664U2-F1,6,95.69,Yersinia pseudotuberculosis serotype I (strain IP32953),273123,rpmJ1,Large ribosomal subunit protein bL36A,RL361_YERPS,38,https://alphafold.ebi.ac.uk/files/AF-Q664U2-F1-model_v6.cif
Q6B8L0,AF-Q6B8L0-F1,6,95.44,Gracilaria tenuistipitata var. liui,285951,psb30,Photosystem II reaction center protein Psb30,PSB30_GRATL,34,https://alphafold.ebi.ac.uk/files/AF-Q6B8L0-F1-model_v6.cif
Q6KI32,AF-Q6KI32-F1,6,95.0,Mycoplasma mobile (strain ATCC 43663 / 163K / NCTC 11711),267748,rpmJ,Large ribosomal subunit protein bL36,RL36_MYCM1,38,https://alphafold.ebi.ac.uk/files/AF-Q6KI32-F1-model_v6.cif
Q6YQZ8,AF-Q6YQZ8-F1,6,95.25,Onion yellows phytoplasma (strain OY-M),262768,rpmJ,Large ribosomal subunit protein bL36,RL36_ONYPE,38,https://alphafold.ebi.ac.uk/files/AF-Q6YQZ8-F1-model_v6.cif
Q72D55,AF-Q72D55-F1,6,96.94,Nitratidesulfovibrio vulgaris (strain ATCC 29579 / DSM 644 / CCUG 34227 / NCIMB 8303 / VKM B-1760 / Hildenborough),882,rpmH,Large ribosomal subunit protein bL34,RL34_NITV2,44,https://alphafold.ebi.ac.uk/files/AF-Q72D55-F1-model_v6.cif
Q73PL1,AF-Q73PL1-F1,6,95.31,Treponema denticola (strain ATCC 35405 / DSM 14222 / CIP 103919 / JCM 8153 / KCTC 15104),243275,rpmJ,Large ribosomal subunit protein bL36,RL36_TREDE,37,https://alphafold.ebi.ac.uk/files/AF-Q73PL1-F1-model_v6.cif
Q7MTN6,AF-Q7MTN6-F1,6,95.75,Porphyromonas gingivalis (strain ATCC BAA-308 / W83),242619,rpmJ,Large ribosomal subunit protein bL36,RL36_PORGI,38,https://alphafold.ebi.ac.uk/files/AF-Q7MTN6-F1-model_v6.cif
Q8ZJ91,AF-Q8ZJ91-F1,6,95.69,Yersinia pestis,632,rpmJ1,Large ribosomal subunit protein bL36A,RL361_YERPE,38,https://alphafold.ebi.ac.uk/files/AF-Q8ZJ91-F1-model_v6.cif
Q98Q05,AF-Q98Q05-F1,6,95.38,Mycoplasmopsis pulmonis (strain UAB CTIP),272635,rpmJ,Large ribosomal subunit protein bL36,RL36_MYCPU,37,https://alphafold.ebi.ac.uk/files/AF-Q98Q05-F1-model_v6.cif
Q9TLX5,AF-Q9TLX5-F1,6,95.56,Cyanidium caldarium,2771,psaM,Photosystem I reaction center subunit XII,PSAM_CYACA,30,https://alphafold.ebi.ac.uk/files/AF-Q9TLX5-F1-model_v6.cif
Q9UR66,AF-Q9UR66-F1,6,95.62,Candida albicans,5476,NDK1,Nucleoside diphosphate kinase,NDK_CANAX,21,https://alphafold.ebi.ac.uk/files/AF-Q9UR66-F1-model_v6.cif
U1PBV3,AF-U1PBV3-F1,6,96.19,halophilic archaeon J07HX5,1325472,J07HX5_01727,Acyl-CoA transferases/carnitine dehydratase,U1PBV3_9EURY,47,https://alphafold.ebi.ac.uk/files/AF-U1PBV3-F1-model_v6.cif
