dataset_id,element,residue_type,iupac_role,equivalence_class,rama_region,dssp_ss3,n,n_atoms,n_residues,n_proteins,n_frames,target_sd
1p9j-calibration-dense-mopac-live-orca,1,19,1,3,1,2,13536,24,4,1,751,0.383722463408293
1p9j-calibration-dense-mopac-live-orca,1,10,1,3,0,0,6834,18,3,1,697,0.366590238377218
1p9j-calibration-dense-mopac-live-orca,1,10,1,3,0,2,6684,18,3,1,698,0.383350761497124
1p9j-calibration-dense-mopac-live-orca,1,18,2,8,1,1,5858,8,4,1,751,0.466815003897436
1p9j-calibration-dense-mopac-live-orca,1,18,2,4,1,1,5858,8,4,1,751,0.799034807670159
1p9j-calibration-dense-mopac-live-orca,1,18,2,2,1,1,5858,8,4,1,751,0.485170897916883
1p9j-calibration-dense-mopac-live-orca,1,4,2,4,1,2,4520,10,5,1,751,0.504640799921473
1p9j-calibration-dense-mopac-live-orca,1,19,1,3,5,2,4506,6,1,1,751,0.304719193663739
1p9j-calibration-dense-mopac-live-orca,1,10,1,3,5,2,4506,6,1,1,751,0.522976952193132
1p9j-calibration-dense-mopac-live-orca,1,19,1,3,1,1,4476,6,1,1,746,0.309832335128625
1p9j-calibration-dense-mopac-live-orca,1,9,1,6,1,1,4266,6,2,1,750,0.368112613309992
1p9j-calibration-dense-mopac-live-orca,1,9,1,3,1,1,4266,6,2,1,750,0.342422106444391
1p9j-calibration-dense-mopac-live-orca,1,10,1,3,1,2,3444,6,1,1,574,0.323159623237019
1p9j-calibration-dense-mopac-live-orca,1,6,2,7,0,2,3170,6,3,1,751,0.397272516919775
1p9j-calibration-dense-mopac-live-orca,1,6,2,4,0,2,3170,6,3,1,751,0.32386062518465
1p9j-calibration-dense-mopac-live-orca,1,7,2,3,4,2,3002,4,2,1,751,0.397004326954388
1p9j-calibration-dense-mopac-live-orca,1,3,2,4,1,2,2994,4,2,1,751,0.409538602140001
1p9j-calibration-dense-mopac-live-orca,1,4,2,4,1,1,2986,4,2,1,747,0.724060198970024
1p9j-calibration-dense-mopac-live-orca,1,18,0,6,1,1,2929,4,4,1,751,0.678410568493613
1p9j-calibration-dense-mopac-live-orca,1,18,0,10,1,1,2929,4,4,1,751,0.547546141486969
1p9j-calibration-dense-mopac-live-orca,1,18,0,1,1,1,2929,4,4,1,751,1.654047587137
1p9j-calibration-dense-mopac-live-orca,1,9,2,10,1,1,2844,4,2,1,750,0.440435054387673
1p9j-calibration-dense-mopac-live-orca,1,17,2,9,0,0,2402,4,2,1,634,0.643770916172986
1p9j-calibration-dense-mopac-live-orca,1,10,2,10,0,0,2278,6,3,1,697,0.31040038076322
1p9j-calibration-dense-mopac-live-orca,1,4,0,2,1,2,2260,5,5,1,751,0.936315517422215
1p9j-calibration-dense-mopac-live-orca,1,4,0,6,1,2,2260,5,5,1,751,0.500385052271237
1p9j-calibration-dense-mopac-live-orca,1,19,0,1,1,2,2256,4,4,1,751,0.438535877111713
1p9j-calibration-dense-mopac-live-orca,1,19,0,9,1,2,2256,4,4,1,751,0.432283099988796
1p9j-calibration-dense-mopac-live-orca,1,19,0,10,1,2,2256,4,4,1,751,0.353159755405728
1p9j-calibration-dense-mopac-live-orca,1,19,2,0,5,2,2253,3,1,1,751,0.282663390298114
1p9j-calibration-dense-mopac-live-orca,1,12,1,3,1,1,2241,3,1,1,747,0.392314946764831
1p9j-calibration-dense-mopac-live-orca,1,10,2,10,0,2,2228,6,3,1,698,0.338366957830315
1p9j-calibration-dense-mopac-live-orca,1,0,1,3,1,1,2226,3,1,1,742,0.303639789041025
1p9j-calibration-dense-mopac-live-orca,1,11,2,12,1,1,2220,3,1,1,740,0.658110589308934
1p9j-calibration-dense-mopac-live-orca,1,3,2,4,3,2,1904,4,2,1,751,0.478300304097011
1p9j-calibration-dense-mopac-live-orca,1,0,1,3,0,2,1833,3,1,1,611,0.287841351265894
1p9j-calibration-dense-mopac-live-orca,1,6,0,2,0,2,1585,3,3,1,751,1.4970518840194
1p9j-calibration-dense-mopac-live-orca,1,6,0,6,0,2,1585,3,3,1,751,0.518658079688155
1p9j-calibration-dense-mopac-live-orca,1,15,2,4,1,2,1502,4,2,1,745,0.372685937153151
1p9j-calibration-dense-mopac-live-orca,1,14,2,2,1,2,1502,2,1,1,751,0.66143156917459
1p9j-calibration-dense-mopac-live-orca,1,14,2,5,1,2,1502,2,1,1,751,0.309975085833196
1p9j-calibration-dense-mopac-live-orca,1,14,2,7,1,2,1502,2,1,1,751,0.294267021007713
1p9j-calibration-dense-mopac-live-orca,1,7,2,3,3,2,1502,2,1,1,751,0.633768578155939
1p9j-calibration-dense-mopac-live-orca,1,4,2,4,3,2,1502,2,1,1,751,0.535009013593854
1p9j-calibration-dense-mopac-live-orca,1,5,2,8,0,2,1502,2,1,1,751,0.527399322965048
1p9j-calibration-dense-mopac-live-orca,1,5,2,5,0,2,1502,2,1,1,751,0.620215140359885
1p9j-calibration-dense-mopac-live-orca,1,5,2,1,0,2,1502,2,1,1,751,0.548074421118357
1p9j-calibration-dense-mopac-live-orca,1,10,2,10,5,2,1502,2,1,1,751,0.394631204981919
1p9j-calibration-dense-mopac-live-orca,1,7,0,1,4,2,1501,2,2,1,751,0.870871883964037
1p9j-calibration-dense-mopac-live-orca,1,1,2,13,0,2,1500,2,1,1,750,0.410705989791123
1p9j-calibration-dense-mopac-live-orca,1,1,2,11,0,2,1500,2,1,1,750,0.360422908904064
1p9j-calibration-dense-mopac-live-orca,1,1,2,8,0,2,1500,2,1,1,750,0.331870227114602
1p9j-calibration-dense-mopac-live-orca,1,1,2,1,0,2,1500,2,1,1,750,0.533802382966252
1p9j-calibration-dense-mopac-live-orca,1,1,2,6,0,2,1500,2,1,1,750,0.701396081428446
1p9j-calibration-dense-mopac-live-orca,1,3,0,2,1,2,1497,2,2,1,751,1.11126922494347
1p9j-calibration-dense-mopac-live-orca,1,3,0,6,1,2,1497,2,2,1,751,0.382593255793901
1p9j-calibration-dense-mopac-live-orca,1,12,2,9,1,1,1494,2,1,1,747,0.401423698445264
1p9j-calibration-dense-mopac-live-orca,1,12,2,6,1,1,1494,2,1,1,747,0.432718074932639
1p9j-calibration-dense-mopac-live-orca,1,2,2,5,1,1,1494,2,1,1,747,0.326484383072857
1p9j-calibration-dense-mopac-live-orca,1,2,2,1,1,1,1494,2,1,1,747,0.508891853419653
1p9j-calibration-dense-mopac-live-orca,1,4,0,2,1,1,1493,2,2,1,747,0.455989756556693
1p9j-calibration-dense-mopac-live-orca,1,4,0,6,1,1,1493,2,2,1,747,0.547649231459262
1p9j-calibration-dense-mopac-live-orca,1,1,2,13,1,1,1488,2,1,1,744,0.541902605655891
1p9j-calibration-dense-mopac-live-orca,1,1,2,11,1,1,1488,2,1,1,744,0.736834211108489
1p9j-calibration-dense-mopac-live-orca,1,1,2,8,1,1,1488,2,1,1,744,0.706240403735169
1p9j-calibration-dense-mopac-live-orca,1,1,2,1,1,1,1488,2,1,1,744,0.59408336563965
1p9j-calibration-dense-mopac-live-orca,1,1,2,6,1,1,1488,2,1,1,744,1.04045829180785
1p9j-calibration-dense-mopac-live-orca,1,11,2,4,1,1,1480,2,1,1,740,0.331533520900619
1p9j-calibration-dense-mopac-live-orca,1,11,2,6,1,1,1480,2,1,1,740,0.404300994290184
1p9j-calibration-dense-mopac-live-orca,1,11,2,8,1,1,1480,2,1,1,740,0.338347103731675
1p9j-calibration-dense-mopac-live-orca,1,11,2,10,1,1,1480,2,1,1,740,0.302660504291415
1p9j-calibration-dense-mopac-live-orca,1,8,2,7,0,0,1478,2,1,1,739,0.361681560915145
1p9j-calibration-dense-mopac-live-orca,1,13,2,8,1,2,1476,2,1,1,738,0.430246607561213
1p9j-calibration-dense-mopac-live-orca,1,13,2,4,1,2,1476,2,1,1,738,0.40711257633665
1p9j-calibration-dense-mopac-live-orca,1,13,2,2,1,2,1476,2,1,1,738,0.327854080301029
1p9j-calibration-dense-mopac-live-orca,1,3,2,4,0,0,1472,2,1,1,736,0.458176967038464
1p9j-calibration-dense-mopac-live-orca,1,7,2,3,0,0,1450,2,1,1,725,0.28960989386897
1p9j-calibration-dense-mopac-live-orca,1,18,2,8,0,2,1436,2,1,1,718,0.32444113754856
1p9j-calibration-dense-mopac-live-orca,1,18,2,4,0,2,1436,2,1,1,718,0.314287819178494
1p9j-calibration-dense-mopac-live-orca,1,18,2,2,0,2,1436,2,1,1,718,0.314256164310699
1p9j-calibration-dense-mopac-live-orca,1,9,0,1,1,1,1422,2,2,1,750,1.03018838945611
1p9j-calibration-dense-mopac-live-orca,1,9,0,9,1,1,1422,2,2,1,750,0.501203244631778
1p9j-calibration-dense-mopac-live-orca,1,9,0,12,1,1,1422,2,2,1,750,0.317189915903455
1p9j-calibration-dense-mopac-live-orca,1,2,2,5,1,2,1388,4,2,1,692,0.625478095430465
1p9j-calibration-dense-mopac-live-orca,1,2,2,1,1,2,1388,4,2,1,692,0.710863249377607
1p9j-calibration-dense-mopac-live-orca,1,11,2,12,0,0,1329,3,1,1,443,1.80322681359656
1p9j-calibration-dense-mopac-live-orca,1,17,0,6,0,0,1201,2,2,1,634,0.909295236335632
1p9j-calibration-dense-mopac-live-orca,1,17,0,11,0,0,1201,2,2,1,634,0.521322519051067
1p9j-calibration-dense-mopac-live-orca,1,17,0,5,0,0,1201,2,2,1,634,1.53587223603536
1p9j-calibration-dense-mopac-live-orca,1,17,0,8,0,0,1201,2,2,1,634,0.826788524922362
1p9j-calibration-dense-mopac-live-orca,1,17,0,4,0,0,1201,2,2,1,634,0.291934773068662
1p9j-calibration-dense-mopac-live-orca,1,17,0,2,0,0,1201,2,2,1,634,0.284827671824644
1p9j-calibration-dense-mopac-live-orca,1,17,0,1,0,0,1201,2,2,1,634,0.279735907594597
1p9j-calibration-dense-mopac-live-orca,1,17,0,3,0,0,1201,2,2,1,634,0.285751729463545
1p9j-calibration-dense-mopac-live-orca,1,15,2,4,0,0,1168,2,1,1,584,0.394141587818282
1p9j-calibration-dense-mopac-live-orca,1,10,2,10,1,2,1148,2,1,1,574,0.489967454359261
1p9j-calibration-dense-mopac-live-orca,1,8,2,7,3,2,1142,2,1,1,571,0.481302581084511
1p9j-calibration-dense-mopac-live-orca,1,10,0,1,0,0,1139,3,3,1,697,0.681972139897658
1p9j-calibration-dense-mopac-live-orca,1,10,0,9,0,0,1139,3,3,1,697,0.335783957426694
1p9j-calibration-dense-mopac-live-orca,1,10,0,12,0,0,1139,3,3,1,697,0.267338776254035
1p9j-calibration-dense-mopac-live-orca,1,10,0,1,0,2,1114,3,3,1,698,0.769508587344535
1p9j-calibration-dense-mopac-live-orca,1,10,0,9,0,2,1114,3,3,1,698,0.316833727856273
1p9j-calibration-dense-mopac-live-orca,1,10,0,12,0,2,1114,3,3,1,698,0.286510007245902
1p9j-calibration-dense-mopac-live-orca,1,6,2,7,0,0,1078,6,3,1,448,0.36707993768285
1p9j-calibration-dense-mopac-live-orca,1,6,2,4,0,0,1078,6,3,1,448,0.3027223013877
1p9j-calibration-dense-mopac-live-orca,1,10,1,3,1,0,1056,6,1,1,176,0.322252341128996
1p9j-calibration-dense-mopac-live-orca,1,3,0,2,3,2,952,2,2,1,751,0.7779719960386
1p9j-calibration-dense-mopac-live-orca,1,3,0,6,3,2,952,2,2,1,751,0.379038882001206
1p9j-calibration-dense-mopac-live-orca,1,11,2,12,0,2,924,3,1,1,308,1.91103262797149
1p9j-calibration-dense-mopac-live-orca,1,11,2,4,0,0,886,2,1,1,443,0.377611091347067
1p9j-calibration-dense-mopac-live-orca,1,11,2,6,0,0,886,2,1,1,443,0.367980119521609
1p9j-calibration-dense-mopac-live-orca,1,11,2,8,0,0,886,2,1,1,443,0.286748254672267
1p9j-calibration-dense-mopac-live-orca,1,11,2,10,0,0,886,2,1,1,443,0.414402209076542
1p9j-calibration-dense-mopac-live-orca,1,8,2,7,0,2,798,4,2,1,389,0.388054201310317
1p9j-calibration-dense-mopac-live-orca,1,3,2,4,4,2,754,6,3,1,376,0.455993609881106
1p9j-calibration-dense-mopac-live-orca,1,19,0,9,5,2,751,1,1,1,751,0.370992970111839
1p9j-calibration-dense-mopac-live-orca,1,19,0,10,5,2,751,1,1,1,751,0.292392814455212
1p9j-calibration-dense-mopac-live-orca,1,15,0,2,1,2,751,2,2,1,745,0.935973804383339
1p9j-calibration-dense-mopac-live-orca,1,15,0,6,1,2,751,2,2,1,745,0.390423199694591
1p9j-calibration-dense-mopac-live-orca,1,15,0,1,1,2,751,2,2,1,745,1.05379415460806
1p9j-calibration-dense-mopac-live-orca,1,14,0,4,1,2,751,1,1,1,751,0.308255723960954
1p9j-calibration-dense-mopac-live-orca,1,7,0,1,3,2,751,1,1,1,751,0.456148764998516
1p9j-calibration-dense-mopac-live-orca,1,4,0,2,3,2,751,1,1,1,751,0.713124599390864
1p9j-calibration-dense-mopac-live-orca,1,4,0,6,3,2,751,1,1,1,751,0.354881093441507
1p9j-calibration-dense-mopac-live-orca,1,5,0,3,0,2,751,1,1,1,751,0.719181995822831
1p9j-calibration-dense-mopac-live-orca,1,5,0,7,0,2,751,1,1,1,751,0.712536708705008
1p9j-calibration-dense-mopac-live-orca,1,10,0,1,5,2,751,1,1,1,751,0.624143957928362
1p9j-calibration-dense-mopac-live-orca,1,10,0,9,5,2,751,1,1,1,751,0.37440498279209
1p9j-calibration-dense-mopac-live-orca,1,10,0,12,5,2,751,1,1,1,751,0.335023511187788
1p9j-calibration-dense-mopac-live-orca,1,1,0,4,0,2,750,1,1,1,750,0.584992622137207
1p9j-calibration-dense-mopac-live-orca,1,1,0,10,0,2,750,1,1,1,750,0.35526552988297
1p9j-calibration-dense-mopac-live-orca,1,1,0,3,0,2,750,1,1,1,750,1.05581524016381
1p9j-calibration-dense-mopac-live-orca,1,12,0,1,1,1,747,1,1,1,747,0.837388446433931
1p9j-calibration-dense-mopac-live-orca,1,12,0,8,1,1,747,1,1,1,747,0.312785386578583
1p9j-calibration-dense-mopac-live-orca,1,2,0,3,1,1,747,1,1,1,747,0.869178668291734
1p9j-calibration-dense-mopac-live-orca,1,2,0,7,1,1,747,1,1,1,747,0.305691203934434
1p9j-calibration-dense-mopac-live-orca,1,19,0,1,1,1,746,1,1,1,746,0.868723935547255
1p9j-calibration-dense-mopac-live-orca,1,19,0,9,1,1,746,1,1,1,746,0.366164507276766
1p9j-calibration-dense-mopac-live-orca,1,19,0,10,1,1,746,1,1,1,746,0.281462789923049
1p9j-calibration-dense-mopac-live-orca,1,1,0,4,1,1,744,1,1,1,744,0.494412570330812
1p9j-calibration-dense-mopac-live-orca,1,1,0,10,1,1,744,1,1,1,744,0.51811157849571
1p9j-calibration-dense-mopac-live-orca,1,1,0,3,1,1,744,1,1,1,744,1.18507811229951
1p9j-calibration-dense-mopac-live-orca,1,0,0,1,1,1,742,1,1,1,742,0.838111922055786
1p9j-calibration-dense-mopac-live-orca,1,0,0,6,1,1,742,1,1,1,742,0.362986416206689
1p9j-calibration-dense-mopac-live-orca,1,11,0,1,1,1,740,1,1,1,740,0.596286486095926
1p9j-calibration-dense-mopac-live-orca,1,11,0,3,1,1,740,1,1,1,740,0.363749568874583
1p9j-calibration-dense-mopac-live-orca,1,8,0,3,0,0,739,1,1,1,739,0.643913499550381
1p9j-calibration-dense-mopac-live-orca,1,8,0,9,0,0,739,1,1,1,739,0.630438353914102
1p9j-calibration-dense-mopac-live-orca,1,8,0,6,0,0,739,1,1,1,739,0.982104477341212
1p9j-calibration-dense-mopac-live-orca,1,8,0,2,0,0,739,1,1,1,739,0.287336810823855
1p9j-calibration-dense-mopac-live-orca,1,8,0,5,0,0,739,1,1,1,739,1.09760538301244
1p9j-calibration-dense-mopac-live-orca,1,8,0,1,0,0,739,1,1,1,739,0.496456318203286
1p9j-calibration-dense-mopac-live-orca,1,13,0,6,1,2,738,1,1,1,738,0.762649991911019
1p9j-calibration-dense-mopac-live-orca,1,13,0,10,1,2,738,1,1,1,738,0.572766519217265
1p9j-calibration-dense-mopac-live-orca,1,13,3,1,1,2,738,1,1,1,738,0.311208775766788
1p9j-calibration-dense-mopac-live-orca,1,3,0,2,0,0,736,1,1,1,736,1.04198410136556
1p9j-calibration-dense-mopac-live-orca,1,3,0,6,0,0,736,1,1,1,736,0.327161916336507
1p9j-calibration-dense-mopac-live-orca,1,7,0,1,0,0,725,1,1,1,725,0.731430742701384
1p9j-calibration-dense-mopac-live-orca,1,8,2,7,1,2,722,2,1,1,361,0.272607972785624
1p9j-calibration-dense-mopac-live-orca,1,18,0,6,0,2,718,1,1,1,718,0.710060782000462
1p9j-calibration-dense-mopac-live-orca,1,18,0,10,0,2,718,1,1,1,718,0.283603331690075
1p9j-calibration-dense-mopac-live-orca,1,18,0,1,0,2,718,1,1,1,718,0.514978013098527
1p9j-calibration-dense-mopac-live-orca,1,2,0,3,1,2,694,2,2,1,692,0.823319952156496
1p9j-calibration-dense-mopac-live-orca,1,2,0,7,1,2,694,2,2,1,692,0.430502439749911
1p9j-calibration-dense-mopac-live-orca,1,11,2,4,0,2,616,2,1,1,308,0.415171188119542
1p9j-calibration-dense-mopac-live-orca,1,11,2,6,0,2,616,2,1,1,308,0.431239018041623
1p9j-calibration-dense-mopac-live-orca,1,11,2,8,0,2,616,2,1,1,308,0.286702117559598
1p9j-calibration-dense-mopac-live-orca,1,11,2,10,0,2,616,2,1,1,308,0.413336996275446
1p9j-calibration-dense-mopac-live-orca,1,0,0,1,0,2,611,1,1,1,611,0.728862084612295
1p9j-calibration-dense-mopac-live-orca,1,0,0,6,0,2,611,1,1,1,611,0.316748212454475
1p9j-calibration-dense-mopac-live-orca,1,17,2,9,0,2,602,4,2,1,184,0.597104344102769
1p9j-calibration-dense-mopac-live-orca,1,15,0,2,0,0,584,1,1,1,584,0.488980630181079
1p9j-calibration-dense-mopac-live-orca,1,15,0,6,0,0,584,1,1,1,584,0.348030535661406
1p9j-calibration-dense-mopac-live-orca,1,15,0,1,0,0,584,1,1,1,584,0.339210008531805
1p9j-calibration-dense-mopac-live-orca,1,10,0,1,1,2,574,1,1,1,574,0.450638017636068
1p9j-calibration-dense-mopac-live-orca,1,10,0,9,1,2,574,1,1,1,574,0.377580878516794
1p9j-calibration-dense-mopac-live-orca,1,10,0,12,1,2,574,1,1,1,574,0.21225320042123
1p9j-calibration-dense-mopac-live-orca,1,8,0,3,3,2,571,1,1,1,571,0.432014482589788
1p9j-calibration-dense-mopac-live-orca,1,8,0,9,3,2,571,1,1,1,571,0.340200296402648
1p9j-calibration-dense-mopac-live-orca,1,8,0,6,3,2,571,1,1,1,571,0.834386242940076
1p9j-calibration-dense-mopac-live-orca,1,8,0,2,3,2,571,1,1,1,571,0.377446122543884
1p9j-calibration-dense-mopac-live-orca,1,8,0,5,3,2,571,1,1,1,571,0.467031916759236
1p9j-calibration-dense-mopac-live-orca,1,8,0,1,3,2,571,1,1,1,571,0.67039079324033
1p9j-calibration-dense-mopac-live-orca,1,6,0,2,0,0,539,3,3,1,448,0.926666995095308
1p9j-calibration-dense-mopac-live-orca,1,6,0,6,0,0,539,3,3,1,448,0.604484860089385
1p9j-calibration-dense-mopac-live-orca,1,11,0,1,0,0,443,1,1,1,443,0.986486370790467
1p9j-calibration-dense-mopac-live-orca,1,11,0,3,0,0,443,1,1,1,443,0.379344084564466
1p9j-calibration-dense-mopac-live-orca,1,0,1,3,0,0,420,3,1,1,140,0.29333378670438
1p9j-calibration-dense-mopac-live-orca,1,8,0,3,0,2,399,2,2,1,389,0.513681996701617
1p9j-calibration-dense-mopac-live-orca,1,8,0,9,0,2,399,2,2,1,389,0.344248748194987
1p9j-calibration-dense-mopac-live-orca,1,8,0,6,0,2,399,2,2,1,389,1.13934622671009
1p9j-calibration-dense-mopac-live-orca,1,8,0,2,0,2,399,2,2,1,389,0.438564225905616
1p9j-calibration-dense-mopac-live-orca,1,8,0,5,0,2,399,2,2,1,389,0.98734591921628
1p9j-calibration-dense-mopac-live-orca,1,8,0,1,0,2,399,2,2,1,389,0.541885360306751
1p9j-calibration-dense-mopac-live-orca,1,3,0,2,4,2,377,3,3,1,376,0.438144262184184
1p9j-calibration-dense-mopac-live-orca,1,3,0,6,4,2,377,3,3,1,376,0.327641830751304
1p9j-calibration-dense-mopac-live-orca,1,8,0,3,1,2,361,1,1,1,361,0.484384081881569
1p9j-calibration-dense-mopac-live-orca,1,8,0,9,1,2,361,1,1,1,361,0.385569621112601
1p9j-calibration-dense-mopac-live-orca,1,8,0,6,1,2,361,1,1,1,361,0.872447594549897
1p9j-calibration-dense-mopac-live-orca,1,8,0,2,1,2,361,1,1,1,361,0.397345739974501
1p9j-calibration-dense-mopac-live-orca,1,8,0,5,1,2,361,1,1,1,361,1.03420356817101
1p9j-calibration-dense-mopac-live-orca,1,8,0,1,1,2,361,1,1,1,361,0.399752685438068
1p9j-calibration-dense-mopac-live-orca,1,10,2,10,1,0,352,2,1,1,176,0.531441762773833
1p9j-calibration-dense-mopac-live-orca,1,8,2,7,3,0,352,2,1,1,176,0.507923928939637
1p9j-calibration-dense-mopac-live-orca,1,15,2,4,0,2,324,4,2,1,162,0.429880524849397
1p9j-calibration-dense-mopac-live-orca,1,11,0,1,0,2,308,1,1,1,308,0.978871117774623
1p9j-calibration-dense-mopac-live-orca,1,11,0,3,0,2,308,1,1,1,308,0.412471356276316
1p9j-calibration-dense-mopac-live-orca,1,17,0,6,0,2,301,2,2,1,184,0.905160609638097
1p9j-calibration-dense-mopac-live-orca,1,17,0,11,0,2,301,2,2,1,184,0.495682373288278
1p9j-calibration-dense-mopac-live-orca,1,17,0,5,0,2,301,2,2,1,184,1.39737577938496
1p9j-calibration-dense-mopac-live-orca,1,17,0,8,0,2,301,2,2,1,184,1.03687093911259
1p9j-calibration-dense-mopac-live-orca,1,17,0,4,0,2,301,2,2,1,184,0.336932262734324
1p9j-calibration-dense-mopac-live-orca,1,17,0,2,0,2,301,2,2,1,184,0.27533311999539
1p9j-calibration-dense-mopac-live-orca,1,17,0,1,0,2,301,2,2,1,184,0.270351979142772
1p9j-calibration-dense-mopac-live-orca,1,17,0,3,0,2,301,2,2,1,184,0.282410352913182
1p9j-calibration-dense-mopac-live-orca,1,3,2,4,3,0,288,2,1,1,144,0.406436344181492
1p9j-calibration-dense-mopac-live-orca,1,6,2,7,1,2,252,2,1,1,126,0.340004729537325
1p9j-calibration-dense-mopac-live-orca,1,6,2,4,1,2,252,2,1,1,126,0.26851611330276
1p9j-calibration-dense-mopac-live-orca,1,9,1,6,1,2,222,6,2,1,74,0.38110515846121
1p9j-calibration-dense-mopac-live-orca,1,9,1,3,1,2,222,6,2,1,74,0.347788282550308
1p9j-calibration-dense-mopac-live-orca,1,10,0,1,1,0,176,1,1,1,176,0.429056986228401
1p9j-calibration-dense-mopac-live-orca,1,10,0,9,1,0,176,1,1,1,176,0.269522493686726
1p9j-calibration-dense-mopac-live-orca,1,10,0,12,1,0,176,1,1,1,176,0.197489709514931
1p9j-calibration-dense-mopac-live-orca,1,8,0,3,3,0,176,1,1,1,176,0.425485546577732
1p9j-calibration-dense-mopac-live-orca,1,8,0,9,3,0,176,1,1,1,176,0.355943059453359
1p9j-calibration-dense-mopac-live-orca,1,8,0,6,3,0,176,1,1,1,176,0.825658239656948
1p9j-calibration-dense-mopac-live-orca,1,8,0,2,3,0,176,1,1,1,176,0.319100358376512
1p9j-calibration-dense-mopac-live-orca,1,8,0,5,3,0,176,1,1,1,176,0.461676328586485
1p9j-calibration-dense-mopac-live-orca,1,8,0,1,3,0,176,1,1,1,176,0.635982853074603
1p9j-calibration-dense-mopac-live-orca,1,15,0,2,0,2,162,2,2,1,162,0.513129835843937
1p9j-calibration-dense-mopac-live-orca,1,15,0,6,0,2,162,2,2,1,162,0.330251203207505
1p9j-calibration-dense-mopac-live-orca,1,15,0,1,0,2,162,2,2,1,162,0.34716162584263
1p9j-calibration-dense-mopac-live-orca,1,18,2,8,1,2,148,8,4,1,72,0.436298548827851
1p9j-calibration-dense-mopac-live-orca,1,18,2,4,1,2,148,8,4,1,72,0.380894787175526
1p9j-calibration-dense-mopac-live-orca,1,18,2,2,1,2,148,8,4,1,72,0.320874403296099
1p9j-calibration-dense-mopac-live-orca,1,9,2,10,1,2,148,4,2,1,74,0.390222621744356
1p9j-calibration-dense-mopac-live-orca,1,3,0,2,3,0,144,1,1,1,144,0.497898242201406
1p9j-calibration-dense-mopac-live-orca,1,3,0,6,3,0,144,1,1,1,144,0.305724639094164
1p9j-calibration-dense-mopac-live-orca,1,0,0,1,0,0,140,1,1,1,140,0.914808350788166
1p9j-calibration-dense-mopac-live-orca,1,0,0,6,0,0,140,1,1,1,140,0.250927256068626
1p9j-calibration-dense-mopac-live-orca,1,6,0,2,1,2,126,1,1,1,126,0.609665127987632
1p9j-calibration-dense-mopac-live-orca,1,6,0,6,1,2,126,1,1,1,126,0.641435466227011
1p9j-calibration-dense-mopac-live-orca,1,2,2,5,4,2,74,2,1,1,37,0.565601295122996
1p9j-calibration-dense-mopac-live-orca,1,2,2,1,4,2,74,2,1,1,37,0.917274722281382
1p9j-calibration-dense-mopac-live-orca,1,18,0,6,1,2,74,4,4,1,72,0.604157348542254
1p9j-calibration-dense-mopac-live-orca,1,18,0,10,1,2,74,4,4,1,72,0.496258316171629
1p9j-calibration-dense-mopac-live-orca,1,18,0,1,1,2,74,4,4,1,72,0.659021427527989
1p9j-calibration-dense-mopac-live-orca,1,9,0,1,1,2,74,2,2,1,74,0.825305331055981
1p9j-calibration-dense-mopac-live-orca,1,9,0,9,1,2,74,2,2,1,74,0.389550808825605
1p9j-calibration-dense-mopac-live-orca,1,9,0,12,1,2,74,2,2,1,74,0.260128387373536
1p9j-calibration-dense-mopac-live-orca,1,18,2,8,0,0,64,2,1,1,32,0.472749063601352
1p9j-calibration-dense-mopac-live-orca,1,18,2,4,0,0,64,2,1,1,32,0.367437670479725
1p9j-calibration-dense-mopac-live-orca,1,18,2,2,0,0,64,2,1,1,32,0.357490425765268
1p9j-calibration-dense-mopac-live-orca,1,3,2,4,4,0,64,2,1,1,32,0.533136696737867
1p9j-calibration-dense-mopac-live-orca,1,7,2,3,0,2,52,2,1,1,26,0.266287103157319
1p9j-calibration-dense-mopac-live-orca,1,2,2,5,0,2,48,2,1,1,24,0.635503928785792
1p9j-calibration-dense-mopac-live-orca,1,2,2,1,0,2,48,2,1,1,24,1.09713689105682
1p9j-calibration-dense-mopac-live-orca,1,2,0,3,4,2,37,1,1,1,37,0.731806207832776
1p9j-calibration-dense-mopac-live-orca,1,2,0,7,4,2,37,1,1,1,37,0.32661273022875
1p9j-calibration-dense-mopac-live-orca,1,3,2,4,0,2,34,4,2,1,17,0.367625434901106
1p9j-calibration-dense-mopac-live-orca,1,18,0,6,0,0,32,1,1,1,32,0.668139573098502
1p9j-calibration-dense-mopac-live-orca,1,18,0,10,0,0,32,1,1,1,32,0.262410211424456
1p9j-calibration-dense-mopac-live-orca,1,18,0,1,0,0,32,1,1,1,32,0.363384772424706
1p9j-calibration-dense-mopac-live-orca,1,3,0,2,4,0,32,1,1,1,32,0.452718130454199
1p9j-calibration-dense-mopac-live-orca,1,3,0,6,4,0,32,1,1,1,32,0.336651239764526
1p9j-calibration-dense-mopac-live-orca,1,11,2,12,1,2,27,3,1,1,9,0.30292749689557
1p9j-calibration-dense-mopac-live-orca,1,7,0,1,0,2,26,1,1,1,26,0.949874474840456
1p9j-calibration-dense-mopac-live-orca,1,2,0,3,0,2,24,1,1,1,24,0.770353057985004
1p9j-calibration-dense-mopac-live-orca,1,2,0,7,0,2,24,1,1,1,24,0.368852221569534
1p9j-calibration-dense-mopac-live-orca,1,0,1,3,4,1,24,3,1,1,8,0.468336948565961
1p9j-calibration-dense-mopac-live-orca,1,13,2,8,0,2,18,2,1,1,9,0.542568018949349
1p9j-calibration-dense-mopac-live-orca,1,13,2,4,0,2,18,2,1,1,9,0.430017319489284
1p9j-calibration-dense-mopac-live-orca,1,13,2,2,0,2,18,2,1,1,9,0.258662477781695
1p9j-calibration-dense-mopac-live-orca,1,9,1,6,4,1,18,3,1,1,6,0.293398675639913
1p9j-calibration-dense-mopac-live-orca,1,9,1,3,4,1,18,3,1,1,6,0.282864970453379
1p9j-calibration-dense-mopac-live-orca,1,11,2,4,1,2,18,2,1,1,9,0.365073702026353
1p9j-calibration-dense-mopac-live-orca,1,11,2,6,1,2,18,2,1,1,9,0.329191170590429
1p9j-calibration-dense-mopac-live-orca,1,11,2,8,1,2,18,2,1,1,9,0.309222451790914
1p9j-calibration-dense-mopac-live-orca,1,11,2,10,1,2,18,2,1,1,9,0.331099717424721
1p9j-calibration-dense-mopac-live-orca,1,3,0,2,0,2,17,2,2,1,17,1.18088965436965
1p9j-calibration-dense-mopac-live-orca,1,3,0,6,0,2,17,2,2,1,17,0.383458027454148
1p9j-calibration-dense-mopac-live-orca,1,8,2,7,4,2,14,6,3,1,7,0.539172783047384
1p9j-calibration-dense-mopac-live-orca,1,1,2,13,1,2,14,2,1,1,7,0.407911642171389
1p9j-calibration-dense-mopac-live-orca,1,1,2,11,1,2,14,2,1,1,7,0.611531940125655
1p9j-calibration-dense-mopac-live-orca,1,1,2,8,1,2,14,2,1,1,7,0.601650146913804
1p9j-calibration-dense-mopac-live-orca,1,1,2,1,1,2,14,2,1,1,7,0.865708466154224
1p9j-calibration-dense-mopac-live-orca,1,1,2,6,1,2,14,2,1,1,7,1.09219907324928
1p9j-calibration-dense-mopac-live-orca,1,9,2,10,4,1,12,2,1,1,6,0.292135150459523
1p9j-calibration-dense-mopac-live-orca,1,15,2,4,4,2,10,2,1,1,5,0.713865374454703
1p9j-calibration-dense-mopac-live-orca,1,13,0,6,0,2,9,1,1,1,9,0.719166623741763
1p9j-calibration-dense-mopac-live-orca,1,13,0,10,0,2,9,1,1,1,9,0.838304154187065
1p9j-calibration-dense-mopac-live-orca,1,13,3,1,0,2,9,1,1,1,9,0.347736787613086
1p9j-calibration-dense-mopac-live-orca,1,12,1,3,4,1,9,3,1,1,3,0.514632420073723
1p9j-calibration-dense-mopac-live-orca,1,11,0,1,1,2,9,1,1,1,9,0.367958712628695
1p9j-calibration-dense-mopac-live-orca,1,11,0,3,1,2,9,1,1,1,9,0.256666961291499
1p9j-calibration-dense-mopac-live-orca,1,13,2,8,4,2,8,2,1,1,4,0.611012839866668
1p9j-calibration-dense-mopac-live-orca,1,13,2,4,4,2,8,2,1,1,4,0.340567240998174
1p9j-calibration-dense-mopac-live-orca,1,13,2,2,4,2,8,2,1,1,4,0.293283163332608
1p9j-calibration-dense-mopac-live-orca,1,0,0,1,4,1,8,1,1,1,8,0.861434241473497
1p9j-calibration-dense-mopac-live-orca,1,0,0,6,4,1,8,1,1,1,8,0.431391721602204
1p9j-calibration-dense-mopac-live-orca,1,8,0,3,4,2,7,3,3,1,7,0.484318339491837
1p9j-calibration-dense-mopac-live-orca,1,8,0,9,4,2,7,3,3,1,7,0.477817370093465
1p9j-calibration-dense-mopac-live-orca,1,8,0,6,4,2,7,3,3,1,7,0.577298167861426
1p9j-calibration-dense-mopac-live-orca,1,8,0,2,4,2,7,3,3,1,7,0.305394462612172
1p9j-calibration-dense-mopac-live-orca,1,8,0,5,4,2,7,3,3,1,7,1.0489892741717
1p9j-calibration-dense-mopac-live-orca,1,8,0,1,4,2,7,3,3,1,7,0.488331767703709
1p9j-calibration-dense-mopac-live-orca,1,1,0,4,1,2,7,1,1,1,7,0.319748884589542
1p9j-calibration-dense-mopac-live-orca,1,1,0,10,1,2,7,1,1,1,7,0.300011031534061
1p9j-calibration-dense-mopac-live-orca,1,1,0,3,1,2,7,1,1,1,7,0.563497740629915
1p9j-calibration-dense-mopac-live-orca,1,19,1,3,4,2,6,6,1,1,1,0.354299663911939
1p9j-calibration-dense-mopac-live-orca,1,10,1,3,4,2,6,6,1,1,1,0.478796871806903
1p9j-calibration-dense-mopac-live-orca,1,19,1,3,4,1,6,6,1,1,1,0.485336603330444
1p9j-calibration-dense-mopac-live-orca,1,12,2,9,4,1,6,2,1,1,3,0.689051320465129
1p9j-calibration-dense-mopac-live-orca,1,12,2,6,4,1,6,2,1,1,3,0.375432397618658
1p9j-calibration-dense-mopac-live-orca,1,9,0,1,4,1,6,1,1,1,6,1.49202754914843
1p9j-calibration-dense-mopac-live-orca,1,9,0,9,4,1,6,1,1,1,6,0.168649494064364
1p9j-calibration-dense-mopac-live-orca,1,9,0,12,4,1,6,1,1,1,6,0.456737938478798
1p9j-calibration-dense-mopac-live-orca,1,11,2,12,4,1,6,3,1,1,2,0.301858318485691
1p9j-calibration-dense-mopac-live-orca,1,6,2,7,4,2,6,2,1,1,3,0.462803037852602
1p9j-calibration-dense-mopac-live-orca,1,6,2,4,4,2,6,2,1,1,3,0.348662885051865
1p9j-calibration-dense-mopac-live-orca,1,15,0,2,4,2,5,1,1,1,5,0.19281980647836
1p9j-calibration-dense-mopac-live-orca,1,15,0,6,4,2,5,1,1,1,5,0.344808030343382
1p9j-calibration-dense-mopac-live-orca,1,15,0,1,4,2,5,1,1,1,5,0.671315681654884
1p9j-calibration-dense-mopac-live-orca,1,13,0,6,4,2,4,1,1,1,4,1.3359250193823
1p9j-calibration-dense-mopac-live-orca,1,13,0,10,4,2,4,1,1,1,4,0.136918872974434
1p9j-calibration-dense-mopac-live-orca,1,13,3,1,4,2,4,1,1,1,4,0.277111757115842
1p9j-calibration-dense-mopac-live-orca,1,11,2,4,4,1,4,2,1,1,2,0.943188701100324
1p9j-calibration-dense-mopac-live-orca,1,11,2,6,4,1,4,2,1,1,2,0.482174962488658
1p9j-calibration-dense-mopac-live-orca,1,11,2,8,4,1,4,2,1,1,2,0.313888913468878
1p9j-calibration-dense-mopac-live-orca,1,11,2,10,4,1,4,2,1,1,2,0.435570337050686
1p9j-calibration-dense-mopac-live-orca,1,12,0,1,4,1,3,1,1,1,3,0.81941105769566
1p9j-calibration-dense-mopac-live-orca,1,12,0,8,4,1,3,1,1,1,3,0.126321606013632
1p9j-calibration-dense-mopac-live-orca,1,12,1,3,1,2,3,3,1,1,1,0.377043911373493
1p9j-calibration-dense-mopac-live-orca,1,0,1,3,1,2,3,3,1,1,1,0.163740987910446
1p9j-calibration-dense-mopac-live-orca,1,6,0,2,4,2,3,1,1,1,3,0.434760768622426
1p9j-calibration-dense-mopac-live-orca,1,6,0,6,4,2,3,1,1,1,3,0.722232675103565
1p9j-calibration-dense-mopac-live-orca,1,4,2,4,4,2,2,2,1,1,1,0.450898424089482
1p9j-calibration-dense-mopac-live-orca,1,18,2,8,4,2,2,2,1,1,1,0.844756901281098
1p9j-calibration-dense-mopac-live-orca,1,18,2,4,4,2,2,2,1,1,1,0.110308657865103
1p9j-calibration-dense-mopac-live-orca,1,18,2,2,4,2,2,2,1,1,1,0.0674108464495481
1p9j-calibration-dense-mopac-live-orca,1,10,2,10,4,2,2,2,1,1,1,1.15800520534674
1p9j-calibration-dense-mopac-live-orca,1,4,2,4,4,1,2,2,1,1,1,0.852299373566615
1p9j-calibration-dense-mopac-live-orca,1,12,2,9,1,2,2,2,1,1,1,0.0994663538397682
1p9j-calibration-dense-mopac-live-orca,1,12,2,6,1,2,2,2,1,1,1,0.123743686707646
1p9j-calibration-dense-mopac-live-orca,1,11,0,1,4,1,2,1,1,1,2,0.768860773386601
1p9j-calibration-dense-mopac-live-orca,1,11,0,3,4,1,2,1,1,1,2,0.31277689959199
1p9j-calibration-dense-mopac-live-orca,1,18,2,8,4,1,2,2,1,1,1,0.739633693121128
1p9j-calibration-dense-mopac-live-orca,1,18,2,4,4,1,2,2,1,1,1,0.304055915910215
1p9j-calibration-dense-mopac-live-orca,1,18,2,2,4,1,2,2,1,1,1,0.239709198822239
1p9j-calibration-dense-mopac-live-orca,1,7,2,3,4,0,2,2,1,1,1,0.0700035713374683
1p9j-calibration-dense-mopac-live-orca,1,1,2,13,0,0,2,2,1,1,1,0.0994663538397682
1p9j-calibration-dense-mopac-live-orca,1,1,2,11,0,0,2,2,1,1,1,0.229102597104443
1p9j-calibration-dense-mopac-live-orca,1,1,2,8,0,0,2,2,1,1,1,0.318433753770773
1p9j-calibration-dense-mopac-live-orca,1,1,2,1,0,0,2,2,1,1,1,0.952944238731929
1p9j-calibration-dense-mopac-live-orca,1,1,2,6,0,0,2,2,1,1,1,0.384666088965482
1p9j-calibration-dense-mopac-live-orca,1,19,0,1,4,2,1,1,1,1,1,
1p9j-calibration-dense-mopac-live-orca,1,19,0,9,4,2,1,1,1,1,1,
1p9j-calibration-dense-mopac-live-orca,1,19,0,10,4,2,1,1,1,1,1,
1p9j-calibration-dense-mopac-live-orca,1,4,0,2,4,2,1,1,1,1,1,
1p9j-calibration-dense-mopac-live-orca,1,4,0,6,4,2,1,1,1,1,1,
1p9j-calibration-dense-mopac-live-orca,1,18,0,6,4,2,1,1,1,1,1,
1p9j-calibration-dense-mopac-live-orca,1,18,0,10,4,2,1,1,1,1,1,
1p9j-calibration-dense-mopac-live-orca,1,18,0,1,4,2,1,1,1,1,1,
1p9j-calibration-dense-mopac-live-orca,1,10,0,1,4,2,1,1,1,1,1,
1p9j-calibration-dense-mopac-live-orca,1,10,0,9,4,2,1,1,1,1,1,
1p9j-calibration-dense-mopac-live-orca,1,10,0,12,4,2,1,1,1,1,1,
1p9j-calibration-dense-mopac-live-orca,1,19,0,1,4,1,1,1,1,1,1,
1p9j-calibration-dense-mopac-live-orca,1,19,0,9,4,1,1,1,1,1,1,
1p9j-calibration-dense-mopac-live-orca,1,19,0,10,4,1,1,1,1,1,1,
1p9j-calibration-dense-mopac-live-orca,1,4,0,2,4,1,1,1,1,1,1,
1p9j-calibration-dense-mopac-live-orca,1,4,0,6,4,1,1,1,1,1,1,
1p9j-calibration-dense-mopac-live-orca,1,12,0,1,1,2,1,1,1,1,1,
1p9j-calibration-dense-mopac-live-orca,1,12,0,8,1,2,1,1,1,1,1,
1p9j-calibration-dense-mopac-live-orca,1,18,0,6,4,1,1,1,1,1,1,
1p9j-calibration-dense-mopac-live-orca,1,18,0,10,4,1,1,1,1,1,1,
1p9j-calibration-dense-mopac-live-orca,1,18,0,1,4,1,1,1,1,1,1,
1p9j-calibration-dense-mopac-live-orca,1,0,0,1,1,2,1,1,1,1,1,
1p9j-calibration-dense-mopac-live-orca,1,0,0,6,1,2,1,1,1,1,1,
1p9j-calibration-dense-mopac-live-orca,1,7,0,1,4,0,1,1,1,1,1,
1p9j-calibration-dense-mopac-live-orca,1,1,0,4,0,0,1,1,1,1,1,
1p9j-calibration-dense-mopac-live-orca,1,1,0,10,0,0,1,1,1,1,1,
1p9j-calibration-dense-mopac-live-orca,1,1,0,3,0,0,1,1,1,1,1,
1p9j-calibration-dense-mopac-live-orca,6,18,0,17,1,1,5858,8,4,1,751,4.42141048343441
1p9j-calibration-dense-mopac-live-orca,6,18,0,15,1,1,5858,8,4,1,751,4.96074727580862
1p9j-calibration-dense-mopac-live-orca,6,19,0,15,1,2,4512,8,4,1,751,3.63034221410133
1p9j-calibration-dense-mopac-live-orca,6,18,0,23,1,1,2929,4,4,1,751,4.52097959780701
1p9j-calibration-dense-mopac-live-orca,6,18,0,22,1,1,2929,4,4,1,751,3.57598880849067
1p9j-calibration-dense-mopac-live-orca,6,18,0,20,1,1,2929,4,4,1,751,5.08421016007328
1p9j-calibration-dense-mopac-live-orca,6,18,0,19,1,1,2929,4,4,1,751,4.13040671786534
1p9j-calibration-dense-mopac-live-orca,6,18,0,14,1,1,2929,4,4,1,751,5.0851941230918
1p9j-calibration-dense-mopac-live-orca,6,10,0,17,0,0,2278,6,3,1,697,3.35928134399145
1p9j-calibration-dense-mopac-live-orca,6,4,0,13,1,2,2260,5,5,1,751,4.13488146924872
1p9j-calibration-dense-mopac-live-orca,6,4,0,12,1,2,2260,5,5,1,751,5.91291795336153
1p9j-calibration-dense-mopac-live-orca,6,4,0,10,1,2,2260,5,5,1,751,5.19078251604803
1p9j-calibration-dense-mopac-live-orca,6,19,0,17,1,2,2256,4,4,1,751,4.37796698973668
1p9j-calibration-dense-mopac-live-orca,6,19,0,18,1,2,2256,4,4,1,751,3.78483665322293
1p9j-calibration-dense-mopac-live-orca,6,19,0,13,1,2,2256,4,4,1,751,5.04030802327024
1p9j-calibration-dense-mopac-live-orca,6,10,0,17,0,2,2228,6,3,1,698,3.42666027162633
1p9j-calibration-dense-mopac-live-orca,6,6,0,17,0,2,1585,3,3,1,751,4.11987399311155
1p9j-calibration-dense-mopac-live-orca,6,6,0,18,0,2,1585,3,3,1,751,3.57606838724146
1p9j-calibration-dense-mopac-live-orca,6,6,0,16,0,2,1585,3,3,1,751,3.25223925511345
1p9j-calibration-dense-mopac-live-orca,6,6,0,13,0,2,1585,3,3,1,751,5.19124281852616
1p9j-calibration-dense-mopac-live-orca,6,6,0,14,0,2,1585,3,3,1,751,5.29102739813139
1p9j-calibration-dense-mopac-live-orca,6,19,0,15,5,2,1502,2,1,1,751,3.38653000640278
1p9j-calibration-dense-mopac-live-orca,6,10,0,17,5,2,1502,2,1,1,751,3.76425520254074
1p9j-calibration-dense-mopac-live-orca,6,7,0,9,4,2,1501,2,2,1,751,3.40059955506956
1p9j-calibration-dense-mopac-live-orca,6,7,0,7,4,2,1501,2,2,1,751,5.33362569547678
1p9j-calibration-dense-mopac-live-orca,6,3,0,15,1,2,1497,2,2,1,751,4.0679306732679
1p9j-calibration-dense-mopac-live-orca,6,3,0,14,1,2,1497,2,2,1,751,3.62247038448083
1p9j-calibration-dense-mopac-live-orca,6,3,0,11,1,2,1497,2,2,1,751,4.98160788441062
1p9j-calibration-dense-mopac-live-orca,6,3,0,12,1,2,1497,2,2,1,751,5.50264519586525
1p9j-calibration-dense-mopac-live-orca,6,4,0,13,1,1,1493,2,2,1,747,4.1211502573837
1p9j-calibration-dense-mopac-live-orca,6,4,0,12,1,1,1493,2,2,1,747,6.36917593131122
1p9j-calibration-dense-mopac-live-orca,6,4,0,10,1,1,1493,2,2,1,747,5.29032005503196
1p9j-calibration-dense-mopac-live-orca,6,19,0,15,1,1,1492,2,1,1,746,3.10970604696006
1p9j-calibration-dense-mopac-live-orca,6,13,0,17,1,2,1476,2,1,1,738,4.41417447784722
1p9j-calibration-dense-mopac-live-orca,6,13,0,15,1,2,1476,2,1,1,738,4.10798992250333
1p9j-calibration-dense-mopac-live-orca,6,18,0,17,0,2,1436,2,1,1,718,4.33486717222261
1p9j-calibration-dense-mopac-live-orca,6,18,0,15,0,2,1436,2,1,1,718,4.75871805952703
1p9j-calibration-dense-mopac-live-orca,6,9,0,19,1,1,1422,2,2,1,750,4.65552985012175
1p9j-calibration-dense-mopac-live-orca,6,9,0,21,1,1,1422,2,2,1,750,5.21810398593296
1p9j-calibration-dense-mopac-live-orca,6,9,0,18,1,1,1422,2,2,1,750,3.30699727937608
1p9j-calibration-dense-mopac-live-orca,6,9,0,20,1,1,1422,2,2,1,750,3.63261191107848
1p9j-calibration-dense-mopac-live-orca,6,9,0,17,1,1,1422,2,2,1,750,3.41450876534047
1p9j-calibration-dense-mopac-live-orca,6,9,0,15,1,1,1422,2,2,1,750,5.03649667661841
1p9j-calibration-dense-mopac-live-orca,6,17,0,26,0,0,1201,2,2,1,634,4.30344029944627
1p9j-calibration-dense-mopac-live-orca,6,17,0,25,0,0,1201,2,2,1,634,3.23077409295523
1p9j-calibration-dense-mopac-live-orca,6,17,0,18,0,0,1201,2,2,1,634,4.32147352923549
1p9j-calibration-dense-mopac-live-orca,6,17,0,20,0,0,1201,2,2,1,634,4.27985940522324
1p9j-calibration-dense-mopac-live-orca,6,17,0,22,0,0,1201,2,2,1,634,4.33546399363685
1p9j-calibration-dense-mopac-live-orca,6,17,0,19,0,0,1201,2,2,1,634,3.9475475350023
1p9j-calibration-dense-mopac-live-orca,6,17,0,16,0,0,1201,2,2,1,634,3.86600236144819
1p9j-calibration-dense-mopac-live-orca,6,17,0,15,0,0,1201,2,2,1,634,3.91587383933423
1p9j-calibration-dense-mopac-live-orca,6,17,0,17,0,0,1201,2,2,1,634,4.09386207370521
1p9j-calibration-dense-mopac-live-orca,6,17,0,21,0,0,1201,2,2,1,634,4.17704714474446
1p9j-calibration-dense-mopac-live-orca,6,17,0,14,0,0,1201,2,2,1,634,5.27180717191276
1p9j-calibration-dense-mopac-live-orca,6,10,0,17,1,2,1148,2,1,1,574,3.73992249065192
1p9j-calibration-dense-mopac-live-orca,6,10,0,19,0,0,1139,3,3,1,697,4.29273747933819
1p9j-calibration-dense-mopac-live-orca,6,10,0,20,0,0,1139,3,3,1,697,4.04322328353744
1p9j-calibration-dense-mopac-live-orca,6,10,0,21,0,0,1139,3,3,1,697,3.47176316972668
1p9j-calibration-dense-mopac-live-orca,6,10,0,15,0,0,1139,3,3,1,697,5.2474617832634
1p9j-calibration-dense-mopac-live-orca,6,10,0,19,0,2,1114,3,3,1,698,4.32058567634546
1p9j-calibration-dense-mopac-live-orca,6,10,0,20,0,2,1114,3,3,1,698,4.34389370566764
1p9j-calibration-dense-mopac-live-orca,6,10,0,21,0,2,1114,3,3,1,698,3.35883411085263
1p9j-calibration-dense-mopac-live-orca,6,10,0,15,0,2,1114,3,3,1,698,5.31480456047625
1p9j-calibration-dense-mopac-live-orca,6,3,0,15,3,2,952,2,2,1,751,4.88556856418532
1p9j-calibration-dense-mopac-live-orca,6,3,0,14,3,2,952,2,2,1,751,3.38901293865784
1p9j-calibration-dense-mopac-live-orca,6,3,0,11,3,2,952,2,2,1,751,4.92077642221546
1p9j-calibration-dense-mopac-live-orca,6,3,0,12,3,2,952,2,2,1,751,5.09352905765073
1p9j-calibration-dense-mopac-live-orca,6,19,0,17,5,2,751,1,1,1,751,4.66041617329747
1p9j-calibration-dense-mopac-live-orca,6,19,0,18,5,2,751,1,1,1,751,3.76244453266447
1p9j-calibration-dense-mopac-live-orca,6,19,0,13,5,2,751,1,1,1,751,5.03889519964426
1p9j-calibration-dense-mopac-live-orca,6,15,0,13,1,2,751,2,2,1,745,4.4363240584604
1p9j-calibration-dense-mopac-live-orca,6,15,0,12,1,2,751,2,2,1,745,3.33322441605581
1p9j-calibration-dense-mopac-live-orca,6,15,0,10,1,2,751,2,2,1,745,5.51036398547694
1p9j-calibration-dense-mopac-live-orca,6,14,0,13,1,2,751,1,1,1,751,4.19363498805221
1p9j-calibration-dense-mopac-live-orca,6,14,0,15,1,2,751,1,1,1,751,3.45309182049181
1p9j-calibration-dense-mopac-live-orca,6,14,0,16,1,2,751,1,1,1,751,3.81971004065313
1p9j-calibration-dense-mopac-live-orca,6,14,0,14,1,2,751,1,1,1,751,4.18778398349002
1p9j-calibration-dense-mopac-live-orca,6,14,0,11,1,2,751,1,1,1,751,5.34126961954796
1p9j-calibration-dense-mopac-live-orca,6,7,0,9,3,2,751,1,1,1,751,3.04454762274323
1p9j-calibration-dense-mopac-live-orca,6,7,0,7,3,2,751,1,1,1,751,5.08002834941531
1p9j-calibration-dense-mopac-live-orca,6,4,0,13,3,2,751,1,1,1,751,3.84628376564089
1p9j-calibration-dense-mopac-live-orca,6,4,0,12,3,2,751,1,1,1,751,5.10462179858035
1p9j-calibration-dense-mopac-live-orca,6,4,0,10,3,2,751,1,1,1,751,5.25885447855958
1p9j-calibration-dense-mopac-live-orca,6,5,0,18,0,2,751,1,1,1,751,4.2562498849547
1p9j-calibration-dense-mopac-live-orca,6,5,0,19,0,2,751,1,1,1,751,3.50796595758983
1p9j-calibration-dense-mopac-live-orca,6,5,0,17,0,2,751,1,1,1,751,3.54562857955071
1p9j-calibration-dense-mopac-live-orca,6,5,0,13,0,2,751,1,1,1,751,5.47382670694627
1p9j-calibration-dense-mopac-live-orca,6,5,0,14,0,2,751,1,1,1,751,5.19397472674512
1p9j-calibration-dense-mopac-live-orca,6,10,0,19,5,2,751,1,1,1,751,4.07611872136576
1p9j-calibration-dense-mopac-live-orca,6,10,0,20,5,2,751,1,1,1,751,4.00972731327349
1p9j-calibration-dense-mopac-live-orca,6,10,0,21,5,2,751,1,1,1,751,3.21624143904252
1p9j-calibration-dense-mopac-live-orca,6,10,0,15,5,2,751,1,1,1,751,4.76400655170305
1p9j-calibration-dense-mopac-live-orca,6,1,0,24,0,2,750,1,1,1,750,4.23554141106611
1p9j-calibration-dense-mopac-live-orca,6,1,0,26,0,2,750,1,1,1,750,4.42443111294241
1p9j-calibration-dense-mopac-live-orca,6,1,0,25,0,2,750,1,1,1,750,3.5952976997841
1p9j-calibration-dense-mopac-live-orca,6,1,0,23,0,2,750,1,1,1,750,4.07450118589068
1p9j-calibration-dense-mopac-live-orca,6,1,0,18,0,2,750,1,1,1,750,3.94442628032691
1p9j-calibration-dense-mopac-live-orca,6,1,0,17,0,2,750,1,1,1,750,5.53098660335509
1p9j-calibration-dense-mopac-live-orca,6,12,0,18,1,1,747,1,1,1,747,3.97343868396071
1p9j-calibration-dense-mopac-live-orca,6,12,0,19,1,1,747,1,1,1,747,4.10631061553509
1p9j-calibration-dense-mopac-live-orca,6,12,0,17,1,1,747,1,1,1,747,4.69763390563153
1p9j-calibration-dense-mopac-live-orca,6,12,0,16,1,1,747,1,1,1,747,4.24856113244051
1p9j-calibration-dense-mopac-live-orca,6,12,0,14,1,1,747,1,1,1,747,5.25696295786507
1p9j-calibration-dense-mopac-live-orca,6,2,0,16,1,1,747,1,1,1,747,4.04413582073479
1p9j-calibration-dense-mopac-live-orca,6,2,0,15,1,1,747,1,1,1,747,3.67001972577724
1p9j-calibration-dense-mopac-live-orca,6,2,0,11,1,1,747,1,1,1,747,5.09555291935468
1p9j-calibration-dense-mopac-live-orca,6,2,0,12,1,1,747,1,1,1,747,5.23108921513823
1p9j-calibration-dense-mopac-live-orca,6,19,0,17,1,1,746,1,1,1,746,4.47878529245404
1p9j-calibration-dense-mopac-live-orca,6,19,0,18,1,1,746,1,1,1,746,3.71680298119209
1p9j-calibration-dense-mopac-live-orca,6,19,0,13,1,1,746,1,1,1,746,5.11935638497866
1p9j-calibration-dense-mopac-live-orca,6,1,0,24,1,1,744,1,1,1,744,4.69844450985421
1p9j-calibration-dense-mopac-live-orca,6,1,0,26,1,1,744,1,1,1,744,3.3685303729776
1p9j-calibration-dense-mopac-live-orca,6,1,0,25,1,1,744,1,1,1,744,3.42199417814835
1p9j-calibration-dense-mopac-live-orca,6,1,0,23,1,1,744,1,1,1,744,3.78177952665463
1p9j-calibration-dense-mopac-live-orca,6,1,0,18,1,1,744,1,1,1,744,4.17828758851287
1p9j-calibration-dense-mopac-live-orca,6,1,0,17,1,1,744,1,1,1,744,5.01923885173619
1p9j-calibration-dense-mopac-live-orca,6,0,0,12,1,1,742,1,1,1,742,3.78409412609234
1p9j-calibration-dense-mopac-live-orca,6,0,0,11,1,1,742,1,1,1,742,2.91869635555734
1p9j-calibration-dense-mopac-live-orca,6,0,0,9,1,1,742,1,1,1,742,4.98377196230757
1p9j-calibration-dense-mopac-live-orca,6,11,0,19,1,1,740,1,1,1,740,4.42712001455281
1p9j-calibration-dense-mopac-live-orca,6,11,0,20,1,1,740,1,1,1,740,4.49067759287482
1p9j-calibration-dense-mopac-live-orca,6,11,0,21,1,1,740,1,1,1,740,4.21342487025954
1p9j-calibration-dense-mopac-live-orca,6,11,0,22,1,1,740,1,1,1,740,3.06663168652822
1p9j-calibration-dense-mopac-live-orca,6,11,0,23,1,1,740,1,1,1,740,4.04975515115087
1p9j-calibration-dense-mopac-live-orca,6,11,0,17,1,1,740,1,1,1,740,5.19510076147112
1p9j-calibration-dense-mopac-live-orca,6,8,0,20,0,0,739,1,1,1,739,3.51650367379069
1p9j-calibration-dense-mopac-live-orca,6,8,0,19,0,0,739,1,1,1,739,3.33743213918034
1p9j-calibration-dense-mopac-live-orca,6,8,0,14,0,0,739,1,1,1,739,4.85333976223187
1p9j-calibration-dense-mopac-live-orca,6,8,0,15,0,0,739,1,1,1,739,4.97826284370875
1p9j-calibration-dense-mopac-live-orca,6,8,0,13,0,0,739,1,1,1,739,4.79551352408113
1p9j-calibration-dense-mopac-live-orca,6,8,0,12,0,0,739,1,1,1,739,5.14854036431675
1p9j-calibration-dense-mopac-live-orca,6,13,0,22,1,2,738,1,1,1,738,4.52262317280154
1p9j-calibration-dense-mopac-live-orca,6,13,0,21,1,2,738,1,1,1,738,3.29073814852077
1p9j-calibration-dense-mopac-live-orca,6,13,0,19,1,2,738,1,1,1,738,4.7182235644152
1p9j-calibration-dense-mopac-live-orca,6,13,0,14,1,2,738,1,1,1,738,4.07893609371839
1p9j-calibration-dense-mopac-live-orca,6,13,0,13,1,2,738,1,1,1,738,5.28737670620931
1p9j-calibration-dense-mopac-live-orca,6,3,0,15,0,0,736,1,1,1,736,3.97791773647191
1p9j-calibration-dense-mopac-live-orca,6,3,0,14,0,0,736,1,1,1,736,3.33566586260395
1p9j-calibration-dense-mopac-live-orca,6,3,0,11,0,0,736,1,1,1,736,4.96842256406277
1p9j-calibration-dense-mopac-live-orca,6,3,0,12,0,0,736,1,1,1,736,5.19254806002866
1p9j-calibration-dense-mopac-live-orca,6,7,0,9,0,0,725,1,1,1,725,2.99694367335604
1p9j-calibration-dense-mopac-live-orca,6,7,0,7,0,0,725,1,1,1,725,5.26787857303752
1p9j-calibration-dense-mopac-live-orca,6,18,0,23,0,2,718,1,1,1,718,3.96618758784393
1p9j-calibration-dense-mopac-live-orca,6,18,0,22,0,2,718,1,1,1,718,3.29541255678146
1p9j-calibration-dense-mopac-live-orca,6,18,0,20,0,2,718,1,1,1,718,4.65978963961843
1p9j-calibration-dense-mopac-live-orca,6,18,0,19,0,2,718,1,1,1,718,4.22808875598939
1p9j-calibration-dense-mopac-live-orca,6,18,0,14,0,2,718,1,1,1,718,5.19888771834284
1p9j-calibration-dense-mopac-live-orca,6,2,0,16,1,2,694,2,2,1,692,4.04504018601016
1p9j-calibration-dense-mopac-live-orca,6,2,0,15,1,2,694,2,2,1,692,4.18737687545751
1p9j-calibration-dense-mopac-live-orca,6,2,0,11,1,2,694,2,2,1,692,5.25792657930494
1p9j-calibration-dense-mopac-live-orca,6,2,0,12,1,2,694,2,2,1,692,5.28775853356499
1p9j-calibration-dense-mopac-live-orca,6,0,0,12,0,2,611,1,1,1,611,3.9120143592472
1p9j-calibration-dense-mopac-live-orca,6,0,0,11,0,2,611,1,1,1,611,2.52057920895815
1p9j-calibration-dense-mopac-live-orca,6,0,0,9,0,2,611,1,1,1,611,5.31594892581547
1p9j-calibration-dense-mopac-live-orca,6,15,0,13,0,0,584,1,1,1,584,3.7895770127606
1p9j-calibration-dense-mopac-live-orca,6,15,0,12,0,0,584,1,1,1,584,3.22849124401284
1p9j-calibration-dense-mopac-live-orca,6,15,0,10,0,0,584,1,1,1,584,5.40414676168316
1p9j-calibration-dense-mopac-live-orca,6,10,0,19,1,2,574,1,1,1,574,4.05106239072277
1p9j-calibration-dense-mopac-live-orca,6,10,0,20,1,2,574,1,1,1,574,3.88642782341038
1p9j-calibration-dense-mopac-live-orca,6,10,0,21,1,2,574,1,1,1,574,3.34008199947682
1p9j-calibration-dense-mopac-live-orca,6,10,0,15,1,2,574,1,1,1,574,5.17143864758467
1p9j-calibration-dense-mopac-live-orca,6,8,0,20,3,2,571,1,1,1,571,4.18391359244448
1p9j-calibration-dense-mopac-live-orca,6,8,0,19,3,2,571,1,1,1,571,3.01464926197719
1p9j-calibration-dense-mopac-live-orca,6,8,0,14,3,2,571,1,1,1,571,4.95271290819874
1p9j-calibration-dense-mopac-live-orca,6,8,0,15,3,2,571,1,1,1,571,5.24146843695562
1p9j-calibration-dense-mopac-live-orca,6,8,0,13,3,2,571,1,1,1,571,4.8109144552678
1p9j-calibration-dense-mopac-live-orca,6,8,0,12,3,2,571,1,1,1,571,5.27125059283167
1p9j-calibration-dense-mopac-live-orca,6,6,0,17,0,0,539,3,3,1,448,4.41793986555969
1p9j-calibration-dense-mopac-live-orca,6,6,0,18,0,0,539,3,3,1,448,3.52190287465135
1p9j-calibration-dense-mopac-live-orca,6,6,0,16,0,0,539,3,3,1,448,3.35919179814602
1p9j-calibration-dense-mopac-live-orca,6,6,0,13,0,0,539,3,3,1,448,4.99569287813412
1p9j-calibration-dense-mopac-live-orca,6,6,0,14,0,0,539,3,3,1,448,5.40623931164378
1p9j-calibration-dense-mopac-live-orca,6,11,0,19,0,0,443,1,1,1,443,3.99089571512053
1p9j-calibration-dense-mopac-live-orca,6,11,0,20,0,0,443,1,1,1,443,3.5527481811815
1p9j-calibration-dense-mopac-live-orca,6,11,0,21,0,0,443,1,1,1,443,3.85524074232895
1p9j-calibration-dense-mopac-live-orca,6,11,0,22,0,0,443,1,1,1,443,3.10420006661255
1p9j-calibration-dense-mopac-live-orca,6,11,0,23,0,0,443,1,1,1,443,4.77055000133304
1p9j-calibration-dense-mopac-live-orca,6,11,0,17,0,0,443,1,1,1,443,5.60704365432971
1p9j-calibration-dense-mopac-live-orca,6,8,0,20,0,2,399,2,2,1,389,3.96244569697542
1p9j-calibration-dense-mopac-live-orca,6,8,0,19,0,2,399,2,2,1,389,3.35114153540892
1p9j-calibration-dense-mopac-live-orca,6,8,0,14,0,2,399,2,2,1,389,4.76806177075252
1p9j-calibration-dense-mopac-live-orca,6,8,0,15,0,2,399,2,2,1,389,4.7371639806649
1p9j-calibration-dense-mopac-live-orca,6,8,0,13,0,2,399,2,2,1,389,4.80593648846851
1p9j-calibration-dense-mopac-live-orca,6,8,0,12,0,2,399,2,2,1,389,5.45717661211046
1p9j-calibration-dense-mopac-live-orca,6,3,0,15,4,2,377,3,3,1,376,4.27253670712284
1p9j-calibration-dense-mopac-live-orca,6,3,0,14,4,2,377,3,3,1,376,3.45264776023112
1p9j-calibration-dense-mopac-live-orca,6,3,0,11,4,2,377,3,3,1,376,4.8454958119804
1p9j-calibration-dense-mopac-live-orca,6,3,0,12,4,2,377,3,3,1,376,5.48577961530496
1p9j-calibration-dense-mopac-live-orca,6,8,0,20,1,2,361,1,1,1,361,4.19009124742387
1p9j-calibration-dense-mopac-live-orca,6,8,0,19,1,2,361,1,1,1,361,3.20487618095652
1p9j-calibration-dense-mopac-live-orca,6,8,0,14,1,2,361,1,1,1,361,4.51551859793961
1p9j-calibration-dense-mopac-live-orca,6,8,0,15,1,2,361,1,1,1,361,5.06362566607961
1p9j-calibration-dense-mopac-live-orca,6,8,0,13,1,2,361,1,1,1,361,4.7131130592896
1p9j-calibration-dense-mopac-live-orca,6,8,0,12,1,2,361,1,1,1,361,5.46918738908089
1p9j-calibration-dense-mopac-live-orca,6,10,0,17,1,0,352,2,1,1,176,3.49029004133596
1p9j-calibration-dense-mopac-live-orca,6,11,0,19,0,2,308,1,1,1,308,4.13965341409503
1p9j-calibration-dense-mopac-live-orca,6,11,0,20,0,2,308,1,1,1,308,4.07767351179625
1p9j-calibration-dense-mopac-live-orca,6,11,0,21,0,2,308,1,1,1,308,4.08826091900407
1p9j-calibration-dense-mopac-live-orca,6,11,0,22,0,2,308,1,1,1,308,3.04845995702997
1p9j-calibration-dense-mopac-live-orca,6,11,0,23,0,2,308,1,1,1,308,4.56851822726339
1p9j-calibration-dense-mopac-live-orca,6,11,0,17,0,2,308,1,1,1,308,5.28889277600149
1p9j-calibration-dense-mopac-live-orca,6,17,0,26,0,2,301,2,2,1,184,4.22328653658852
1p9j-calibration-dense-mopac-live-orca,6,17,0,25,0,2,301,2,2,1,184,3.1222353447054
1p9j-calibration-dense-mopac-live-orca,6,17,0,18,0,2,301,2,2,1,184,4.24356680826366
1p9j-calibration-dense-mopac-live-orca,6,17,0,20,0,2,301,2,2,1,184,4.21313020165279
1p9j-calibration-dense-mopac-live-orca,6,17,0,22,0,2,301,2,2,1,184,4.5228469290473
1p9j-calibration-dense-mopac-live-orca,6,17,0,19,0,2,301,2,2,1,184,3.83586068462315
1p9j-calibration-dense-mopac-live-orca,6,17,0,16,0,2,301,2,2,1,184,3.903487937556
1p9j-calibration-dense-mopac-live-orca,6,17,0,15,0,2,301,2,2,1,184,3.52677593598825
1p9j-calibration-dense-mopac-live-orca,6,17,0,17,0,2,301,2,2,1,184,4.12620052928569
1p9j-calibration-dense-mopac-live-orca,6,17,0,21,0,2,301,2,2,1,184,4.46255680118389
1p9j-calibration-dense-mopac-live-orca,6,17,0,14,0,2,301,2,2,1,184,5.34040832933414
1p9j-calibration-dense-mopac-live-orca,6,10,0,19,1,0,176,1,1,1,176,4.26515612437287
1p9j-calibration-dense-mopac-live-orca,6,10,0,20,1,0,176,1,1,1,176,3.76337447279609
1p9j-calibration-dense-mopac-live-orca,6,10,0,21,1,0,176,1,1,1,176,3.50167500907162
1p9j-calibration-dense-mopac-live-orca,6,10,0,15,1,0,176,1,1,1,176,5.12897373855623
1p9j-calibration-dense-mopac-live-orca,6,8,0,20,3,0,176,1,1,1,176,3.70937034450504
1p9j-calibration-dense-mopac-live-orca,6,8,0,19,3,0,176,1,1,1,176,3.14327861451051
1p9j-calibration-dense-mopac-live-orca,6,8,0,14,3,0,176,1,1,1,176,5.00787724912586
1p9j-calibration-dense-mopac-live-orca,6,8,0,15,3,0,176,1,1,1,176,5.21664916873851
1p9j-calibration-dense-mopac-live-orca,6,8,0,13,3,0,176,1,1,1,176,5.49301104189553
1p9j-calibration-dense-mopac-live-orca,6,8,0,12,3,0,176,1,1,1,176,5.16741277852948
1p9j-calibration-dense-mopac-live-orca,6,15,0,13,0,2,162,2,2,1,162,4.05528540347016
1p9j-calibration-dense-mopac-live-orca,6,15,0,12,0,2,162,2,2,1,162,3.59734313255279
1p9j-calibration-dense-mopac-live-orca,6,15,0,10,0,2,162,2,2,1,162,5.166731056483
1p9j-calibration-dense-mopac-live-orca,6,18,0,17,1,2,148,8,4,1,72,4.47787470830703
1p9j-calibration-dense-mopac-live-orca,6,18,0,15,1,2,148,8,4,1,72,5.15264752134711
1p9j-calibration-dense-mopac-live-orca,6,3,0,15,3,0,144,1,1,1,144,4.22579341094869
1p9j-calibration-dense-mopac-live-orca,6,3,0,14,3,0,144,1,1,1,144,3.22131851923971
1p9j-calibration-dense-mopac-live-orca,6,3,0,11,3,0,144,1,1,1,144,4.80037656325234
1p9j-calibration-dense-mopac-live-orca,6,3,0,12,3,0,144,1,1,1,144,4.70145512422447
1p9j-calibration-dense-mopac-live-orca,6,0,0,12,0,0,140,1,1,1,140,3.48636598770911
1p9j-calibration-dense-mopac-live-orca,6,0,0,11,0,0,140,1,1,1,140,2.65697510529556
1p9j-calibration-dense-mopac-live-orca,6,0,0,9,0,0,140,1,1,1,140,6.15501690023003
1p9j-calibration-dense-mopac-live-orca,6,6,0,17,1,2,126,1,1,1,126,4.29599192228551
1p9j-calibration-dense-mopac-live-orca,6,6,0,18,1,2,126,1,1,1,126,3.22738156577018
1p9j-calibration-dense-mopac-live-orca,6,6,0,16,1,2,126,1,1,1,126,3.41978109712812
1p9j-calibration-dense-mopac-live-orca,6,6,0,13,1,2,126,1,1,1,126,4.87851956451008
1p9j-calibration-dense-mopac-live-orca,6,6,0,14,1,2,126,1,1,1,126,5.60630655462188
1p9j-calibration-dense-mopac-live-orca,6,18,0,23,1,2,74,4,4,1,72,4.63682060034673
1p9j-calibration-dense-mopac-live-orca,6,18,0,22,1,2,74,4,4,1,72,2.93856141168686
1p9j-calibration-dense-mopac-live-orca,6,18,0,20,1,2,74,4,4,1,72,4.80076058472948
1p9j-calibration-dense-mopac-live-orca,6,18,0,19,1,2,74,4,4,1,72,3.83735874793616
1p9j-calibration-dense-mopac-live-orca,6,18,0,14,1,2,74,4,4,1,72,4.84923490769365
1p9j-calibration-dense-mopac-live-orca,6,9,0,19,1,2,74,2,2,1,74,3.77612941625819
1p9j-calibration-dense-mopac-live-orca,6,9,0,21,1,2,74,2,2,1,74,3.56292903338943
1p9j-calibration-dense-mopac-live-orca,6,9,0,18,1,2,74,2,2,1,74,3.49458438162967
1p9j-calibration-dense-mopac-live-orca,6,9,0,20,1,2,74,2,2,1,74,3.3529393031711
1p9j-calibration-dense-mopac-live-orca,6,9,0,17,1,2,74,2,2,1,74,2.2718396789718
1p9j-calibration-dense-mopac-live-orca,6,9,0,15,1,2,74,2,2,1,74,5.45262114575586
1p9j-calibration-dense-mopac-live-orca,6,18,0,17,0,0,64,2,1,1,32,4.21083215764553
1p9j-calibration-dense-mopac-live-orca,6,18,0,15,0,0,64,2,1,1,32,4.74946247760403
1p9j-calibration-dense-mopac-live-orca,6,2,0,16,4,2,37,1,1,1,37,4.03752336706827
1p9j-calibration-dense-mopac-live-orca,6,2,0,15,4,2,37,1,1,1,37,4.43967818537653
1p9j-calibration-dense-mopac-live-orca,6,2,0,11,4,2,37,1,1,1,37,4.66326560426494
1p9j-calibration-dense-mopac-live-orca,6,2,0,12,4,2,37,1,1,1,37,5.38031075190709
1p9j-calibration-dense-mopac-live-orca,6,18,0,23,0,0,32,1,1,1,32,4.15918063917272
1p9j-calibration-dense-mopac-live-orca,6,18,0,22,0,0,32,1,1,1,32,3.69375001562099
1p9j-calibration-dense-mopac-live-orca,6,18,0,20,0,0,32,1,1,1,32,4.2352297949048
1p9j-calibration-dense-mopac-live-orca,6,18,0,19,0,0,32,1,1,1,32,4.36543333517825
1p9j-calibration-dense-mopac-live-orca,6,18,0,14,0,0,32,1,1,1,32,5.17272111788441
1p9j-calibration-dense-mopac-live-orca,6,3,0,15,4,0,32,1,1,1,32,3.3570480990291
1p9j-calibration-dense-mopac-live-orca,6,3,0,14,4,0,32,1,1,1,32,3.99438962353961
1p9j-calibration-dense-mopac-live-orca,6,3,0,11,4,0,32,1,1,1,32,5.43220714461132
1p9j-calibration-dense-mopac-live-orca,6,3,0,12,4,0,32,1,1,1,32,5.28109737899287
1p9j-calibration-dense-mopac-live-orca,6,7,0,9,0,2,26,1,1,1,26,2.66664130045221
1p9j-calibration-dense-mopac-live-orca,6,7,0,7,0,2,26,1,1,1,26,5.42018333939799
1p9j-calibration-dense-mopac-live-orca,6,2,0,16,0,2,24,1,1,1,24,3.5632841848773
1p9j-calibration-dense-mopac-live-orca,6,2,0,15,0,2,24,1,1,1,24,4.87014729898527
1p9j-calibration-dense-mopac-live-orca,6,2,0,11,0,2,24,1,1,1,24,5.95573621056595
1p9j-calibration-dense-mopac-live-orca,6,2,0,12,0,2,24,1,1,1,24,4.23531303074718
1p9j-calibration-dense-mopac-live-orca,6,13,0,17,0,2,18,2,1,1,9,4.23308522818253
1p9j-calibration-dense-mopac-live-orca,6,13,0,15,0,2,18,2,1,1,9,5.62500639493224
1p9j-calibration-dense-mopac-live-orca,6,3,0,15,0,2,17,2,2,1,17,7.01293976233853
1p9j-calibration-dense-mopac-live-orca,6,3,0,14,0,2,17,2,2,1,17,3.49324936066523
1p9j-calibration-dense-mopac-live-orca,6,3,0,11,0,2,17,2,2,1,17,5.52085574054549
1p9j-calibration-dense-mopac-live-orca,6,3,0,12,0,2,17,2,2,1,17,4.83675619166187
1p9j-calibration-dense-mopac-live-orca,6,13,0,22,0,2,9,1,1,1,9,2.89705591463294
1p9j-calibration-dense-mopac-live-orca,6,13,0,21,0,2,9,1,1,1,9,3.32308458185412
1p9j-calibration-dense-mopac-live-orca,6,13,0,19,0,2,9,1,1,1,9,4.23564470035491
1p9j-calibration-dense-mopac-live-orca,6,13,0,14,0,2,9,1,1,1,9,4.094912787175
1p9j-calibration-dense-mopac-live-orca,6,13,0,13,0,2,9,1,1,1,9,3.93952015825748
1p9j-calibration-dense-mopac-live-orca,6,11,0,19,1,2,9,1,1,1,9,4.39078998770467
1p9j-calibration-dense-mopac-live-orca,6,11,0,20,1,2,9,1,1,1,9,2.94079712555704
1p9j-calibration-dense-mopac-live-orca,6,11,0,21,1,2,9,1,1,1,9,5.27139453249492
1p9j-calibration-dense-mopac-live-orca,6,11,0,22,1,2,9,1,1,1,9,3.26117390680628
1p9j-calibration-dense-mopac-live-orca,6,11,0,23,1,2,9,1,1,1,9,3.85945016409955
1p9j-calibration-dense-mopac-live-orca,6,11,0,17,1,2,9,1,1,1,9,3.68406154106202
1p9j-calibration-dense-mopac-live-orca,6,13,0,17,4,2,8,2,1,1,4,2.43724026821535
1p9j-calibration-dense-mopac-live-orca,6,13,0,15,4,2,8,2,1,1,4,4.00717206003193
1p9j-calibration-dense-mopac-live-orca,6,0,0,12,4,1,8,1,1,1,8,2.78139611187531
1p9j-calibration-dense-mopac-live-orca,6,0,0,11,4,1,8,1,1,1,8,3.53302229984685
1p9j-calibration-dense-mopac-live-orca,6,0,0,9,4,1,8,1,1,1,8,8.14278712620724
1p9j-calibration-dense-mopac-live-orca,6,8,0,20,4,2,7,3,3,1,7,4.77997899809831
1p9j-calibration-dense-mopac-live-orca,6,8,0,19,4,2,7,3,3,1,7,2.54217104428115
1p9j-calibration-dense-mopac-live-orca,6,8,0,14,4,2,7,3,3,1,7,2.54876918527035
1p9j-calibration-dense-mopac-live-orca,6,8,0,15,4,2,7,3,3,1,7,5.24942024111503
1p9j-calibration-dense-mopac-live-orca,6,8,0,13,4,2,7,3,3,1,7,2.56703092548445
1p9j-calibration-dense-mopac-live-orca,6,8,0,12,4,2,7,3,3,1,7,5.6232896682473
1p9j-calibration-dense-mopac-live-orca,6,1,0,24,1,2,7,1,1,1,7,4.23194164095092
1p9j-calibration-dense-mopac-live-orca,6,1,0,26,1,2,7,1,1,1,7,4.09364195696123
1p9j-calibration-dense-mopac-live-orca,6,1,0,25,1,2,7,1,1,1,7,3.66585412053923
1p9j-calibration-dense-mopac-live-orca,6,1,0,23,1,2,7,1,1,1,7,2.51264758426469
1p9j-calibration-dense-mopac-live-orca,6,1,0,18,1,2,7,1,1,1,7,4.29103662441386
1p9j-calibration-dense-mopac-live-orca,6,1,0,17,1,2,7,1,1,1,7,4.31262827582413
1p9j-calibration-dense-mopac-live-orca,6,9,0,19,4,1,6,1,1,1,6,3.52743752543454
1p9j-calibration-dense-mopac-live-orca,6,9,0,21,4,1,6,1,1,1,6,4.14903735903679
1p9j-calibration-dense-mopac-live-orca,6,9,0,18,4,1,6,1,1,1,6,1.90632579020246
1p9j-calibration-dense-mopac-live-orca,6,9,0,20,4,1,6,1,1,1,6,0.855087149361592
1p9j-calibration-dense-mopac-live-orca,6,9,0,17,4,1,6,1,1,1,6,3.66201214139366
1p9j-calibration-dense-mopac-live-orca,6,9,0,15,4,1,6,1,1,1,6,4.5895437266162
1p9j-calibration-dense-mopac-live-orca,6,15,0,13,4,2,5,1,1,1,5,3.70390354577686
1p9j-calibration-dense-mopac-live-orca,6,15,0,12,4,2,5,1,1,1,5,2.78207575785337
1p9j-calibration-dense-mopac-live-orca,6,15,0,10,4,2,5,1,1,1,5,5.84201114247947
1p9j-calibration-dense-mopac-live-orca,6,13,0,22,4,2,4,1,1,1,4,3.69303948906889
1p9j-calibration-dense-mopac-live-orca,6,13,0,21,4,2,4,1,1,1,4,2.10408724593295
1p9j-calibration-dense-mopac-live-orca,6,13,0,19,4,2,4,1,1,1,4,2.00907077056712
1p9j-calibration-dense-mopac-live-orca,6,13,0,14,4,2,4,1,1,1,4,5.35768223105031
1p9j-calibration-dense-mopac-live-orca,6,13,0,13,4,2,4,1,1,1,4,3.21279447274169
1p9j-calibration-dense-mopac-live-orca,6,12,0,18,4,1,3,1,1,1,3,1.38536947871143
1p9j-calibration-dense-mopac-live-orca,6,12,0,19,4,1,3,1,1,1,3,3.39361040681621
1p9j-calibration-dense-mopac-live-orca,6,12,0,17,4,1,3,1,1,1,3,4.58908633274816
1p9j-calibration-dense-mopac-live-orca,6,12,0,16,4,1,3,1,1,1,3,4.05534544794263
1p9j-calibration-dense-mopac-live-orca,6,12,0,14,4,1,3,1,1,1,3,3.75478438995497
1p9j-calibration-dense-mopac-live-orca,6,6,0,17,4,2,3,1,1,1,3,0.301619517494027
1p9j-calibration-dense-mopac-live-orca,6,6,0,18,4,2,3,1,1,1,3,5.51773192462385
1p9j-calibration-dense-mopac-live-orca,6,6,0,16,4,2,3,1,1,1,3,3.19743292866846
1p9j-calibration-dense-mopac-live-orca,6,6,0,13,4,2,3,1,1,1,3,5.76736673979594
1p9j-calibration-dense-mopac-live-orca,6,6,0,14,4,2,3,1,1,1,3,3.24723898672024
1p9j-calibration-dense-mopac-live-orca,6,19,0,15,4,2,2,2,1,1,1,5.97340238543926
1p9j-calibration-dense-mopac-live-orca,6,18,0,17,4,2,2,2,1,1,1,0.776167543435297
1p9j-calibration-dense-mopac-live-orca,6,18,0,15,4,2,2,2,1,1,1,2.08596500450031
1p9j-calibration-dense-mopac-live-orca,6,10,0,17,4,2,2,2,1,1,1,1.0519391883809
1p9j-calibration-dense-mopac-live-orca,6,19,0,15,4,1,2,2,1,1,1,0.244423244265865
1p9j-calibration-dense-mopac-live-orca,6,11,0,19,4,1,2,1,1,1,2,3.80753431466487
1p9j-calibration-dense-mopac-live-orca,6,11,0,20,4,1,2,1,1,1,2,9.46933831162556
1p9j-calibration-dense-mopac-live-orca,6,11,0,21,4,1,2,1,1,1,2,3.0377307319774
1p9j-calibration-dense-mopac-live-orca,6,11,0,22,4,1,2,1,1,1,2,6.66141728282666
1p9j-calibration-dense-mopac-live-orca,6,11,0,23,4,1,2,1,1,1,2,0.926309883354379
1p9j-calibration-dense-mopac-live-orca,6,11,0,17,4,1,2,1,1,1,2,4.16533034566241
1p9j-calibration-dense-mopac-live-orca,6,18,0,17,4,1,2,2,1,1,1,3.4780225544198
1p9j-calibration-dense-mopac-live-orca,6,18,0,15,4,1,2,2,1,1,1,10.8976940094102
1p9j-calibration-dense-mopac-live-orca,6,19,0,17,4,2,1,1,1,1,1,
1p9j-calibration-dense-mopac-live-orca,6,19,0,18,4,2,1,1,1,1,1,
1p9j-calibration-dense-mopac-live-orca,6,19,0,13,4,2,1,1,1,1,1,
1p9j-calibration-dense-mopac-live-orca,6,4,0,13,4,2,1,1,1,1,1,
1p9j-calibration-dense-mopac-live-orca,6,4,0,12,4,2,1,1,1,1,1,
1p9j-calibration-dense-mopac-live-orca,6,4,0,10,4,2,1,1,1,1,1,
1p9j-calibration-dense-mopac-live-orca,6,18,0,23,4,2,1,1,1,1,1,
1p9j-calibration-dense-mopac-live-orca,6,18,0,22,4,2,1,1,1,1,1,
1p9j-calibration-dense-mopac-live-orca,6,18,0,20,4,2,1,1,1,1,1,
1p9j-calibration-dense-mopac-live-orca,6,18,0,19,4,2,1,1,1,1,1,
1p9j-calibration-dense-mopac-live-orca,6,18,0,14,4,2,1,1,1,1,1,
1p9j-calibration-dense-mopac-live-orca,6,10,0,19,4,2,1,1,1,1,1,
1p9j-calibration-dense-mopac-live-orca,6,10,0,20,4,2,1,1,1,1,1,
1p9j-calibration-dense-mopac-live-orca,6,10,0,21,4,2,1,1,1,1,1,
1p9j-calibration-dense-mopac-live-orca,6,10,0,15,4,2,1,1,1,1,1,
1p9j-calibration-dense-mopac-live-orca,6,19,0,17,4,1,1,1,1,1,1,
1p9j-calibration-dense-mopac-live-orca,6,19,0,18,4,1,1,1,1,1,1,
1p9j-calibration-dense-mopac-live-orca,6,19,0,13,4,1,1,1,1,1,1,
1p9j-calibration-dense-mopac-live-orca,6,4,0,13,4,1,1,1,1,1,1,
1p9j-calibration-dense-mopac-live-orca,6,4,0,12,4,1,1,1,1,1,1,
1p9j-calibration-dense-mopac-live-orca,6,4,0,10,4,1,1,1,1,1,1,
1p9j-calibration-dense-mopac-live-orca,6,12,0,18,1,2,1,1,1,1,1,
1p9j-calibration-dense-mopac-live-orca,6,12,0,19,1,2,1,1,1,1,1,
1p9j-calibration-dense-mopac-live-orca,6,12,0,17,1,2,1,1,1,1,1,
1p9j-calibration-dense-mopac-live-orca,6,12,0,16,1,2,1,1,1,1,1,
1p9j-calibration-dense-mopac-live-orca,6,12,0,14,1,2,1,1,1,1,1,
1p9j-calibration-dense-mopac-live-orca,6,18,0,23,4,1,1,1,1,1,1,
1p9j-calibration-dense-mopac-live-orca,6,18,0,22,4,1,1,1,1,1,1,
1p9j-calibration-dense-mopac-live-orca,6,18,0,20,4,1,1,1,1,1,1,
1p9j-calibration-dense-mopac-live-orca,6,18,0,19,4,1,1,1,1,1,1,
1p9j-calibration-dense-mopac-live-orca,6,18,0,14,4,1,1,1,1,1,1,
1p9j-calibration-dense-mopac-live-orca,6,0,0,12,1,2,1,1,1,1,1,
1p9j-calibration-dense-mopac-live-orca,6,0,0,11,1,2,1,1,1,1,1,
1p9j-calibration-dense-mopac-live-orca,6,0,0,9,1,2,1,1,1,1,1,
1p9j-calibration-dense-mopac-live-orca,6,7,0,9,4,0,1,1,1,1,1,
1p9j-calibration-dense-mopac-live-orca,6,7,0,7,4,0,1,1,1,1,1,
1p9j-calibration-dense-mopac-live-orca,6,1,0,24,0,0,1,1,1,1,1,
1p9j-calibration-dense-mopac-live-orca,6,1,0,26,0,0,1,1,1,1,1,
1p9j-calibration-dense-mopac-live-orca,6,1,0,25,0,0,1,1,1,1,1,
1p9j-calibration-dense-mopac-live-orca,6,1,0,23,0,0,1,1,1,1,1,
1p9j-calibration-dense-mopac-live-orca,6,1,0,18,0,0,1,1,1,1,1,
1p9j-calibration-dense-mopac-live-orca,6,1,0,17,0,0,1,1,1,1,1,
1p9j-calibration-dense-mopac-live-orca,7,18,0,21,1,1,2929,4,4,1,751,8.19689035434579
1p9j-calibration-dense-mopac-live-orca,7,4,0,11,1,2,2260,5,5,1,751,7.73874863491411
1p9j-calibration-dense-mopac-live-orca,7,19,0,14,1,2,2256,4,4,1,751,7.6247036128975
1p9j-calibration-dense-mopac-live-orca,7,6,0,15,0,2,1585,3,3,1,751,10.0651531034685
1p9j-calibration-dense-mopac-live-orca,7,7,0,8,4,2,1501,2,2,1,751,6.94717014873795
1p9j-calibration-dense-mopac-live-orca,7,3,0,13,1,2,1497,2,2,1,751,7.84983706080572
1p9j-calibration-dense-mopac-live-orca,7,4,0,11,1,1,1493,2,2,1,747,9.46017943604352
1p9j-calibration-dense-mopac-live-orca,7,9,0,16,1,1,1422,2,2,1,750,9.55375485735676
1p9j-calibration-dense-mopac-live-orca,7,17,0,23,0,0,1201,2,2,1,634,7.91559297124612
1p9j-calibration-dense-mopac-live-orca,7,17,0,24,0,0,1201,2,2,1,634,5.04524765750828
1p9j-calibration-dense-mopac-live-orca,7,10,0,16,0,0,1139,3,3,1,697,9.14842245255375
1p9j-calibration-dense-mopac-live-orca,7,10,0,16,0,2,1114,3,3,1,698,10.1940984221915
1p9j-calibration-dense-mopac-live-orca,7,3,0,13,3,2,952,2,2,1,751,7.67878733913148
1p9j-calibration-dense-mopac-live-orca,7,19,0,14,5,2,751,1,1,1,751,3.49640329900667
1p9j-calibration-dense-mopac-live-orca,7,15,0,11,1,2,751,2,2,1,745,7.74326603669674
1p9j-calibration-dense-mopac-live-orca,7,14,0,12,1,2,751,1,1,1,751,9.04380992043317
1p9j-calibration-dense-mopac-live-orca,7,7,0,8,3,2,751,1,1,1,751,6.25842850000931
1p9j-calibration-dense-mopac-live-orca,7,4,0,11,3,2,751,1,1,1,751,6.97850138703201
1p9j-calibration-dense-mopac-live-orca,7,5,0,16,0,2,751,1,1,1,751,7.64248313857511
1p9j-calibration-dense-mopac-live-orca,7,5,0,15,0,2,751,1,1,1,751,6.3345646453072
1p9j-calibration-dense-mopac-live-orca,7,10,0,16,5,2,751,1,1,1,751,7.82404024403829
1p9j-calibration-dense-mopac-live-orca,7,1,0,21,0,2,750,1,1,1,750,8.02998795910427
1p9j-calibration-dense-mopac-live-orca,7,1,0,20,0,2,750,1,1,1,750,5.80362066478493
1p9j-calibration-dense-mopac-live-orca,7,1,0,19,0,2,750,1,1,1,750,4.44721815257337
1p9j-calibration-dense-mopac-live-orca,7,1,0,22,0,2,750,1,1,1,750,4.59053955373637
1p9j-calibration-dense-mopac-live-orca,7,12,0,15,1,1,747,1,1,1,747,7.60016792068206
1p9j-calibration-dense-mopac-live-orca,7,2,0,14,1,1,747,1,1,1,747,8.47821696097263
1p9j-calibration-dense-mopac-live-orca,7,2,0,13,1,1,747,1,1,1,747,6.70560625791331
1p9j-calibration-dense-mopac-live-orca,7,19,0,14,1,1,746,1,1,1,746,8.22623865451371
1p9j-calibration-dense-mopac-live-orca,7,1,0,21,1,1,744,1,1,1,744,7.19196308438083
1p9j-calibration-dense-mopac-live-orca,7,1,0,20,1,1,744,1,1,1,744,6.01427024217801
1p9j-calibration-dense-mopac-live-orca,7,1,0,19,1,1,744,1,1,1,744,4.37709649577922
1p9j-calibration-dense-mopac-live-orca,7,1,0,22,1,1,744,1,1,1,744,4.97969598009159
1p9j-calibration-dense-mopac-live-orca,7,0,0,10,1,1,742,1,1,1,742,7.60478900009461
1p9j-calibration-dense-mopac-live-orca,7,11,0,18,1,1,740,1,1,1,740,7.57709833226919
1p9j-calibration-dense-mopac-live-orca,7,11,0,24,1,1,740,1,1,1,740,2.85738630141216
1p9j-calibration-dense-mopac-live-orca,7,8,0,16,0,0,739,1,1,1,739,7.40006582857863
1p9j-calibration-dense-mopac-live-orca,7,8,0,18,0,0,739,1,1,1,739,7.0459724787464
1p9j-calibration-dense-mopac-live-orca,7,8,0,17,0,0,739,1,1,1,739,7.87589012856004
1p9j-calibration-dense-mopac-live-orca,7,13,0,20,1,2,738,1,1,1,738,7.94103815237733
1p9j-calibration-dense-mopac-live-orca,7,3,0,13,0,0,736,1,1,1,736,7.3923199615081
1p9j-calibration-dense-mopac-live-orca,7,7,0,8,0,0,725,1,1,1,725,6.88242280889145
1p9j-calibration-dense-mopac-live-orca,7,18,0,21,0,2,718,1,1,1,718,6.39051616666027
1p9j-calibration-dense-mopac-live-orca,7,2,0,14,1,2,694,2,2,1,692,8.26352323079478
1p9j-calibration-dense-mopac-live-orca,7,2,0,13,1,2,694,2,2,1,692,7.04469514759548
1p9j-calibration-dense-mopac-live-orca,7,0,0,10,0,2,611,1,1,1,611,7.85705905842804
1p9j-calibration-dense-mopac-live-orca,7,15,0,11,0,0,584,1,1,1,584,6.82361343452781
1p9j-calibration-dense-mopac-live-orca,7,10,0,16,1,2,574,1,1,1,574,7.64724274101947
1p9j-calibration-dense-mopac-live-orca,7,8,0,16,3,2,571,1,1,1,571,6.75076875098205
1p9j-calibration-dense-mopac-live-orca,7,8,0,18,3,2,571,1,1,1,571,7.65131490525906
1p9j-calibration-dense-mopac-live-orca,7,8,0,17,3,2,571,1,1,1,571,6.5691522731346
1p9j-calibration-dense-mopac-live-orca,7,6,0,15,0,0,539,3,3,1,448,9.56295837420878
1p9j-calibration-dense-mopac-live-orca,7,11,0,18,0,0,443,1,1,1,443,7.7201832895792
1p9j-calibration-dense-mopac-live-orca,7,11,0,24,0,0,443,1,1,1,443,4.15051708233466
1p9j-calibration-dense-mopac-live-orca,7,8,0,16,0,2,399,2,2,1,389,7.34876073630258
1p9j-calibration-dense-mopac-live-orca,7,8,0,18,0,2,399,2,2,1,389,6.7345583817551
1p9j-calibration-dense-mopac-live-orca,7,8,0,17,0,2,399,2,2,1,389,7.18961360731354
1p9j-calibration-dense-mopac-live-orca,7,3,0,13,4,2,377,3,3,1,376,7.88407386367926
1p9j-calibration-dense-mopac-live-orca,7,8,0,16,1,2,361,1,1,1,361,7.00666774411243
1p9j-calibration-dense-mopac-live-orca,7,8,0,18,1,2,361,1,1,1,361,7.6493898805547
1p9j-calibration-dense-mopac-live-orca,7,8,0,17,1,2,361,1,1,1,361,7.7353237264324
1p9j-calibration-dense-mopac-live-orca,7,11,0,18,0,2,308,1,1,1,308,7.35158130790672
1p9j-calibration-dense-mopac-live-orca,7,11,0,24,0,2,308,1,1,1,308,3.76561316318302
1p9j-calibration-dense-mopac-live-orca,7,17,0,23,0,2,301,2,2,1,184,8.49503674214144
1p9j-calibration-dense-mopac-live-orca,7,17,0,24,0,2,301,2,2,1,184,5.51113878017768
1p9j-calibration-dense-mopac-live-orca,7,10,0,16,1,0,176,1,1,1,176,7.83237633484863
1p9j-calibration-dense-mopac-live-orca,7,8,0,16,3,0,176,1,1,1,176,7.74690984971801
1p9j-calibration-dense-mopac-live-orca,7,8,0,18,3,0,176,1,1,1,176,7.31730509521028
1p9j-calibration-dense-mopac-live-orca,7,8,0,17,3,0,176,1,1,1,176,6.71931782311064
1p9j-calibration-dense-mopac-live-orca,7,15,0,11,0,2,162,2,2,1,162,6.30847172348662
1p9j-calibration-dense-mopac-live-orca,7,3,0,13,3,0,144,1,1,1,144,7.04591759981777
1p9j-calibration-dense-mopac-live-orca,7,0,0,10,0,0,140,1,1,1,140,7.92742073864376
1p9j-calibration-dense-mopac-live-orca,7,6,0,15,1,2,126,1,1,1,126,6.96657725857451
1p9j-calibration-dense-mopac-live-orca,7,18,0,21,1,2,74,4,4,1,72,7.80125854027171
1p9j-calibration-dense-mopac-live-orca,7,9,0,16,1,2,74,2,2,1,74,6.33829901834579
1p9j-calibration-dense-mopac-live-orca,7,2,0,14,4,2,37,1,1,1,37,7.77065195077094
1p9j-calibration-dense-mopac-live-orca,7,2,0,13,4,2,37,1,1,1,37,6.73733685894457
1p9j-calibration-dense-mopac-live-orca,7,18,0,21,0,0,32,1,1,1,32,7.21355505688507
1p9j-calibration-dense-mopac-live-orca,7,3,0,13,4,0,32,1,1,1,32,7.65299282502471
1p9j-calibration-dense-mopac-live-orca,7,7,0,8,0,2,26,1,1,1,26,7.99662724463232
1p9j-calibration-dense-mopac-live-orca,7,2,0,14,0,2,24,1,1,1,24,5.24475578886387
1p9j-calibration-dense-mopac-live-orca,7,2,0,13,0,2,24,1,1,1,24,7.73387226285152
1p9j-calibration-dense-mopac-live-orca,7,3,0,13,0,2,17,2,2,1,17,10.6619107911921
1p9j-calibration-dense-mopac-live-orca,7,13,0,20,0,2,9,1,1,1,9,8.12881496900335
1p9j-calibration-dense-mopac-live-orca,7,11,0,18,1,2,9,1,1,1,9,8.17293247648603
1p9j-calibration-dense-mopac-live-orca,7,11,0,24,1,2,9,1,1,1,9,1.23297619819452
1p9j-calibration-dense-mopac-live-orca,7,0,0,10,4,1,8,1,1,1,8,4.03590904948948
1p9j-calibration-dense-mopac-live-orca,7,8,0,16,4,2,7,3,3,1,7,5.58645891951484
1p9j-calibration-dense-mopac-live-orca,7,8,0,18,4,2,7,3,3,1,7,7.83460240798258
1p9j-calibration-dense-mopac-live-orca,7,8,0,17,4,2,7,3,3,1,7,6.12027676345086
1p9j-calibration-dense-mopac-live-orca,7,1,0,21,1,2,7,1,1,1,7,5.50049717570174
1p9j-calibration-dense-mopac-live-orca,7,1,0,20,1,2,7,1,1,1,7,3.64099174759747
1p9j-calibration-dense-mopac-live-orca,7,1,0,19,1,2,7,1,1,1,7,7.74638867511628
1p9j-calibration-dense-mopac-live-orca,7,1,0,22,1,2,7,1,1,1,7,5.09149118390695
1p9j-calibration-dense-mopac-live-orca,7,9,0,16,4,1,6,1,1,1,6,6.11877303028727
1p9j-calibration-dense-mopac-live-orca,7,15,0,11,4,2,5,1,1,1,5,7.75956555784459
1p9j-calibration-dense-mopac-live-orca,7,13,0,20,4,2,4,1,1,1,4,9.1614488961327
1p9j-calibration-dense-mopac-live-orca,7,12,0,15,4,1,3,1,1,1,3,6.46781677039388
1p9j-calibration-dense-mopac-live-orca,7,6,0,15,4,2,3,1,1,1,3,3.01692080557698
1p9j-calibration-dense-mopac-live-orca,7,11,0,18,4,1,2,1,1,1,2,3.23524922595315
1p9j-calibration-dense-mopac-live-orca,7,11,0,24,4,1,2,1,1,1,2,1.19029641546876
1p9j-calibration-dense-mopac-live-orca,7,19,0,14,4,2,1,1,1,1,1,
1p9j-calibration-dense-mopac-live-orca,7,4,0,11,4,2,1,1,1,1,1,
1p9j-calibration-dense-mopac-live-orca,7,18,0,21,4,2,1,1,1,1,1,
1p9j-calibration-dense-mopac-live-orca,7,10,0,16,4,2,1,1,1,1,1,
1p9j-calibration-dense-mopac-live-orca,7,19,0,14,4,1,1,1,1,1,1,
1p9j-calibration-dense-mopac-live-orca,7,4,0,11,4,1,1,1,1,1,1,
1p9j-calibration-dense-mopac-live-orca,7,12,0,15,1,2,1,1,1,1,1,
1p9j-calibration-dense-mopac-live-orca,7,18,0,21,4,1,1,1,1,1,1,
1p9j-calibration-dense-mopac-live-orca,7,0,0,10,1,2,1,1,1,1,1,
1p9j-calibration-dense-mopac-live-orca,7,7,0,8,4,0,1,1,1,1,1,
1p9j-calibration-dense-mopac-live-orca,7,1,0,21,0,0,1,1,1,1,1,
1p9j-calibration-dense-mopac-live-orca,7,1,0,20,0,0,1,1,1,1,1,
1p9j-calibration-dense-mopac-live-orca,7,1,0,19,0,0,1,1,1,1,1,
1p9j-calibration-dense-mopac-live-orca,7,1,0,22,0,0,1,1,1,1,1,
1p9j-calibration-dense-mopac-live-orca,8,18,0,13,1,1,2929,4,4,1,751,9.65716697043197
1p9j-calibration-dense-mopac-live-orca,8,18,0,11,1,1,2929,4,4,1,751,17.8940986605607
1p9j-calibration-dense-mopac-live-orca,8,4,0,7,1,2,2260,5,5,1,751,18.7973099287377
1p9j-calibration-dense-mopac-live-orca,8,19,0,11,1,2,2256,4,4,1,751,18.3830731577372
1p9j-calibration-dense-mopac-live-orca,8,6,0,9,0,2,1585,3,3,1,751,23.032653914645
1p9j-calibration-dense-mopac-live-orca,8,6,0,11,0,2,1585,3,3,1,751,23.8154677957948
1p9j-calibration-dense-mopac-live-orca,8,6,0,10,0,2,1585,3,3,1,751,22.9533698238079
1p9j-calibration-dense-mopac-live-orca,8,7,0,5,4,2,1501,2,2,1,751,17.3863357375162
1p9j-calibration-dense-mopac-live-orca,8,3,0,7,1,2,1497,2,2,1,751,20.8257238496234
1p9j-calibration-dense-mopac-live-orca,8,3,0,9,1,2,1497,2,2,1,751,18.4033275640961
1p9j-calibration-dense-mopac-live-orca,8,3,0,8,1,2,1497,2,2,1,751,18.9763942922537
1p9j-calibration-dense-mopac-live-orca,8,4,0,7,1,1,1493,2,2,1,747,19.8846772896908
1p9j-calibration-dense-mopac-live-orca,8,9,0,13,1,1,1422,2,2,1,750,18.7407073133953
1p9j-calibration-dense-mopac-live-orca,8,17,0,12,0,0,1201,2,2,1,634,22.5647850084606
1p9j-calibration-dense-mopac-live-orca,8,10,0,13,0,0,1139,3,3,1,697,19.7738175490424
1p9j-calibration-dense-mopac-live-orca,8,10,0,13,0,2,1114,3,3,1,698,20.0213594834063
1p9j-calibration-dense-mopac-live-orca,8,3,0,7,3,2,952,2,2,1,751,26.3718459591312
1p9j-calibration-dense-mopac-live-orca,8,3,0,9,3,2,952,2,2,1,751,22.9173771536273
1p9j-calibration-dense-mopac-live-orca,8,3,0,8,3,2,952,2,2,1,751,18.7351479055832
1p9j-calibration-dense-mopac-live-orca,8,19,0,11,5,2,751,1,1,1,751,19.4368450894538
1p9j-calibration-dense-mopac-live-orca,8,15,0,9,1,2,751,2,2,1,745,9.1721385353679
1p9j-calibration-dense-mopac-live-orca,8,15,0,7,1,2,751,2,2,1,745,20.7082481273475
1p9j-calibration-dense-mopac-live-orca,8,14,0,9,1,2,751,1,1,1,751,17.6071366317298
1p9j-calibration-dense-mopac-live-orca,8,7,0,5,3,2,751,1,1,1,751,16.360572776972
1p9j-calibration-dense-mopac-live-orca,8,4,0,7,3,2,751,1,1,1,751,18.2863795177225
1p9j-calibration-dense-mopac-live-orca,8,5,0,10,0,2,751,1,1,1,751,19.2734719710964
1p9j-calibration-dense-mopac-live-orca,8,5,0,11,0,2,751,1,1,1,751,20.0455088084155
1p9j-calibration-dense-mopac-live-orca,8,10,0,13,5,2,751,1,1,1,751,22.2011680147628
1p9j-calibration-dense-mopac-live-orca,8,10,0,0,5,2,751,1,1,1,751,22.4266220866281
1p9j-calibration-dense-mopac-live-orca,8,1,0,15,0,2,750,1,1,1,750,18.2994618547879
1p9j-calibration-dense-mopac-live-orca,8,12,0,11,1,1,747,1,1,1,747,17.4971600422685
1p9j-calibration-dense-mopac-live-orca,8,2,0,8,1,1,747,1,1,1,747,20.7567014047938
1p9j-calibration-dense-mopac-live-orca,8,2,0,9,1,1,747,1,1,1,747,17.092661969186
1p9j-calibration-dense-mopac-live-orca,8,19,0,11,1,1,746,1,1,1,746,18.7565840260903
1p9j-calibration-dense-mopac-live-orca,8,1,0,15,1,1,744,1,1,1,744,18.4873091922285
1p9j-calibration-dense-mopac-live-orca,8,0,0,7,1,1,742,1,1,1,742,16.1405911728542
1p9j-calibration-dense-mopac-live-orca,8,11,0,15,1,1,740,1,1,1,740,16.4544706513333
1p9j-calibration-dense-mopac-live-orca,8,8,0,10,0,0,739,1,1,1,739,18.0173398873642
1p9j-calibration-dense-mopac-live-orca,8,13,0,11,1,2,738,1,1,1,738,20.3451321256781
1p9j-calibration-dense-mopac-live-orca,8,3,0,7,0,0,736,1,1,1,736,20.3523799743386
1p9j-calibration-dense-mopac-live-orca,8,3,0,9,0,0,736,1,1,1,736,20.2748059151443
1p9j-calibration-dense-mopac-live-orca,8,3,0,8,0,0,736,1,1,1,736,18.8210518005736
1p9j-calibration-dense-mopac-live-orca,8,7,0,5,0,0,725,1,1,1,725,18.6766075447091
1p9j-calibration-dense-mopac-live-orca,8,18,0,13,0,2,718,1,1,1,718,8.42359007634989
1p9j-calibration-dense-mopac-live-orca,8,18,0,11,0,2,718,1,1,1,718,19.1607256255995
1p9j-calibration-dense-mopac-live-orca,8,2,0,8,1,2,694,2,2,1,692,20.3335616252422
1p9j-calibration-dense-mopac-live-orca,8,2,0,9,1,2,694,2,2,1,692,19.3715592290569
1p9j-calibration-dense-mopac-live-orca,8,0,0,7,0,2,611,1,1,1,611,19.6435131293424
1p9j-calibration-dense-mopac-live-orca,8,15,0,9,0,0,584,1,1,1,584,6.35497705510411
1p9j-calibration-dense-mopac-live-orca,8,15,0,7,0,0,584,1,1,1,584,17.0737478356633
1p9j-calibration-dense-mopac-live-orca,8,10,0,13,1,2,574,1,1,1,574,18.8047533408379
1p9j-calibration-dense-mopac-live-orca,8,8,0,10,3,2,571,1,1,1,571,18.6064616382599
1p9j-calibration-dense-mopac-live-orca,8,6,0,9,0,0,539,3,3,1,448,21.8375365326274
1p9j-calibration-dense-mopac-live-orca,8,6,0,11,0,0,539,3,3,1,448,22.7410220938449
1p9j-calibration-dense-mopac-live-orca,8,6,0,10,0,0,539,3,3,1,448,25.7596766573957
1p9j-calibration-dense-mopac-live-orca,8,11,0,15,0,0,443,1,1,1,443,18.1395768426274
1p9j-calibration-dense-mopac-live-orca,8,8,0,10,0,2,399,2,2,1,389,21.1780222594615
1p9j-calibration-dense-mopac-live-orca,8,3,0,7,4,2,377,3,3,1,376,21.6369397246922
1p9j-calibration-dense-mopac-live-orca,8,3,0,9,4,2,377,3,3,1,376,21.4316372712919
1p9j-calibration-dense-mopac-live-orca,8,3,0,8,4,2,377,3,3,1,376,17.5658023170109
1p9j-calibration-dense-mopac-live-orca,8,8,0,10,1,2,361,1,1,1,361,21.1320619276486
1p9j-calibration-dense-mopac-live-orca,8,11,0,15,0,2,308,1,1,1,308,18.015340812353
1p9j-calibration-dense-mopac-live-orca,8,17,0,12,0,2,301,2,2,1,184,23.2320706427343
1p9j-calibration-dense-mopac-live-orca,8,10,0,13,1,0,176,1,1,1,176,16.7818906364329
1p9j-calibration-dense-mopac-live-orca,8,8,0,10,3,0,176,1,1,1,176,18.0072545235668
1p9j-calibration-dense-mopac-live-orca,8,15,0,9,0,2,162,2,2,1,162,6.66022263476859
1p9j-calibration-dense-mopac-live-orca,8,15,0,7,0,2,162,2,2,1,162,18.4487229130394
1p9j-calibration-dense-mopac-live-orca,8,3,0,7,3,0,144,1,1,1,144,21.5021009282618
1p9j-calibration-dense-mopac-live-orca,8,3,0,9,3,0,144,1,1,1,144,19.7601696477828
1p9j-calibration-dense-mopac-live-orca,8,3,0,8,3,0,144,1,1,1,144,19.0248048120637
1p9j-calibration-dense-mopac-live-orca,8,0,0,7,0,0,140,1,1,1,140,19.4083846962527
1p9j-calibration-dense-mopac-live-orca,8,6,0,9,1,2,126,1,1,1,126,19.9225160531366
1p9j-calibration-dense-mopac-live-orca,8,6,0,11,1,2,126,1,1,1,126,18.6337618883596
1p9j-calibration-dense-mopac-live-orca,8,6,0,10,1,2,126,1,1,1,126,18.7984735484403
1p9j-calibration-dense-mopac-live-orca,8,18,0,13,1,2,74,4,4,1,72,9.55939372602213
1p9j-calibration-dense-mopac-live-orca,8,18,0,11,1,2,74,4,4,1,72,17.989785280235
1p9j-calibration-dense-mopac-live-orca,8,9,0,13,1,2,74,2,2,1,74,17.8099853765769
1p9j-calibration-dense-mopac-live-orca,8,2,0,8,4,2,37,1,1,1,37,20.6583031845893
1p9j-calibration-dense-mopac-live-orca,8,2,0,9,4,2,37,1,1,1,37,19.2304948806565
1p9j-calibration-dense-mopac-live-orca,8,18,0,13,0,0,32,1,1,1,32,7.21585948428046
1p9j-calibration-dense-mopac-live-orca,8,18,0,11,0,0,32,1,1,1,32,18.7140159303035
1p9j-calibration-dense-mopac-live-orca,8,3,0,7,4,0,32,1,1,1,32,26.0603983240472
1p9j-calibration-dense-mopac-live-orca,8,3,0,9,4,0,32,1,1,1,32,19.6190022492944
1p9j-calibration-dense-mopac-live-orca,8,3,0,8,4,0,32,1,1,1,32,17.7750006853758
1p9j-calibration-dense-mopac-live-orca,8,7,0,5,0,2,26,1,1,1,26,21.7977472883883
1p9j-calibration-dense-mopac-live-orca,8,2,0,8,0,2,24,1,1,1,24,24.8676616982281
1p9j-calibration-dense-mopac-live-orca,8,2,0,9,0,2,24,1,1,1,24,20.3297169308379
1p9j-calibration-dense-mopac-live-orca,8,3,0,7,0,2,17,2,2,1,17,26.7272993951305
1p9j-calibration-dense-mopac-live-orca,8,3,0,9,0,2,17,2,2,1,17,14.2323686189834
1p9j-calibration-dense-mopac-live-orca,8,3,0,8,0,2,17,2,2,1,17,18.5165941256504
1p9j-calibration-dense-mopac-live-orca,8,13,0,11,0,2,9,1,1,1,9,12.6789658129786
1p9j-calibration-dense-mopac-live-orca,8,11,0,15,1,2,9,1,1,1,9,17.5278003979423
1p9j-calibration-dense-mopac-live-orca,8,0,0,7,4,1,8,1,1,1,8,21.1105040353666
1p9j-calibration-dense-mopac-live-orca,8,8,0,10,4,2,7,3,3,1,7,27.8225108702897
1p9j-calibration-dense-mopac-live-orca,8,1,0,15,1,2,7,1,1,1,7,22.2142839756175
1p9j-calibration-dense-mopac-live-orca,8,9,0,13,4,1,6,1,1,1,6,14.33682584529
1p9j-calibration-dense-mopac-live-orca,8,15,0,9,4,2,5,1,1,1,5,7.47721746884113
1p9j-calibration-dense-mopac-live-orca,8,15,0,7,4,2,5,1,1,1,5,33.2323587257752
1p9j-calibration-dense-mopac-live-orca,8,13,0,11,4,2,4,1,1,1,4,8.95322090760622
1p9j-calibration-dense-mopac-live-orca,8,12,0,11,4,1,3,1,1,1,3,10.3538038313165
1p9j-calibration-dense-mopac-live-orca,8,6,0,9,4,2,3,1,1,1,3,26.3961831675393
1p9j-calibration-dense-mopac-live-orca,8,6,0,11,4,2,3,1,1,1,3,18.6749826962014
1p9j-calibration-dense-mopac-live-orca,8,6,0,10,4,2,3,1,1,1,3,21.3655133515944
1p9j-calibration-dense-mopac-live-orca,8,11,0,15,4,1,2,1,1,1,2,3.26376919972028
1p9j-calibration-dense-mopac-live-orca,8,19,0,11,4,2,1,1,1,1,1,
1p9j-calibration-dense-mopac-live-orca,8,4,0,7,4,2,1,1,1,1,1,
1p9j-calibration-dense-mopac-live-orca,8,18,0,13,4,2,1,1,1,1,1,
1p9j-calibration-dense-mopac-live-orca,8,18,0,11,4,2,1,1,1,1,1,
1p9j-calibration-dense-mopac-live-orca,8,10,0,13,4,2,1,1,1,1,1,
1p9j-calibration-dense-mopac-live-orca,8,19,0,11,4,1,1,1,1,1,1,
1p9j-calibration-dense-mopac-live-orca,8,4,0,7,4,1,1,1,1,1,1,
1p9j-calibration-dense-mopac-live-orca,8,12,0,11,1,2,1,1,1,1,1,
1p9j-calibration-dense-mopac-live-orca,8,18,0,13,4,1,1,1,1,1,1,
1p9j-calibration-dense-mopac-live-orca,8,18,0,11,4,1,1,1,1,1,1,
1p9j-calibration-dense-mopac-live-orca,8,0,0,7,1,2,1,1,1,1,1,
1p9j-calibration-dense-mopac-live-orca,8,7,0,5,4,0,1,1,1,1,1,
1p9j-calibration-dense-mopac-live-orca,8,1,0,15,0,0,1,1,1,1,1,
1p9j-calibration-dense-mopac-live-orca,16,4,0,9,1,2,2260,5,5,1,751,41.7934675819544
1p9j-calibration-dense-mopac-live-orca,16,4,0,9,1,1,1493,2,2,1,747,41.8093187161898
1p9j-calibration-dense-mopac-live-orca,16,4,0,9,3,2,751,1,1,1,751,37.1046578336756
1p9j-calibration-dense-mopac-live-orca,16,12,0,13,1,1,747,1,1,1,747,23.248857680521
1p9j-calibration-dense-mopac-live-orca,16,12,0,13,4,1,3,1,1,1,3,39.2409052690344
1p9j-calibration-dense-mopac-live-orca,16,4,0,9,4,2,1,1,1,1,1,
1p9j-calibration-dense-mopac-live-orca,16,4,0,9,4,1,1,1,1,1,1,
1p9j-calibration-dense-mopac-live-orca,16,12,0,13,1,2,1,1,1,1,1,
720_static,1,10,1,3,0,0,6798,6798,1133,427,1,1.73675907229715
720_static,1,19,1,3,1,1,6696,6696,1116,401,1,1.70211879059292
720_static,1,19,1,3,1,2,4362,4362,727,441,1,1.76726245336694
720_static,1,19,1,3,0,0,4068,4068,678,365,1,1.7740756582799
720_static,1,0,1,3,0,0,3507,3507,1169,446,1,1.74674048926758
720_static,1,10,1,3,1,2,3150,3150,525,348,1,1.69194340775617
720_static,1,11,2,12,0,0,2607,2607,869,404,1,2.91839163628627
720_static,1,10,1,3,1,1,2526,2526,421,257,1,1.68243882474295
720_static,1,10,2,10,0,0,2266,2266,1133,427,1,1.50791014601035
720_static,1,9,1,6,0,0,2070,2070,690,357,1,1.77406206177769
720_static,1,9,1,3,0,0,2070,2070,690,357,1,1.89667793361658
720_static,1,6,2,7,0,0,2050,2050,1025,393,1,1.42464143097745
720_static,1,6,2,4,0,0,2050,2050,1025,393,1,1.46619050022364
720_static,1,10,1,3,0,2,2022,2022,337,271,1,1.73208206978818
720_static,1,9,1,6,1,1,2001,2001,667,338,1,1.79003932973547
720_static,1,9,1,3,1,1,2001,2001,667,338,1,1.83603089965724
720_static,1,7,2,3,3,2,1904,1904,952,536,1,1.45724161530506
720_static,1,11,2,12,1,2,1821,1821,607,382,1,2.86343151361747
720_static,1,11,2,4,0,0,1738,1738,869,404,1,1.54577781551246
720_static,1,11,2,6,0,0,1738,1738,869,404,1,1.67928726816296
720_static,1,11,2,8,0,0,1738,1738,869,404,1,1.56242987192106
720_static,1,11,2,10,0,0,1738,1738,869,404,1,1.62266416058441
720_static,1,12,1,3,4,2,1698,1698,566,564,1,2.10665783180777
720_static,1,12,2,0,4,2,1683,1683,561,561,1,2.66083693274543
720_static,1,9,1,6,1,2,1566,1566,522,299,1,1.84761127626437
720_static,1,9,1,3,1,2,1566,1566,522,299,1,1.88879034879868
720_static,1,1,2,13,0,0,1500,1500,750,368,1,1.55627687112252
720_static,1,1,2,11,0,0,1500,1500,750,368,1,1.64747683213873
720_static,1,1,2,8,0,0,1500,1500,750,368,1,1.67269931121876
720_static,1,1,2,1,0,0,1500,1500,750,368,1,2.32908378971071
720_static,1,1,2,6,0,0,1500,1500,750,368,1,2.45734076895557
720_static,1,11,2,12,1,1,1470,1470,490,274,1,2.84974567261602
720_static,1,16,1,4,1,2,1392,1392,464,328,1,1.61505865497065
720_static,1,9,2,10,0,0,1380,1380,690,357,1,1.64702091441569
720_static,1,0,1,3,1,2,1347,1347,449,305,1,1.66522849297976
720_static,1,9,2,10,1,1,1334,1334,667,338,1,1.56899319060046
720_static,1,19,1,3,0,2,1332,1332,222,184,1,1.76013941143318
720_static,1,11,2,4,1,2,1214,1214,607,382,1,1.42364027618875
720_static,1,11,2,6,1,2,1214,1214,607,382,1,1.66164597528669
720_static,1,11,2,8,1,2,1214,1214,607,382,1,1.40398946612548
720_static,1,11,2,10,1,2,1214,1214,607,382,1,1.54327545819491
720_static,1,0,0,1,0,0,1169,1169,1169,446,1,1.64816675080766
720_static,1,0,0,6,0,0,1169,1169,1169,446,1,1.28918667183505
720_static,1,10,0,1,0,0,1133,1133,1133,427,1,1.77606692243456
720_static,1,10,0,9,0,0,1133,1133,1133,427,1,1.05382778723213
720_static,1,10,0,12,0,0,1133,1133,1133,427,1,1.68993458001865
720_static,1,12,2,9,4,2,1132,1132,566,564,1,1.47283156815528
720_static,1,12,2,6,4,2,1132,1132,566,564,1,1.83499551854345
720_static,1,19,0,1,1,1,1116,1116,1116,401,1,2.03197702508201
720_static,1,19,0,9,1,1,1116,1116,1116,401,1,1.23808730807759
720_static,1,19,0,10,1,1,1116,1116,1116,401,1,1.43212560903399
720_static,1,16,1,4,0,0,1065,1065,355,246,1,1.65087693377137
720_static,1,0,1,3,0,2,1059,1059,353,283,1,1.67482294549274
720_static,1,10,2,10,1,2,1050,1050,525,348,1,1.42150606934261
720_static,1,9,2,10,1,2,1044,1044,522,299,1,1.74079538119089
720_static,1,6,0,2,0,0,1025,1025,1025,393,1,1.78074651753499
720_static,1,6,0,6,0,0,1025,1025,1025,393,1,1.01382839737388
720_static,1,15,2,4,1,2,996,996,498,369,1,1.32858016356826
720_static,1,11,2,12,0,2,993,993,331,260,1,2.81431815088993
720_static,1,15,2,4,0,0,988,988,494,311,1,1.45722426696581
720_static,1,11,2,4,1,1,980,980,490,274,1,1.43014930513127
720_static,1,11,2,6,1,1,980,980,490,274,1,1.68264700787359
720_static,1,11,2,8,1,1,980,980,490,274,1,1.57290219148191
720_static,1,11,2,10,1,1,980,980,490,274,1,1.66041066178565
720_static,1,7,0,1,3,2,952,952,952,536,1,1.9999092986683
720_static,1,1,2,13,1,1,894,894,447,214,1,1.38918286850081
720_static,1,1,2,11,1,1,894,894,447,214,1,1.57386481866138
720_static,1,1,2,8,1,1,894,894,447,214,1,1.5436132458513
720_static,1,1,2,1,1,1,894,894,447,214,1,2.21373800527685
720_static,1,1,2,6,1,1,894,894,447,214,1,2.36509303765736
720_static,1,11,0,1,0,0,869,869,869,404,1,1.76530720801635
720_static,1,11,0,3,0,0,869,869,869,404,1,1.01642876652265
720_static,1,6,2,7,1,2,862,862,431,289,1,1.42028452373538
720_static,1,6,2,4,1,2,862,862,431,289,1,1.33629169438709
720_static,1,3,2,4,0,0,860,860,430,279,1,1.29276811179652
720_static,1,10,2,10,1,1,842,842,421,257,1,1.41114575045628
720_static,1,7,2,3,0,0,816,816,408,273,1,1.46463781717334
720_static,1,16,1,4,0,2,807,807,269,221,1,1.68266303829997
720_static,1,14,2,2,1,2,784,784,392,285,1,1.69322891436875
720_static,1,14,2,5,1,2,784,784,392,285,1,2.012066472982
720_static,1,14,2,7,1,2,784,784,392,285,1,1.81773593899666
720_static,1,1,2,13,1,2,752,752,376,251,1,1.48268220736929
720_static,1,1,2,11,1,2,752,752,376,251,1,1.58439439974059
720_static,1,1,2,8,1,2,752,752,376,251,1,1.62754553035039
720_static,1,1,2,1,1,2,752,752,376,251,1,2.43945567131699
720_static,1,1,2,6,1,2,752,752,376,251,1,2.53136526129268
720_static,1,1,0,4,0,0,750,750,750,368,1,1.70477277729673
720_static,1,1,0,10,0,0,750,750,750,368,1,0.987431598134717
720_static,1,1,0,3,0,0,750,750,750,368,1,2.47772014069053
720_static,1,3,2,4,0,2,738,738,369,258,1,1.30943333782434
720_static,1,3,2,4,1,2,734,734,367,288,1,1.25411774134277
720_static,1,0,1,3,1,1,729,729,243,181,1,1.65325203720305
720_static,1,19,0,1,1,2,727,727,727,441,1,1.9535199428613
720_static,1,19,0,9,1,2,727,727,727,441,1,1.05010438001536
720_static,1,19,0,10,1,2,727,727,727,441,1,1.39143206591634
720_static,1,16,1,4,1,1,699,699,233,162,1,1.63049935720768
720_static,1,7,2,3,1,2,692,692,346,270,1,1.56073886555558
720_static,1,9,0,1,0,0,690,690,690,357,1,1.6900076990476
720_static,1,9,0,9,0,0,690,690,690,357,1,0.858904475770402
720_static,1,9,0,12,0,0,690,690,690,357,1,1.47433049174052
720_static,1,6,2,7,1,1,680,680,340,215,1,1.32687727915931
720_static,1,6,2,4,1,1,680,680,340,215,1,1.24630141327679
720_static,1,19,0,1,0,0,678,678,678,365,1,1.60233399089543
720_static,1,19,0,9,0,0,678,678,678,365,1,0.878721223066082
720_static,1,19,0,10,0,0,678,678,678,365,1,1.45020880939163
720_static,1,12,1,3,0,0,675,675,225,176,1,2.11398284637547
720_static,1,10,2,10,0,2,674,674,337,271,1,1.39460903092111
720_static,1,9,0,1,1,1,667,667,667,338,1,1.99358790011036
720_static,1,9,0,9,1,1,667,667,667,338,1,1.14430208497783
720_static,1,9,0,12,1,1,667,667,667,338,1,1.25732623897446
720_static,1,7,2,3,4,2,664,664,332,255,1,1.6098895557726
720_static,1,11,2,4,0,2,662,662,331,260,1,1.46055780751225
720_static,1,11,2,6,0,2,662,662,331,260,1,1.60240328341111
720_static,1,11,2,8,0,2,662,662,331,260,1,1.45098004285233
720_static,1,11,2,10,0,2,662,662,331,260,1,1.4797120145122
720_static,1,13,2,8,0,0,636,636,318,245,1,1.41618162629902
720_static,1,13,2,4,0,0,636,636,318,245,1,1.46217321288625
720_static,1,13,2,2,0,0,636,636,318,245,1,1.08262519101483
720_static,1,6,2,7,0,2,626,626,313,257,1,1.49084352575883
720_static,1,6,2,4,0,2,626,626,313,257,1,1.39425734317408
720_static,1,9,1,6,0,2,618,618,206,182,1,1.69710435049204
720_static,1,9,1,3,0,2,618,618,206,182,1,1.80598275700538
720_static,1,1,2,13,0,2,616,616,308,262,1,1.60386306504533
720_static,1,1,2,11,0,2,616,616,308,262,1,1.6756730906068
720_static,1,1,2,8,0,2,616,616,308,262,1,1.70053977131101
720_static,1,1,2,1,0,2,616,616,308,262,1,2.29680218636086
720_static,1,1,2,6,0,2,616,616,308,262,1,2.44415955979962
720_static,1,11,0,1,1,2,607,607,607,382,1,1.75541268462394
720_static,1,11,0,3,1,2,607,607,607,382,1,1.04827208467088
720_static,1,2,2,5,1,2,604,604,302,237,1,1.41221971477321
720_static,1,2,2,1,1,2,604,604,302,237,1,2.08924155967029
720_static,1,5,2,8,0,0,600,600,300,209,1,1.5690885209151
720_static,1,5,2,5,0,0,600,600,300,209,1,1.52749397959312
720_static,1,5,2,1,0,0,600,600,300,209,1,2.10324517250948
720_static,1,15,2,4,0,2,590,590,295,251,1,1.58020184510033
720_static,1,4,2,4,1,2,570,570,285,211,1,1.93291415293343
720_static,1,12,0,8,4,2,566,566,566,564,1,1.20177229264815
720_static,1,2,2,5,0,0,542,542,271,197,1,1.53205202950626
720_static,1,2,2,1,0,0,542,542,271,197,1,2.03432009282285
720_static,1,10,0,1,1,2,525,525,525,348,1,1.99893064327518
720_static,1,10,0,9,1,2,525,525,525,348,1,0.919724139921786
720_static,1,10,0,12,1,2,525,525,525,348,1,1.79141046948835
720_static,1,9,0,1,1,2,522,522,522,299,1,1.87603438386486
720_static,1,9,0,9,1,2,522,522,522,299,1,1.08782465779116
720_static,1,9,0,12,1,2,522,522,522,299,1,1.17525658188582
720_static,1,15,0,2,1,2,498,498,498,369,1,1.89549983895116
720_static,1,15,0,6,1,2,498,498,498,369,1,1.1614107363516
720_static,1,15,0,1,1,2,498,498,498,369,1,3.95751927669214
720_static,1,15,0,2,0,0,494,494,494,311,1,1.73594966415594
720_static,1,15,0,6,0,0,494,494,494,311,1,1.16162897333156
720_static,1,15,0,1,0,0,494,494,494,311,1,4.1890037190491
720_static,1,11,0,1,1,1,490,490,490,274,1,2.05457358097811
720_static,1,11,0,3,1,1,490,490,490,274,1,1.11696688196358
720_static,1,18,2,8,0,0,488,488,244,187,1,1.44421334738022
720_static,1,18,2,4,0,0,488,488,244,187,1,1.44365283124087
720_static,1,18,2,2,0,0,488,488,244,187,1,1.16910266237842
720_static,1,14,2,2,0,0,478,478,239,212,1,1.68017047919511
720_static,1,14,2,5,0,0,478,478,239,212,1,2.1279969244608
720_static,1,14,2,7,0,0,478,478,239,212,1,1.69255959255817
720_static,1,8,2,7,0,0,478,478,239,202,1,1.70175943636572
720_static,1,16,0,2,1,2,464,464,464,328,1,2.00450438206939
720_static,1,16,0,7,1,2,464,464,464,328,1,1.05746120802562
720_static,1,16,0,8,1,2,464,464,464,328,1,1.12018503623156
720_static,1,16,0,1,1,2,464,464,464,328,1,3.50283000519168
720_static,1,14,2,2,0,2,458,458,229,191,1,1.79181638360416
720_static,1,14,2,5,0,2,458,458,229,191,1,1.96705095019827
720_static,1,14,2,7,0,2,458,458,229,191,1,1.84996384767677
720_static,1,12,2,9,0,0,450,450,225,176,1,1.67528153945175
720_static,1,12,2,6,0,0,450,450,225,176,1,2.08476250262763
720_static,1,0,0,1,1,2,449,449,449,305,1,2.02617565183938
720_static,1,0,0,6,1,2,449,449,449,305,1,1.22367089543282
720_static,1,2,2,5,0,2,448,448,224,198,1,1.46849409885905
720_static,1,2,2,1,0,2,448,448,224,198,1,2.15403311715758
720_static,1,1,0,4,1,1,447,447,447,214,1,2.31745335377621
720_static,1,1,0,10,1,1,447,447,447,214,1,1.36390583264657
720_static,1,1,0,3,1,1,447,447,447,214,1,2.64586340939513
720_static,1,18,2,8,1,1,436,436,218,186,1,1.37118983539331
720_static,1,18,2,4,1,1,436,436,218,186,1,1.25770206818226
720_static,1,18,2,2,1,1,436,436,218,186,1,1.03210143316206
720_static,1,12,1,3,1,2,432,432,144,128,1,2.10871299187206
720_static,1,6,0,2,1,2,431,431,431,289,1,1.85934000829451
720_static,1,6,0,6,1,2,431,431,431,289,1,1.11817228514301
720_static,1,3,0,2,0,0,430,430,430,279,1,1.77463652215034
720_static,1,3,0,6,0,0,430,430,430,279,1,1.02928067874598
720_static,1,10,0,1,1,1,421,421,421,257,1,2.14628362460501
720_static,1,10,0,9,1,1,421,421,421,257,1,0.952119326962683
720_static,1,10,0,12,1,1,421,421,421,257,1,1.52129844592602
720_static,1,9,2,10,0,2,412,412,206,182,1,1.67109294591962
720_static,1,7,0,1,0,0,408,408,408,273,1,1.68384362907789
720_static,1,13,2,8,1,2,394,394,197,163,1,1.46116231297082
720_static,1,13,2,4,1,2,394,394,197,163,1,1.48783070999576
720_static,1,13,2,2,1,2,394,394,197,163,1,1.1552939601719
720_static,1,14,0,4,1,2,392,392,392,285,1,1.26059678480121
720_static,1,5,2,8,1,1,392,392,196,129,1,1.15746603070676
720_static,1,5,2,5,1,1,392,392,196,129,1,1.38407699900741
720_static,1,5,2,1,1,1,392,392,196,129,1,2.16179927258908
720_static,1,18,2,8,1,2,390,390,195,162,1,1.40847295138674
720_static,1,18,2,4,1,2,390,390,195,162,1,1.34841816800599
720_static,1,18,2,2,1,2,390,390,195,162,1,1.08740946920005
720_static,1,1,0,4,1,2,376,376,376,251,1,1.98554942453503
720_static,1,1,0,10,1,2,376,376,376,251,1,1.04461965070643
720_static,1,1,0,3,1,2,376,376,376,251,1,2.55352240975138
720_static,1,3,0,2,0,2,369,369,369,258,1,1.85347274088625
720_static,1,3,0,6,0,2,369,369,369,258,1,0.946774667702666
720_static,1,13,2,8,1,1,368,368,184,146,1,1.40409472226
720_static,1,13,2,4,1,1,368,368,184,146,1,1.31293648084844
720_static,1,13,2,2,1,1,368,368,184,146,1,1.05015533239141
720_static,1,3,0,2,1,2,367,367,367,288,1,2.15017809274943
720_static,1,3,0,6,1,2,367,367,367,288,1,1.17266475891642
720_static,1,16,0,2,0,0,355,355,355,246,1,1.76676474052592
720_static,1,16,0,7,0,0,355,355,355,246,1,0.933681312852747
720_static,1,16,0,8,0,0,355,355,355,246,1,1.22050039777343
720_static,1,16,0,1,0,0,355,355,355,246,1,3.58546516387316
720_static,1,0,0,1,0,2,353,353,353,283,1,1.81564981890607
720_static,1,0,0,6,0,2,353,353,353,283,1,1.14763984420931
720_static,1,7,0,1,1,2,346,346,346,270,1,2.05017478116471
720_static,1,7,2,3,0,2,342,342,171,154,1,1.56302014187614
720_static,1,6,0,2,1,1,340,340,340,215,1,2.04071932126412
720_static,1,6,0,6,1,1,340,340,340,215,1,1.14969368440024
720_static,1,10,0,1,0,2,337,337,337,271,1,1.75196746619395
720_static,1,10,0,9,0,2,337,337,337,271,1,0.804724015867338
720_static,1,10,0,12,0,2,337,337,337,271,1,1.73332024881446
720_static,1,11,0,1,0,2,331,331,331,260,1,1.67975908701776
720_static,1,11,0,3,0,2,331,331,331,260,1,0.867533992457494
720_static,1,4,2,4,1,1,326,326,163,132,1,1.84026891705417
720_static,1,13,0,6,0,0,318,318,318,245,1,1.64100771920421
720_static,1,13,0,10,0,0,318,318,318,245,1,1.13936793096944
720_static,1,13,3,1,0,0,318,318,318,245,1,0.897089231927587
720_static,1,7,0,1,4,2,316,316,316,246,1,1.99156080950394
720_static,1,6,0,2,0,2,313,313,313,257,1,1.83317175287905
720_static,1,6,0,6,0,2,313,313,313,257,1,0.968382545259001
720_static,1,15,2,4,1,1,312,312,156,124,1,1.29479731180046
720_static,1,1,0,4,0,2,308,308,308,262,1,1.83834882537595
720_static,1,1,0,10,0,2,308,308,308,262,1,0.912931525792454
720_static,1,1,0,3,0,2,308,308,308,262,1,2.47188704096936
720_static,1,2,0,3,1,2,302,302,302,237,1,1.98373150392763
720_static,1,2,0,7,1,2,302,302,302,237,1,1.06423307324951
720_static,1,5,0,3,0,0,300,300,300,209,1,1.70684541375329
720_static,1,5,0,7,0,0,300,300,300,209,1,1.01983343212826
720_static,1,7,2,3,1,1,300,300,150,118,1,1.75278296207127
720_static,1,8,2,7,1,2,298,298,149,127,1,1.47243978717227
720_static,1,15,0,2,0,2,295,295,295,251,1,1.95633969354789
720_static,1,15,0,6,0,2,295,295,295,251,1,1.21435188290088
720_static,1,15,0,1,0,2,295,295,295,251,1,3.58970949047208
720_static,1,12,2,9,1,2,288,288,144,128,1,1.50741475681365
720_static,1,12,2,6,1,2,288,288,144,128,1,1.98533446273115
720_static,1,4,0,2,1,2,285,285,285,211,1,2.28056954230872
720_static,1,4,0,6,1,2,285,285,285,211,1,1.23163658738658
720_static,1,4,0,1,1,2,283,283,283,209,1,2.86586034066334
720_static,1,5,2,8,1,2,282,282,141,123,1,1.48452596365765
720_static,1,5,2,5,1,2,282,282,141,123,1,1.47062275729369
720_static,1,5,2,1,1,2,282,282,141,123,1,2.10353175910974
720_static,1,3,2,4,1,1,272,272,136,119,1,1.19175231870685
720_static,1,2,0,3,0,0,271,271,271,197,1,1.79294829978839
720_static,1,2,0,7,0,0,271,271,271,197,1,1.03867384422626
720_static,1,16,0,2,0,2,269,269,269,221,1,1.84339313203425
720_static,1,16,0,7,0,2,269,269,269,221,1,0.990186528379013
720_static,1,16,0,8,0,2,269,269,269,221,1,1.22374956081813
720_static,1,16,0,1,0,2,269,269,269,221,1,3.64370827311928
720_static,1,4,2,4,0,2,256,256,128,102,1,1.96263302331816
720_static,1,18,0,6,0,0,244,244,244,187,1,1.64147976245961
720_static,1,18,0,10,0,0,244,244,244,187,1,1.08087626542915
720_static,1,18,0,1,0,0,244,244,244,187,1,2.81548291537779
720_static,1,0,0,1,1,1,243,243,243,181,1,2.24503782067935
720_static,1,0,0,6,1,1,243,243,243,181,1,1.31417340583333
720_static,1,14,0,4,0,0,239,239,239,212,1,1.42556231238128
720_static,1,8,0,3,0,0,239,239,239,202,1,1.9804665816517
720_static,1,8,0,9,0,0,239,239,239,202,1,1.05608079177979
720_static,1,8,0,2,0,0,239,239,239,202,1,1.17479008146934
720_static,1,8,0,5,0,0,239,239,239,202,1,1.87180225633813
720_static,1,8,0,1,0,0,239,239,239,202,1,1.13176379067673
720_static,1,12,1,3,1,1,234,234,78,70,1,2.16483836491564
720_static,1,16,0,2,1,1,233,233,233,162,1,2.20069272251313
720_static,1,16,0,7,1,1,233,233,233,162,1,1.1490672006718
720_static,1,16,0,8,1,1,233,233,233,162,1,1.12173138005645
720_static,1,16,0,1,1,1,233,233,233,162,1,3.85172872793984
720_static,1,12,1,3,0,2,231,231,77,72,1,2.1084293664121
720_static,1,14,0,4,0,2,229,229,229,191,1,1.24759451295825
720_static,1,12,0,1,0,0,225,225,225,176,1,1.65573602533849
720_static,1,12,0,8,0,0,225,225,225,176,1,1.19112417192995
720_static,1,2,0,3,0,2,224,224,224,198,1,1.61611973336088
720_static,1,2,0,7,0,2,224,224,224,198,1,0.945078659173133
720_static,1,17,2,9,0,0,224,224,112,94,1,1.62660056957741
720_static,1,19,0,1,0,2,222,222,222,184,1,1.87230605544785
720_static,1,19,0,9,0,2,222,222,222,184,1,1.0898418275507
720_static,1,19,0,10,0,2,222,222,222,184,1,1.662744350821
720_static,1,18,0,6,1,1,218,218,218,186,1,2.00223558257701
720_static,1,18,0,10,1,1,218,218,218,186,1,1.06827141441552
720_static,1,18,0,1,1,1,218,218,218,186,1,2.45399930534109
720_static,1,9,0,1,0,2,206,206,206,182,1,1.84997204321355
720_static,1,9,0,9,0,2,206,206,206,182,1,1.00939873946359
720_static,1,9,0,12,0,2,206,206,206,182,1,1.34034316036215
720_static,1,13,0,6,1,2,197,197,197,163,1,2.00215450016336
720_static,1,13,0,10,1,2,197,197,197,163,1,1.01928360698606
720_static,1,13,3,1,1,2,197,197,197,163,1,1.09101676786322
720_static,1,8,2,7,1,1,196,196,98,77,1,1.64884830385539
720_static,1,5,0,3,1,1,196,196,196,129,1,2.22697990832884
720_static,1,5,0,7,1,1,196,196,196,129,1,1.39916522057006
720_static,1,18,0,6,1,2,195,195,195,162,1,1.79235670500304
720_static,1,18,0,10,1,2,195,195,195,162,1,1.03413667728751
720_static,1,18,0,1,1,2,195,195,195,162,1,2.75167194833584
720_static,1,2,2,5,3,2,194,194,97,87,1,1.48769137240352
720_static,1,2,2,1,3,2,194,194,97,87,1,1.87944719035959
720_static,1,18,2,8,0,2,192,192,96,90,1,1.49899737338119
720_static,1,18,2,4,0,2,192,192,96,90,1,1.38884121295778
720_static,1,18,2,2,0,2,192,192,96,90,1,1.19923883738311
720_static,1,7,2,3,4,1,188,188,94,82,1,1.65588337416147
720_static,1,13,0,6,1,1,184,184,184,146,1,2.17712514096273
720_static,1,13,0,10,1,1,184,184,184,146,1,1.16943957530074
720_static,1,13,3,1,1,1,184,184,184,146,1,0.992355659419631
720_static,1,7,0,1,0,2,171,171,171,154,1,1.98165767619003
720_static,1,5,2,8,0,2,166,166,83,81,1,1.54006073179684
720_static,1,5,2,5,0,2,166,166,83,81,1,1.4725061287568
720_static,1,5,2,1,0,2,166,166,83,81,1,2.13766912360664
720_static,1,11,2,12,3,2,165,165,55,54,1,2.75870964607739
720_static,1,8,2,7,0,2,164,164,82,76,1,1.669828298318
720_static,1,4,0,2,1,1,163,163,163,132,1,2.07621211278502
720_static,1,4,0,6,1,1,163,163,163,132,1,0.918219474092117
720_static,1,4,0,1,1,1,162,162,162,131,1,2.9960266673293
720_static,1,13,2,8,0,2,160,160,80,77,1,1.42511828281466
720_static,1,13,2,4,0,2,160,160,80,77,1,1.49982701924418
720_static,1,13,2,2,0,2,160,160,80,77,1,1.34483597715151
720_static,1,14,2,2,1,1,158,158,79,72,1,1.6926908772014
720_static,1,14,2,5,1,1,158,158,79,72,1,1.94290464971403
720_static,1,14,2,7,1,1,158,158,79,72,1,1.7221925268484
720_static,1,3,2,4,3,2,158,158,79,75,1,1.24224629288322
720_static,1,12,2,9,1,1,156,156,78,70,1,1.40551241540874
720_static,1,12,2,6,1,1,156,156,78,70,1,1.99267100573304
720_static,1,15,0,2,1,1,156,156,156,124,1,2.04846828310822
720_static,1,15,0,6,1,1,156,156,156,124,1,1.45545541068682
720_static,1,15,0,1,1,1,156,156,156,124,1,3.78673944834698
720_static,1,10,1,3,0,1,156,156,26,25,1,1.82062306166237
720_static,1,4,2,4,0,0,154,154,77,71,1,1.84059888305706
720_static,1,2,2,5,1,1,154,154,77,71,1,1.31998366840148
720_static,1,2,2,1,1,1,154,154,77,71,1,2.01365332427133
720_static,1,12,2,9,0,2,154,154,77,72,1,1.48506295167151
720_static,1,12,2,6,0,2,154,154,77,72,1,1.95503402195454
720_static,1,7,0,1,1,1,150,150,150,118,1,2.44380603505144
720_static,1,8,0,3,1,2,149,149,149,127,1,1.7751113854863
720_static,1,8,0,9,1,2,149,149,149,127,1,1.07466247201769
720_static,1,8,0,2,1,2,149,149,149,127,1,1.21746076657052
720_static,1,8,0,5,1,2,149,149,149,127,1,2.04209202844683
720_static,1,8,0,1,1,2,149,149,149,127,1,1.09059343848763
720_static,1,12,0,1,1,2,144,144,144,128,1,2.13465621831466
720_static,1,12,0,8,1,2,144,144,144,128,1,1.15485293567338
720_static,1,5,0,3,1,2,141,141,141,123,1,1.79672945098024
720_static,1,5,0,7,1,2,141,141,141,123,1,0.980829657489057
720_static,1,10,1,3,4,2,138,138,23,23,1,1.6696146191402
720_static,1,3,0,2,1,1,136,136,136,119,1,1.80820107876641
720_static,1,3,0,6,1,1,136,136,136,119,1,1.04385041332295
720_static,1,17,2,9,1,2,134,134,67,63,1,1.86882158921029
720_static,1,4,0,2,0,2,128,128,128,102,1,1.98114678541118
720_static,1,4,0,6,0,2,128,128,128,102,1,1.55640306475726
720_static,1,4,0,1,0,2,127,127,127,102,1,3.13746462746057
720_static,1,19,1,3,0,1,120,120,20,19,1,1.66881542285931
720_static,1,19,1,3,4,2,120,120,20,20,1,2.00703048232009
720_static,1,17,0,6,0,0,112,112,112,94,1,1.72475868304207
720_static,1,17,0,11,0,0,112,112,112,94,1,1.15522169330347
720_static,1,17,0,5,0,0,112,112,112,94,1,1.34491089800283
720_static,1,17,0,8,0,0,112,112,112,94,1,2.25912078348913
720_static,1,17,0,4,0,0,112,112,112,94,1,1.3888738409359
720_static,1,17,0,2,0,0,112,112,112,94,1,1.11054929456456
720_static,1,17,0,1,0,0,112,112,112,94,1,1.35798072435679
720_static,1,17,0,3,0,0,112,112,112,94,1,1.62318545059436
720_static,1,11,2,4,3,2,110,110,55,54,1,1.54184168936161
720_static,1,11,2,6,3,2,110,110,55,54,1,1.56154824957801
720_static,1,11,2,8,3,2,110,110,55,54,1,1.32901471433304
720_static,1,11,2,10,3,2,110,110,55,54,1,1.36646289226727
720_static,1,10,1,3,3,2,102,102,17,17,1,1.74335538429711
720_static,1,17,2,9,1,1,100,100,50,48,1,1.40261329037678
720_static,1,8,0,3,1,1,98,98,98,77,1,2.46188427957344
720_static,1,8,0,9,1,1,98,98,98,77,1,1.110661358575
720_static,1,8,0,2,1,1,98,98,98,77,1,1.16904554590885
720_static,1,8,0,5,1,1,98,98,98,77,1,1.75651933992891
720_static,1,8,0,1,1,1,98,98,98,77,1,1.09231086825892
720_static,1,2,0,3,3,2,97,97,97,87,1,1.94393931095169
720_static,1,2,0,7,3,2,97,97,97,87,1,1.04920955219891
720_static,1,18,0,6,0,2,96,96,96,90,1,1.70432755040968
720_static,1,18,0,10,0,2,96,96,96,90,1,1.09818908996609
720_static,1,18,0,1,0,2,96,96,96,90,1,2.86567734234059
720_static,1,7,0,1,4,1,94,94,94,82,1,2.269366654114
720_static,1,1,2,13,3,2,92,92,46,45,1,1.62774273275868
720_static,1,1,2,11,3,2,92,92,46,45,1,1.85402680268587
720_static,1,1,2,8,3,2,92,92,46,45,1,1.57912839067415
720_static,1,1,2,1,3,2,92,92,46,45,1,2.12767540641466
720_static,1,1,2,6,3,2,92,92,46,45,1,2.14262919826901
720_static,1,0,1,3,4,2,87,87,29,29,1,1.72540238628591
720_static,1,17,2,9,0,2,86,86,43,43,1,1.59046236835575
720_static,1,5,0,3,0,2,83,83,83,81,1,1.8098398161761
720_static,1,5,0,7,0,2,83,83,83,81,1,0.753475251810255
720_static,1,8,0,3,0,2,82,82,82,76,1,1.60357326328414
720_static,1,8,0,9,0,2,82,82,82,76,1,1.03226870329048
720_static,1,8,0,2,0,2,82,82,82,76,1,1.08958711987377
720_static,1,8,0,5,0,2,82,82,82,76,1,1.66699782338023
720_static,1,8,0,1,0,2,82,82,82,76,1,1.04551442506038
720_static,1,9,1,6,0,1,81,81,27,25,1,1.63386493718877
720_static,1,9,1,3,0,1,81,81,27,25,1,1.44528020392049
720_static,1,13,0,6,0,2,80,80,80,77,1,1.90828424989365
720_static,1,13,0,10,0,2,80,80,80,77,1,0.965935200316001
720_static,1,13,3,1,0,2,80,80,80,77,1,0.966037188212221
720_static,1,14,0,4,1,1,79,79,79,72,1,1.42719187181531
720_static,1,3,0,2,3,2,79,79,79,75,1,1.96583636767675
720_static,1,3,0,6,3,2,79,79,79,75,1,1.1354917584378
720_static,1,12,0,1,1,1,78,78,78,70,1,1.91631851242705
720_static,1,12,0,8,1,1,78,78,78,70,1,1.21603108615002
720_static,1,4,0,2,0,0,77,77,77,71,1,2.1239248887495
720_static,1,4,0,6,0,0,77,77,77,71,1,1.27164670856164
720_static,1,2,0,3,1,1,77,77,77,71,1,1.51052323584552
720_static,1,2,0,7,1,1,77,77,77,71,1,1.04176720772899
720_static,1,12,0,1,0,2,77,77,77,72,1,2.10430217259993
720_static,1,12,0,8,0,2,77,77,77,72,1,0.928309572808771
720_static,1,4,0,1,0,0,74,74,74,68,1,2.90332029850949
720_static,1,4,2,4,3,2,74,74,37,37,1,1.36570521523295
720_static,1,17,0,6,1,2,67,67,67,63,1,2.05231673096787
720_static,1,17,0,11,1,2,67,67,67,63,1,1.17406018019804
720_static,1,17,0,5,1,2,67,67,67,63,1,1.19349991023446
720_static,1,17,0,8,1,2,67,67,67,63,1,2.29085944736292
720_static,1,17,0,4,1,2,67,67,67,63,1,1.54713960590019
720_static,1,17,0,2,1,2,67,67,67,63,1,1.23039648715418
720_static,1,17,0,1,1,2,67,67,67,63,1,1.38435518671326
720_static,1,17,0,3,1,2,67,67,67,63,1,1.91958427960022
720_static,1,11,2,12,4,2,66,66,22,21,1,2.75842608430182
720_static,1,7,2,3,4,0,62,62,31,31,1,1.51262358907319
720_static,1,3,2,4,4,2,60,60,30,29,1,1.20025239247011
720_static,1,11,0,1,3,2,55,55,55,54,1,1.94107624867827
720_static,1,11,0,3,3,2,55,55,55,54,1,1.14567083763142
720_static,1,9,2,10,0,1,54,54,27,25,1,1.36716278971083
720_static,1,6,2,7,3,2,54,54,27,27,1,1.694385311866
720_static,1,6,2,4,3,2,54,54,27,27,1,1.48823704540387
720_static,1,0,1,3,0,1,54,54,18,17,1,1.66503630012139
720_static,1,10,2,10,0,1,52,52,26,25,1,1.47090562496587
720_static,1,9,2,0,4,2,51,51,17,17,1,2.4659485401688
720_static,1,9,1,6,4,2,51,51,17,17,1,1.90924931761764
720_static,1,9,1,3,4,2,51,51,17,17,1,2.13256632539882
720_static,1,17,0,6,1,1,50,50,50,48,1,2.07403912569396
720_static,1,17,0,11,1,1,50,50,50,48,1,1.33967871728266
720_static,1,17,0,5,1,1,50,50,50,48,1,1.6889455058192
720_static,1,17,0,8,1,1,50,50,50,48,1,2.77943202172984
720_static,1,17,0,4,1,1,50,50,50,48,1,1.45320447422581
720_static,1,17,0,2,1,1,50,50,50,48,1,1.41209070285455
720_static,1,17,0,1,1,1,50,50,50,48,1,1.42212149134915
720_static,1,17,0,3,1,1,50,50,50,48,1,1.37480239067029
720_static,1,7,2,0,4,2,48,48,16,16,1,2.91112543038714
720_static,1,10,2,10,4,2,46,46,23,23,1,1.49994720067199
720_static,1,2,2,5,4,2,46,46,23,23,1,1.3140338245442
720_static,1,2,2,1,4,2,46,46,23,23,1,1.7235428637079
720_static,1,1,0,4,3,2,46,46,46,45,1,1.9670060708659
720_static,1,1,0,10,3,2,46,46,46,45,1,1.15365581690691
720_static,1,1,0,3,3,2,46,46,46,45,1,2.11486944459775
720_static,1,6,2,7,4,2,46,46,23,23,1,1.58130919281811
720_static,1,6,2,4,4,2,46,46,23,23,1,1.30925357690834
720_static,1,6,2,0,4,2,45,45,15,15,1,2.92270726349367
720_static,1,11,2,4,4,2,44,44,22,21,1,1.51719203666943
720_static,1,11,2,6,4,2,44,44,22,21,1,1.46228427204846
720_static,1,11,2,8,4,2,44,44,22,21,1,1.21185085056535
720_static,1,11,2,10,4,2,44,44,22,21,1,1.44247408525058
720_static,1,14,2,2,4,2,44,44,22,21,1,2.05401848170216
720_static,1,14,2,5,4,2,44,44,22,21,1,1.937649143982
720_static,1,14,2,7,4,2,44,44,22,21,1,1.91103563440648
720_static,1,17,0,6,0,2,43,43,43,43,1,1.86088004735724
720_static,1,17,0,11,0,2,43,43,43,43,1,1.30449980110737
720_static,1,17,0,5,0,2,43,43,43,43,1,1.18346182418475
720_static,1,17,0,8,0,2,43,43,43,43,1,2.97382559284765
720_static,1,17,0,4,0,2,43,43,43,43,1,1.28234460113014
720_static,1,17,0,2,0,2,43,43,43,43,1,0.945300046776639
720_static,1,17,0,1,0,2,43,43,43,43,1,1.18122515547271
720_static,1,17,0,3,0,2,43,43,43,43,1,1.28965121713904
720_static,1,15,2,4,3,2,40,40,20,20,1,1.73497303004774
720_static,1,0,2,0,4,2,39,39,13,13,1,2.61785063180043
720_static,1,19,2,0,4,2,39,39,13,13,1,2.21274711663815
720_static,1,1,2,13,4,2,38,38,19,19,1,1.77338276149945
720_static,1,1,2,11,4,2,38,38,19,19,1,1.9424423777611
720_static,1,1,2,8,4,2,38,38,19,19,1,1.8032413983801
720_static,1,1,2,1,4,2,38,38,19,19,1,2.29482408071932
720_static,1,1,2,6,4,2,38,38,19,19,1,2.19512916891846
720_static,1,4,0,2,3,2,37,37,37,37,1,1.19366005197293
720_static,1,4,0,6,3,2,37,37,37,37,1,1.46718811058669
720_static,1,4,0,1,3,2,37,37,37,37,1,2.29962151261391
720_static,1,12,1,3,3,2,36,36,12,12,1,2.32428154325637
720_static,1,1,2,0,4,2,36,36,12,12,1,2.48640084691466
720_static,1,11,2,0,4,2,36,36,12,12,1,2.40508749254498
720_static,1,10,2,10,3,2,34,34,17,17,1,1.4588375989047
720_static,1,13,2,8,4,2,34,34,17,16,1,1.3793275927652
720_static,1,13,2,4,4,2,34,34,17,16,1,1.37524340869678
720_static,1,13,2,2,4,2,34,34,17,16,1,1.03096295855738
720_static,1,9,2,10,4,2,34,34,17,17,1,1.93232801909451
720_static,1,16,1,4,4,2,33,33,11,11,1,1.6131832416291
720_static,1,0,1,3,3,2,33,33,11,11,1,1.800746505366
720_static,1,7,0,1,4,0,31,31,31,31,1,2.61204714196974
720_static,1,7,2,3,3,0,30,30,15,13,1,1.1739981404774
720_static,1,13,2,8,3,2,30,30,15,15,1,1.47731781737839
720_static,1,13,2,4,3,2,30,30,15,15,1,1.75562475991116
720_static,1,13,2,2,3,2,30,30,15,15,1,1.45642455437652
720_static,1,8,2,7,3,2,30,30,15,14,1,1.65332172433949
720_static,1,3,0,6,4,2,30,30,30,29,1,0.886119353386047
720_static,1,0,0,6,4,2,29,29,29,29,1,1.14830239566379
720_static,1,5,2,8,3,2,28,28,14,14,1,1.28254784560916
720_static,1,5,2,5,3,2,28,28,14,14,1,1.43422537465068
720_static,1,5,2,1,3,2,28,28,14,14,1,2.06886793229719
720_static,1,9,0,1,0,1,27,27,27,25,1,1.58484910282701
720_static,1,9,0,9,0,1,27,27,27,25,1,0.879633168269083
720_static,1,9,0,12,0,1,27,27,27,25,1,1.2856124056678
720_static,1,6,0,2,3,2,27,27,27,27,1,1.79356734785955
720_static,1,6,0,6,3,2,27,27,27,27,1,1.16431284596205
720_static,1,3,2,0,4,2,27,27,9,9,1,2.71986871211281
720_static,1,10,0,1,0,1,26,26,26,25,1,1.762688818011
720_static,1,10,0,9,0,1,26,26,26,25,1,1.00810010654169
720_static,1,10,0,12,0,1,26,26,26,25,1,1.40357076705542
720_static,1,7,2,3,3,1,26,26,13,12,1,1.82920695233136
720_static,1,15,2,4,4,2,26,26,13,13,1,1.45508422005982
720_static,1,18,2,8,3,2,24,24,12,12,1,1.49271128780296
720_static,1,18,2,4,3,2,24,24,12,12,1,1.64634449618625
720_static,1,18,2,2,3,2,24,24,12,12,1,1.08723339663807
720_static,1,10,2,0,4,2,24,24,8,8,1,2.66791164472721
720_static,1,12,2,9,3,2,24,24,12,12,1,1.3328849708817
720_static,1,12,2,6,3,2,24,24,12,12,1,1.85844103243571
720_static,1,10,0,9,4,2,23,23,23,23,1,1.05058348445834
720_static,1,10,0,12,4,2,23,23,23,23,1,1.8558363774244
720_static,1,2,0,7,4,2,23,23,23,23,1,0.998078932152202
720_static,1,6,0,6,4,2,23,23,23,23,1,1.2917422007584
720_static,1,8,2,7,4,2,22,22,11,11,1,1.84108345710291
720_static,1,11,0,3,4,2,22,22,22,21,1,1.14193917925329
720_static,1,14,0,4,4,2,22,22,22,21,1,1.23183796193091
720_static,1,3,0,2,4,2,21,21,21,21,1,2.30100420921232
720_static,1,15,0,2,3,2,20,20,20,20,1,1.83888451824926
720_static,1,15,0,6,3,2,20,20,20,20,1,1.03883370949908
720_static,1,15,0,1,3,2,20,20,20,20,1,3.772171363498
720_static,1,19,0,1,0,1,20,20,20,19,1,1.84115824468428
720_static,1,19,0,9,0,1,20,20,20,19,1,0.891579608111662
720_static,1,19,0,10,0,1,20,20,20,19,1,1.51175824528448
720_static,1,2,2,5,3,1,20,20,10,10,1,1.37326054663913
720_static,1,2,2,1,3,1,20,20,10,10,1,2.49146565081892
720_static,1,19,0,9,4,2,20,20,20,20,1,1.45628182677744
720_static,1,19,0,10,4,2,20,20,20,20,1,1.44296033132894
720_static,1,1,0,10,4,2,19,19,19,19,1,1.08462208571909
720_static,1,1,0,3,4,2,19,19,19,19,1,2.17139319459445
720_static,1,11,2,12,0,1,18,18,6,6,1,2.11379060094766
720_static,1,2,2,0,4,2,18,18,6,6,1,3.33635772087379
720_static,1,14,2,0,4,2,18,18,9,9,1,3.17494132684088
720_static,1,0,0,1,0,1,18,18,18,17,1,1.66117901981562
720_static,1,0,0,6,0,1,18,18,18,17,1,1.2847320609031
720_static,1,15,2,0,4,2,18,18,6,6,1,2.67177188900888
720_static,1,10,1,3,4,0,18,18,3,3,1,1.93663780348004
720_static,1,10,0,1,3,2,17,17,17,17,1,2.25924754634138
720_static,1,10,0,9,3,2,17,17,17,17,1,0.93770431144069
720_static,1,10,0,12,3,2,17,17,17,17,1,1.58071937290242
720_static,1,2,0,3,4,2,17,17,17,17,1,1.9127431367097
720_static,1,13,0,10,4,2,17,17,17,16,1,1.28734515393839
720_static,1,13,3,1,4,2,17,17,17,16,1,0.811916895513262
720_static,1,9,0,9,4,2,17,17,17,17,1,0.991602457770267
720_static,1,9,0,12,4,2,17,17,17,17,1,1.2894648210098
720_static,1,0,0,1,4,2,16,16,16,16,1,1.87898826821346
720_static,1,18,2,8,4,2,16,16,8,8,1,1.48603412532729
720_static,1,18,2,4,4,2,16,16,8,8,1,1.52866719782473
720_static,1,18,2,2,4,2,16,16,8,8,1,0.766205779296299
720_static,1,7,0,1,3,0,15,15,15,13,1,1.39350640336458
720_static,1,10,0,1,4,2,15,15,15,15,1,2.30501494230151
720_static,1,13,0,6,3,2,15,15,15,15,1,1.97299108262908
720_static,1,13,0,10,3,2,15,15,15,15,1,1.74639554048531
720_static,1,13,3,1,3,2,15,15,15,15,1,1.31135240642687
720_static,1,8,0,3,3,2,15,15,15,14,1,1.89759960999646
720_static,1,8,0,9,3,2,15,15,15,14,1,0.786698922167358
720_static,1,8,0,2,3,2,15,15,15,14,1,1.23141778266042
720_static,1,8,0,5,3,2,15,15,15,14,1,2.16835217649069
720_static,1,8,0,1,3,2,15,15,15,14,1,1.01375735162929
720_static,1,13,2,0,4,2,15,15,5,5,1,2.77892645883015
720_static,1,18,2,0,4,2,15,15,5,5,1,2.96686819455847
720_static,1,5,2,0,4,2,15,15,5,5,1,3.35361370277553
720_static,1,5,0,3,3,2,14,14,14,14,1,1.81717711638097
720_static,1,5,0,7,3,2,14,14,14,14,1,1.06939723445677
720_static,1,5,2,8,4,2,14,14,7,7,1,1.19106666811467
720_static,1,5,2,5,4,2,14,14,7,7,1,1.52182796549102
720_static,1,5,2,1,4,2,14,14,7,7,1,2.01541071395528
720_static,1,3,2,4,3,1,14,14,7,7,1,1.13118926000503
720_static,1,7,0,1,3,1,13,13,13,12,1,2.0130047844801
720_static,1,15,0,6,4,2,13,13,13,13,1,1.11908448991516
720_static,1,15,0,1,4,2,13,13,13,13,1,3.89530730402801
720_static,1,1,2,13,0,1,12,12,6,6,1,1.6567420037675
720_static,1,1,2,11,0,1,12,12,6,6,1,1.96175127599005
720_static,1,1,2,8,0,1,12,12,6,6,1,2.48681070096393
720_static,1,1,2,1,0,1,12,12,6,6,1,2.23389089964906
720_static,1,1,2,6,0,1,12,12,6,6,1,1.95915338623742
720_static,1,18,0,6,3,2,12,12,12,12,1,2.30999835242975
720_static,1,18,0,10,3,2,12,12,12,12,1,1.19551815514815
720_static,1,18,0,1,3,2,12,12,12,12,1,2.30339387966832
720_static,1,11,2,4,0,1,12,12,6,6,1,0.81616263672541
720_static,1,11,2,6,0,1,12,12,6,6,1,1.30446626295511
720_static,1,11,2,8,0,1,12,12,6,6,1,0.930714482624467
720_static,1,11,2,10,0,1,12,12,6,6,1,1.0576269615638
720_static,1,13,0,6,4,2,12,12,12,11,1,1.86603036049904
720_static,1,12,0,1,3,2,12,12,12,12,1,3.35877923540209
720_static,1,12,0,8,3,2,12,12,12,12,1,1.10961931881967
720_static,1,0,1,3,4,0,12,12,4,4,1,1.82414970219764
720_static,1,0,1,3,1,0,12,12,4,4,1,1.86466689455777
720_static,1,19,1,3,1,0,12,12,2,2,1,2.19288795180632
720_static,1,16,2,0,4,2,12,12,4,4,1,2.88346341530596
720_static,1,8,0,9,4,2,11,11,11,11,1,0.756696640273915
720_static,1,8,0,2,4,2,11,11,11,11,1,1.11997793735235
720_static,1,8,0,5,4,2,11,11,11,11,1,1.88498648586168
720_static,1,8,0,1,4,2,11,11,11,11,1,0.769067057412411
720_static,1,16,0,7,4,2,11,11,11,11,1,0.702520921048689
720_static,1,16,0,8,4,2,11,11,11,11,1,1.20865292136763
720_static,1,16,0,1,4,2,11,11,11,11,1,3.08011578472666
720_static,1,0,0,1,3,2,11,11,11,11,1,2.22455538645269
720_static,1,0,0,6,3,2,11,11,11,11,1,0.781388716617899
720_static,1,15,2,4,1,0,10,10,5,5,1,0.436074030625659
720_static,1,18,2,8,3,0,10,10,5,5,1,1.2787652948564
720_static,1,18,2,4,3,0,10,10,5,5,1,0.94187001670007
720_static,1,18,2,2,3,0,10,10,5,5,1,0.694478321193871
720_static,1,15,2,4,0,1,10,10,5,5,1,1.55950790592608
720_static,1,11,0,1,4,2,10,10,10,10,1,2.08045645959594
720_static,1,2,0,3,3,1,10,10,10,10,1,2.62401812556951
720_static,1,2,0,7,3,1,10,10,10,10,1,1.56617248747232
720_static,1,6,2,7,0,1,10,10,5,5,1,1.28842099501791
720_static,1,6,2,4,0,1,10,10,5,5,1,1.26386416478562
720_static,1,3,2,4,0,1,10,10,5,5,1,1.74101103100683
720_static,1,8,2,0,4,2,9,9,3,3,1,3.54534821815254
720_static,1,8,0,3,4,2,8,8,8,8,1,1.81807466457081
720_static,1,6,0,2,4,2,8,8,8,8,1,1.84481303391655
720_static,1,2,2,5,3,0,8,8,4,4,1,1.66646008074679
720_static,1,2,2,1,3,0,8,8,4,4,1,0.987359372693365
720_static,1,14,2,2,0,1,8,8,4,4,1,1.94196304434584
720_static,1,14,2,5,0,1,8,8,4,4,1,0.985338067308727
720_static,1,14,2,7,0,1,8,8,4,4,1,1.85828932708425
720_static,1,18,0,10,4,2,8,8,8,8,1,1.19872527730076
720_static,1,18,0,1,4,2,8,8,8,8,1,3.11443190617441
720_static,1,16,0,2,4,2,7,7,7,7,1,2.083194566201
720_static,1,19,0,1,4,2,7,7,7,7,1,1.81742537099849
720_static,1,15,0,2,4,2,7,7,7,7,1,1.60154337966804
720_static,1,5,0,7,4,2,7,7,7,7,1,1.10051750359124
720_static,1,1,0,4,4,2,7,7,7,7,1,1.23356383811234
720_static,1,3,0,2,3,1,7,7,7,7,1,2.1852580830465
720_static,1,3,0,6,3,1,7,7,7,7,1,0.979076140014798
720_static,1,1,0,4,0,1,6,6,6,6,1,1.34343427319979
720_static,1,1,0,10,0,1,6,6,6,6,1,0.697951069193548
720_static,1,1,0,3,0,1,6,6,6,6,1,0.742942795980265
720_static,1,11,0,1,0,1,6,6,6,6,1,1.78678478291096
720_static,1,11,0,3,0,1,6,6,6,6,1,0.349156572169341
720_static,1,10,1,3,4,1,6,6,1,1,1,2.36353641826623
720_static,1,19,1,3,3,2,6,6,1,1,1,0.694635300202374
720_static,1,7,2,3,0,1,6,6,3,3,1,2.09758041480452
720_static,1,10,2,10,4,0,6,6,3,3,1,1.30450653604401
720_static,1,0,1,3,4,1,6,6,2,2,1,0.972111136358565
720_static,1,11,2,12,4,1,6,6,2,2,1,2.93976878117403
720_static,1,16,1,4,0,1,6,6,2,2,1,1.89031395926833
720_static,1,11,2,12,3,1,6,6,2,2,1,3.69352261213821
720_static,1,15,0,2,1,0,5,5,5,5,1,0.791941981578058
720_static,1,15,0,6,1,0,5,5,5,5,1,0.276375322774186
720_static,1,15,0,1,1,0,5,5,5,5,1,0.824296895404153
720_static,1,18,0,6,3,0,5,5,5,5,1,0.102871221708381
720_static,1,18,0,10,3,0,5,5,5,5,1,0.376115652727772
720_static,1,18,0,1,3,0,5,5,5,5,1,0.209523692935803
720_static,1,15,0,2,0,1,5,5,5,5,1,0.820441476258106
720_static,1,15,0,6,0,1,5,5,5,5,1,0.321892666311326
720_static,1,15,0,1,0,1,5,5,5,5,1,2.50439222586082
720_static,1,12,0,1,4,2,5,5,5,5,1,3.84503740093405
720_static,1,6,0,2,0,1,5,5,5,5,1,2.01433074352454
720_static,1,6,0,6,0,1,5,5,5,5,1,1.30443647579021
720_static,1,3,0,2,0,1,5,5,5,5,1,2.65498246151499
720_static,1,3,0,6,0,1,5,5,5,5,1,0.561531623003214
720_static,1,0,0,1,4,0,4,4,4,4,1,0.991448828118109
720_static,1,0,0,6,4,0,4,4,4,4,1,0.737668069720712
720_static,1,0,0,1,1,0,4,4,4,4,1,0.811842196975016
720_static,1,0,0,6,1,0,4,4,4,4,1,0.41347939793895
720_static,1,2,0,3,3,0,4,4,4,4,1,2.54371278316165
720_static,1,2,0,7,3,0,4,4,4,4,1,0.99449546721935
720_static,1,13,2,8,3,0,4,4,2,2,1,0.999860260636746
720_static,1,13,2,4,3,0,4,4,2,2,1,1.89965435508949
720_static,1,13,2,2,3,0,4,4,2,2,1,1.34000560659037
720_static,1,8,2,7,0,1,4,4,2,2,1,1.34467619248151
720_static,1,14,0,4,0,1,4,4,4,4,1,2.47959532799175
720_static,1,5,2,8,4,1,4,4,2,2,1,0.802051037206685
720_static,1,5,2,5,4,1,4,4,2,2,1,0.814898129912628
720_static,1,5,2,1,4,1,4,4,2,2,1,2.46327228155633
720_static,1,1,2,13,4,1,4,4,2,2,1,0.481047720038477
720_static,1,1,2,11,4,1,4,4,2,2,1,0.60701408382643
720_static,1,1,2,8,4,1,4,4,2,2,1,1.31681967627607
720_static,1,1,2,1,4,1,4,4,2,2,1,1.62169507804493
720_static,1,1,2,6,4,1,4,4,2,2,1,2.46633103509089
720_static,1,3,2,4,4,1,4,4,2,2,1,0.746788999996742
720_static,1,15,2,4,3,1,4,4,2,2,1,1.073351244763
720_static,1,4,2,4,4,2,4,4,2,2,1,1.87608237159062
720_static,1,13,2,8,4,0,4,4,2,2,1,1.79672807949517
720_static,1,13,2,4,4,0,4,4,2,2,1,1.15961383446315
720_static,1,13,2,2,4,0,4,4,2,2,1,1.43997581590814
720_static,1,1,2,13,3,1,4,4,2,2,1,2.08901671330513
720_static,1,1,2,11,3,1,4,4,2,2,1,1.66077751394904
720_static,1,1,2,8,3,1,4,4,2,2,1,0.754972746842675
720_static,1,1,2,1,3,1,4,4,2,2,1,0.859470505276469
720_static,1,1,2,6,3,1,4,4,2,2,1,1.87417681687412
720_static,1,8,2,7,3,1,4,4,2,2,1,1.25448749514324
720_static,1,3,2,4,3,0,4,4,2,2,1,1.34727176807378
720_static,1,13,2,8,0,1,4,4,2,2,1,1.63091597635197
720_static,1,13,2,4,0,1,4,4,2,2,1,0.890456209557332
720_static,1,13,2,2,0,1,4,4,2,2,1,0.675782262984822
720_static,1,11,2,4,4,1,4,4,2,2,1,2.29623416966399
720_static,1,11,2,6,4,1,4,4,2,2,1,2.5061497145414
720_static,1,11,2,8,4,1,4,4,2,2,1,2.28722370337853
720_static,1,11,2,10,4,1,4,4,2,2,1,2.16542375727699
720_static,1,11,2,4,3,1,4,4,2,2,1,1.56163866018043
720_static,1,11,2,6,3,1,4,4,2,2,1,1.7320168040394
720_static,1,11,2,8,3,1,4,4,2,2,1,1.90647486346294
720_static,1,11,2,10,3,1,4,4,2,2,1,2.06134284514657
720_static,1,11,2,12,1,0,3,3,1,1,1,1.94859770081911
720_static,1,7,0,1,0,1,3,3,3,3,1,0.0953645587747499
720_static,1,10,0,1,4,0,3,3,3,3,1,1.75085264603779
720_static,1,10,0,9,4,0,3,3,3,3,1,1.49338457465913
720_static,1,10,0,12,4,0,3,3,3,3,1,1.7321507030956
720_static,1,0,1,3,3,0,3,3,1,1,1,0.650787133232186
720_static,1,4,2,0,4,2,3,3,1,1,1,5.65877530002745
720_static,1,18,0,6,4,2,3,3,3,3,1,2.49142889837786
720_static,1,9,1,6,3,2,3,3,1,1,1,1.18879075967
720_static,1,9,1,3,3,2,3,3,1,1,1,1.52413430373314
720_static,1,16,1,4,3,0,3,3,1,1,1,1.88246607681852
720_static,1,10,2,10,4,1,2,2,1,1,1,3.46917908075164
720_static,1,13,2,8,4,1,2,2,1,1,1,1.95435575580404
720_static,1,13,2,4,4,1,2,2,1,1,1,0.494582002591115
720_static,1,13,2,2,4,1,2,2,1,1,1,0.162644167846919
720_static,1,19,0,1,1,0,2,2,2,2,1,0.728965937131938
720_static,1,19,0,9,1,0,2,2,2,2,1,0.0987189514119289
720_static,1,19,0,10,1,0,2,2,2,2,1,0.486543875272548
720_static,1,13,0,6,3,0,2,2,2,2,1,4.43463651553178
720_static,1,13,0,10,3,0,2,2,2,2,1,0.217385269410177
720_static,1,13,3,1,3,0,2,2,2,2,1,1.0196449415393
720_static,1,8,0,3,0,1,2,2,2,2,1,1.15788049936548
720_static,1,8,0,9,0,1,2,2,2,2,1,1.75643929749323
720_static,1,8,0,2,0,1,2,2,2,2,1,1.97146978906178
720_static,1,8,0,5,0,1,2,2,2,2,1,0.11326955262061
720_static,1,8,0,1,0,1,2,2,2,2,1,0.251095879447038
720_static,1,2,2,5,0,1,2,2,1,1,1,2.47469546638862
720_static,1,2,2,1,0,1,2,2,1,1,1,2.89618445527214
720_static,1,5,0,3,4,1,2,2,2,2,1,4.15268115625005
720_static,1,5,0,7,4,1,2,2,2,2,1,0.455376579354358
720_static,1,18,2,8,0,1,2,2,1,1,1,2.40049235594474
720_static,1,18,2,4,0,1,2,2,1,1,1,1.76838498881559
720_static,1,18,2,2,0,1,2,2,1,1,1,0.0819198253802606
720_static,1,15,2,4,4,0,2,2,1,1,1,0.399626362691394
720_static,1,11,2,4,1,0,2,2,1,1,1,0.0681635884174679
720_static,1,11,2,6,1,0,2,2,1,1,1,0.11332492387576
720_static,1,11,2,8,1,0,2,2,1,1,1,0.515903771857281
720_static,1,11,2,10,1,0,2,2,1,1,1,0.400350084148487
720_static,1,8,2,7,3,0,2,2,1,1,1,0.0546394658882598
720_static,1,5,2,8,3,1,2,2,1,1,1,0.386061535984592
720_static,1,5,2,5,3,1,2,2,1,1,1,0.418804176652172
720_static,1,5,2,1,3,1,2,2,1,1,1,0.490264578312031
720_static,1,17,2,9,4,2,2,2,1,1,1,0.792616073720186
720_static,1,1,0,4,4,1,2,2,2,2,1,0.881198825224694
720_static,1,1,0,10,4,1,2,2,2,2,1,0.814362345576322
720_static,1,1,0,3,4,1,2,2,2,2,1,1.24002376561663
720_static,1,5,2,8,0,1,2,2,1,1,1,0.392965163385548
720_static,1,5,2,5,0,1,2,2,1,1,1,0.769741943354955
720_static,1,5,2,1,0,1,2,2,1,1,1,0.741385193068452
720_static,1,3,0,2,4,1,2,2,2,2,1,1.08772918884947
720_static,1,3,0,6,4,1,2,2,2,2,1,0.813150629690127
720_static,1,0,0,1,4,1,2,2,2,2,1,2.71943419530394
720_static,1,0,0,6,4,1,2,2,2,2,1,0.896950164225162
720_static,1,4,2,4,3,0,2,2,1,1,1,4.79139438450128
720_static,1,15,0,2,3,1,2,2,2,2,1,3.31149859704463
720_static,1,15,0,6,3,1,2,2,2,2,1,1.16482738110343
720_static,1,15,0,1,3,1,2,2,2,2,1,3.05147301172007
720_static,1,4,0,6,4,2,2,2,2,2,1,0.416236824622323
720_static,1,13,0,6,4,0,2,2,2,2,1,0.205515840989597
720_static,1,13,0,10,4,0,2,2,2,2,1,1.03701660640212
720_static,1,13,3,1,4,0,2,2,2,2,1,1.10537118004783
720_static,1,1,0,4,3,1,2,2,2,2,1,1.76108590608534
720_static,1,1,0,10,3,1,2,2,2,2,1,0.474957170735148
720_static,1,1,0,3,3,1,2,2,2,2,1,0.014097843579258
720_static,1,8,0,3,3,1,2,2,2,2,1,1.80982407384435
720_static,1,8,0,9,3,1,2,2,2,2,1,0.901038195413534
720_static,1,8,0,2,3,1,2,2,2,2,1,1.29739802389616
720_static,1,8,0,5,3,1,2,2,2,2,1,2.70414472902721
720_static,1,8,0,1,3,1,2,2,2,2,1,1.54691365237583
720_static,1,1,2,13,1,0,2,2,1,1,1,3.10913785868502
720_static,1,1,2,11,1,0,2,2,1,1,1,1.75621222550881
720_static,1,1,2,8,1,0,2,2,1,1,1,2.68512180518758
720_static,1,1,2,1,1,0,2,2,1,1,1,2.36310968822284
720_static,1,1,2,6,1,0,2,2,1,1,1,1.67442001311064
720_static,1,3,0,2,3,0,2,2,2,2,1,0.780919119766328
720_static,1,3,0,6,3,0,2,2,2,2,1,0.670789602475705
720_static,1,13,0,6,0,1,2,2,2,2,1,0.320012822575806
720_static,1,13,0,10,0,1,2,2,2,2,1,0.895670314343818
720_static,1,13,3,1,0,1,2,2,2,2,1,0.409245795266466
720_static,1,11,0,1,4,1,2,2,2,2,1,0.0668933982865042
720_static,1,11,0,3,4,1,2,2,2,2,1,0.301982322792441
720_static,1,16,0,2,0,1,2,2,2,2,1,1.86084587531747
720_static,1,16,0,7,0,1,2,2,2,2,1,0.163060133034677
720_static,1,16,0,8,0,1,2,2,2,2,1,0.538893678845191
720_static,1,16,0,1,0,1,2,2,2,2,1,0.816855619650207
720_static,1,15,2,4,3,0,2,2,1,1,1,1.40464087710109
720_static,1,5,0,3,4,2,2,2,2,2,1,0.0374941839343009
720_static,1,11,0,1,3,1,2,2,2,2,1,2.50717997407706
720_static,1,11,0,3,3,1,2,2,2,2,1,2.42905200412279
720_static,1,9,2,10,3,2,2,2,1,1,1,2.2102545451232
720_static,1,3,2,4,1,0,2,2,1,1,1,0.618156505544365
720_static,1,4,2,4,0,1,2,2,1,1,1,0.490587121308461
720_static,1,3,2,4,4,0,2,2,1,1,1,0.719577445058846
720_static,1,10,0,1,4,1,1,1,1,1,1,
720_static,1,10,0,9,4,1,1,1,1,1,1,
720_static,1,10,0,12,4,1,1,1,1,1,1,
720_static,1,13,0,6,4,1,1,1,1,1,1,
720_static,1,13,0,10,4,1,1,1,1,1,1,
720_static,1,13,3,1,4,1,1,1,1,1,1,
720_static,1,2,0,3,0,1,1,1,1,1,1,
720_static,1,2,0,7,0,1,1,1,1,1,1,
720_static,1,18,0,6,0,1,1,1,1,1,1,
720_static,1,18,0,10,0,1,1,1,1,1,1,
720_static,1,18,0,1,0,1,1,1,1,1,1,
720_static,1,19,0,1,3,2,1,1,1,1,1,
720_static,1,19,0,9,3,2,1,1,1,1,1,
720_static,1,19,0,10,3,2,1,1,1,1,1,
720_static,1,15,0,2,4,0,1,1,1,1,1,
720_static,1,15,0,6,4,0,1,1,1,1,1,
720_static,1,15,0,1,4,0,1,1,1,1,1,
720_static,1,11,0,1,1,0,1,1,1,1,1,
720_static,1,11,0,3,1,0,1,1,1,1,1,
720_static,1,8,0,3,3,0,1,1,1,1,1,
720_static,1,8,0,9,3,0,1,1,1,1,1,
720_static,1,8,0,2,3,0,1,1,1,1,1,
720_static,1,8,0,5,3,0,1,1,1,1,1,
720_static,1,8,0,1,3,0,1,1,1,1,1,
720_static,1,5,0,3,3,1,1,1,1,1,1,
720_static,1,5,0,7,3,1,1,1,1,1,1,
720_static,1,17,0,6,4,2,1,1,1,1,1,
720_static,1,17,0,11,4,2,1,1,1,1,1,
720_static,1,17,0,5,4,2,1,1,1,1,1,
720_static,1,17,0,8,4,2,1,1,1,1,1,
720_static,1,17,0,4,4,2,1,1,1,1,1,
720_static,1,17,0,2,4,2,1,1,1,1,1,
720_static,1,17,0,1,4,2,1,1,1,1,1,
720_static,1,17,0,3,4,2,1,1,1,1,1,
720_static,1,0,0,1,3,0,1,1,1,1,1,
720_static,1,0,0,6,3,0,1,1,1,1,1,
720_static,1,5,0,3,0,1,1,1,1,1,1,
720_static,1,5,0,7,0,1,1,1,1,1,1,
720_static,1,4,0,2,3,0,1,1,1,1,1,
720_static,1,4,0,6,3,0,1,1,1,1,1,
720_static,1,4,0,1,3,0,1,1,1,1,1,
720_static,1,1,0,4,1,0,1,1,1,1,1,
720_static,1,1,0,10,1,0,1,1,1,1,1,
720_static,1,1,0,3,1,0,1,1,1,1,1,
720_static,1,15,0,2,3,0,1,1,1,1,1,
720_static,1,15,0,6,3,0,1,1,1,1,1,
720_static,1,15,0,1,3,0,1,1,1,1,1,
720_static,1,4,0,2,4,2,1,1,1,1,1,
720_static,1,4,0,1,4,2,1,1,1,1,1,
720_static,1,9,0,1,3,2,1,1,1,1,1,
720_static,1,9,0,9,3,2,1,1,1,1,1,
720_static,1,9,0,12,3,2,1,1,1,1,1,
720_static,1,3,0,2,1,0,1,1,1,1,1,
720_static,1,3,0,6,1,0,1,1,1,1,1,
720_static,1,4,0,2,0,1,1,1,1,1,1,
720_static,1,4,0,6,0,1,1,1,1,1,1,
720_static,1,4,0,1,0,1,1,1,1,1,1,
720_static,1,3,0,2,4,0,1,1,1,1,1,
720_static,1,3,0,6,4,0,1,1,1,1,1,
720_static,1,16,0,2,3,0,1,1,1,1,1,
720_static,1,16,0,7,3,0,1,1,1,1,1,
720_static,1,16,0,8,3,0,1,1,1,1,1,
720_static,1,16,0,1,3,0,1,1,1,1,1,
720_static,6,10,0,17,0,0,2266,2266,1133,427,1,5.82628054059405
720_static,6,19,0,15,1,1,2232,2232,1116,401,1,4.6090862342385
720_static,6,19,0,15,1,2,1454,1454,727,441,1,4.88693923654189
720_static,6,19,0,15,0,0,1356,1356,678,365,1,5.32934107265398
720_static,6,0,0,12,0,0,1169,1169,1169,446,1,5.71883325573165
720_static,6,0,0,11,0,0,1169,1169,1169,446,1,4.02313752278981
720_static,6,0,0,9,0,0,1169,1169,1169,446,1,22.9931021696523
720_static,6,10,0,19,0,0,1133,1133,1133,427,1,5.4217739345807
720_static,6,10,0,20,0,0,1133,1133,1133,427,1,5.62264777585763
720_static,6,10,0,21,0,0,1133,1133,1133,427,1,2.45791376736409
720_static,6,10,0,15,0,0,1133,1133,1133,427,1,22.6365780774364
720_static,6,19,0,17,1,1,1116,1116,1116,401,1,5.59012300888639
720_static,6,19,0,18,1,1,1116,1116,1116,401,1,3.85594209263044
720_static,6,19,0,13,1,1,1116,1116,1116,401,1,20.3348433768632
720_static,6,10,0,17,1,2,1050,1050,525,348,1,5.94258821860897
720_static,6,6,0,17,0,0,1025,1025,1025,393,1,5.03594411785335
720_static,6,6,0,18,0,0,1025,1025,1025,393,1,4.63365788049121
720_static,6,6,0,16,0,0,1025,1025,1025,393,1,8.43051906851847
720_static,6,6,0,13,0,0,1025,1025,1025,393,1,19.0679277494017
720_static,6,6,0,14,0,0,1025,1025,1025,393,1,23.5026943608307
720_static,6,7,0,9,3,2,952,952,952,536,1,8.69279516362962
720_static,6,7,0,7,3,2,952,952,952,536,1,20.3878059151018
720_static,6,11,0,19,0,0,869,869,869,404,1,4.84249967972607
720_static,6,11,0,20,0,0,869,869,869,404,1,5.54005271973782
720_static,6,11,0,21,0,0,869,869,869,404,1,5.09927814245765
720_static,6,11,0,22,0,0,869,869,869,404,1,6.18998700613849
720_static,6,11,0,23,0,0,869,869,869,404,1,8.43696485090945
720_static,6,11,0,17,0,0,869,869,869,404,1,24.2446437712358
720_static,6,10,0,17,1,1,842,842,421,257,1,5.99351151056717
720_static,6,1,0,24,0,0,750,750,750,368,1,5.12744286608013
720_static,6,1,0,26,0,0,750,750,750,368,1,5.12224050912294
720_static,6,1,0,25,0,0,750,750,750,368,1,5.30075482618912
720_static,6,1,0,23,0,0,750,750,750,368,1,7.11229719401247
720_static,6,1,0,18,0,0,750,750,750,368,1,20.3020966053705
720_static,6,1,0,17,0,0,750,750,750,368,1,23.6240744572496
720_static,6,19,0,17,1,2,727,727,727,441,1,5.90700875025524
720_static,6,19,0,18,1,2,727,727,727,441,1,3.90656308930651
720_static,6,19,0,13,1,2,727,727,727,441,1,20.3393092116788
720_static,6,9,0,19,0,0,690,690,690,357,1,4.18293241152669
720_static,6,9,0,21,0,0,690,690,690,357,1,3.21766165886021
720_static,6,9,0,18,0,0,690,690,690,357,1,3.73316027842956
720_static,6,9,0,20,0,0,690,690,690,357,1,4.89232693516298
720_static,6,9,0,17,0,0,690,690,690,357,1,3.2663782766155
720_static,6,9,0,15,0,0,690,690,690,357,1,23.3143183533553
720_static,6,19,0,17,0,0,678,678,678,365,1,3.89280759029513
720_static,6,19,0,18,0,0,678,678,678,365,1,2.80683657213212
720_static,6,19,0,13,0,0,678,678,678,365,1,22.9277795594056
720_static,6,10,0,17,0,2,674,674,337,271,1,5.9840734819452
720_static,6,9,0,19,1,1,667,667,667,338,1,5.62925541726392
720_static,6,9,0,21,1,1,667,667,667,338,1,4.02468463179665
720_static,6,9,0,18,1,1,667,667,667,338,1,3.82258614224415
720_static,6,9,0,20,1,1,667,667,667,338,1,3.64300716068931
720_static,6,9,0,17,1,1,667,667,667,338,1,3.2766502349955
720_static,6,9,0,15,1,1,667,667,667,338,1,18.6132678824093
720_static,6,13,0,17,0,0,636,636,318,245,1,29.6859082823907
720_static,6,13,0,15,0,0,636,636,318,245,1,31.6550693530696
720_static,6,11,0,19,1,2,607,607,607,382,1,5.69314102163507
720_static,6,11,0,20,1,2,607,607,607,382,1,6.15748073513628
720_static,6,11,0,21,1,2,607,607,607,382,1,5.08813347193276
720_static,6,11,0,22,1,2,607,607,607,382,1,6.29739732462687
720_static,6,11,0,23,1,2,607,607,607,382,1,8.60964018328837
720_static,6,11,0,17,1,2,607,607,607,382,1,19.615978492248
720_static,6,12,0,18,4,2,566,566,566,564,1,3.83709955491091
720_static,6,12,0,19,4,2,566,566,566,564,1,7.51712371891833
720_static,6,12,0,17,4,2,566,566,566,564,1,7.40541642648286
720_static,6,12,0,16,4,2,566,566,566,564,1,6.30160327089965
720_static,6,12,0,14,4,2,566,566,566,564,1,20.5588203768861
720_static,6,10,0,19,1,2,525,525,525,348,1,6.36367865707825
720_static,6,10,0,20,1,2,525,525,525,348,1,6.03050913156723
720_static,6,10,0,21,1,2,525,525,525,348,1,1.94699213673784
720_static,6,10,0,15,1,2,525,525,525,348,1,20.0466102669825
720_static,6,9,0,19,1,2,522,522,522,299,1,6.28655363172751
720_static,6,9,0,21,1,2,522,522,522,299,1,4.08966555040285
720_static,6,9,0,18,1,2,522,522,522,299,1,3.87626925080914
720_static,6,9,0,20,1,2,522,522,522,299,1,4.1136026013482
720_static,6,9,0,17,1,2,522,522,522,299,1,3.25678511143612
720_static,6,9,0,15,1,2,522,522,522,299,1,19.3813467526787
720_static,6,15,0,13,1,2,498,498,498,369,1,5.50411788172512
720_static,6,15,0,12,1,2,498,498,498,369,1,8.49598182026086
720_static,6,15,0,10,1,2,498,498,498,369,1,20.4613959922886
720_static,6,15,0,13,0,0,494,494,494,311,1,5.15309317422458
720_static,6,15,0,12,0,0,494,494,494,311,1,9.68609755649212
720_static,6,15,0,10,0,0,494,494,494,311,1,23.8076299318802
720_static,6,11,0,19,1,1,490,490,490,274,1,5.02885756525343
720_static,6,11,0,20,1,1,490,490,490,274,1,6.28368300481954
720_static,6,11,0,21,1,1,490,490,490,274,1,4.93019397239949
720_static,6,11,0,22,1,1,490,490,490,274,1,6.1524521007748
720_static,6,11,0,23,1,1,490,490,490,274,1,8.60110739501081
720_static,6,11,0,17,1,1,490,490,490,274,1,18.7004321856742
720_static,6,18,0,17,0,0,488,488,244,187,1,31.558996472399
720_static,6,18,0,15,0,0,488,488,244,187,1,26.5075295621601
720_static,6,16,0,15,1,2,464,464,464,328,1,5.77965211372293
720_static,6,16,0,16,1,2,464,464,464,328,1,7.50183429226338
720_static,6,16,0,14,1,2,464,464,464,328,1,5.80969182363074
720_static,6,16,0,12,1,2,464,464,464,328,1,20.9505133231729
720_static,6,0,0,12,1,2,449,449,449,305,1,6.54606644464533
720_static,6,0,0,11,1,2,449,449,449,305,1,5.46912607775364
720_static,6,0,0,9,1,2,449,449,449,305,1,20.4902364993297
720_static,6,1,0,24,1,1,447,447,447,214,1,5.20869826795158
720_static,6,1,0,26,1,1,447,447,447,214,1,5.80191391026619
720_static,6,1,0,25,1,1,447,447,447,214,1,4.82881190558292
720_static,6,1,0,23,1,1,447,447,447,214,1,6.7341635004474
720_static,6,1,0,18,1,1,447,447,447,214,1,20.3818940750642
720_static,6,1,0,17,1,1,447,447,447,214,1,20.2243628719111
720_static,6,19,0,15,0,2,444,444,222,184,1,5.17457249050432
720_static,6,18,0,17,1,1,436,436,218,186,1,28.2441131546373
720_static,6,18,0,15,1,1,436,436,218,186,1,24.1067467772418
720_static,6,6,0,17,1,2,431,431,431,289,1,5.77358993968079
720_static,6,6,0,18,1,2,431,431,431,289,1,5.6169923625188
720_static,6,6,0,16,1,2,431,431,431,289,1,7.94532999435201
720_static,6,6,0,13,1,2,431,431,431,289,1,18.449162182499
720_static,6,6,0,14,1,2,431,431,431,289,1,21.3777679228531
720_static,6,3,0,15,0,0,430,430,430,279,1,5.66056165577725
720_static,6,3,0,14,0,0,430,430,430,279,1,6.72259896537654
720_static,6,3,0,11,0,0,430,430,430,279,1,19.3795869899755
720_static,6,3,0,12,0,0,430,430,430,279,1,23.6981188557041
720_static,6,10,0,19,1,1,421,421,421,257,1,5.85177350274694
720_static,6,10,0,20,1,1,421,421,421,257,1,6.79295096856067
720_static,6,10,0,21,1,1,421,421,421,257,1,1.79993654737062
720_static,6,10,0,15,1,1,421,421,421,257,1,19.8720732962099
720_static,6,7,0,9,0,0,408,408,408,273,1,7.03532880128751
720_static,6,7,0,7,0,0,408,408,408,273,1,22.4457990445874
720_static,6,13,0,17,1,2,394,394,197,163,1,31.6384218966119
720_static,6,13,0,15,1,2,394,394,197,163,1,33.7203935527628
720_static,6,14,0,13,1,2,392,392,392,285,1,9.78254587713593
720_static,6,14,0,15,1,2,392,392,392,285,1,6.63547635965122
720_static,6,14,0,16,1,2,392,392,392,285,1,6.90551969978977
720_static,6,14,0,14,1,2,392,392,392,285,1,7.17056560937162
720_static,6,14,0,11,1,2,392,392,392,285,1,21.2119604370995
720_static,6,18,0,17,1,2,390,390,195,162,1,29.2573357663078
720_static,6,18,0,15,1,2,390,390,195,162,1,24.5818411754187
720_static,6,1,0,24,1,2,376,376,376,251,1,5.85739423088939
720_static,6,1,0,26,1,2,376,376,376,251,1,5.65945199093199
720_static,6,1,0,25,1,2,376,376,376,251,1,5.2539281086115
720_static,6,1,0,23,1,2,376,376,376,251,1,7.4910097653901
720_static,6,1,0,18,1,2,376,376,376,251,1,19.9291250329857
720_static,6,1,0,17,1,2,376,376,376,251,1,20.1928072085536
720_static,6,3,0,15,0,2,369,369,369,258,1,5.70262207161806
720_static,6,3,0,14,0,2,369,369,369,258,1,6.38883093568901
720_static,6,3,0,11,0,2,369,369,369,258,1,17.0669528597247
720_static,6,3,0,12,0,2,369,369,369,258,1,19.7919056241008
720_static,6,13,0,17,1,1,368,368,184,146,1,31.9673976107136
720_static,6,13,0,15,1,1,368,368,184,146,1,34.2320683133085
720_static,6,3,0,15,1,2,367,367,367,288,1,6.17143595207965
720_static,6,3,0,14,1,2,367,367,367,288,1,7.87336283865297
720_static,6,3,0,11,1,2,367,367,367,288,1,18.2842651211785
720_static,6,3,0,12,1,2,367,367,367,288,1,21.9626873599363
720_static,6,16,0,15,0,0,355,355,355,246,1,3.93607230517227
720_static,6,16,0,16,0,0,355,355,355,246,1,7.53250503509589
720_static,6,16,0,14,0,0,355,355,355,246,1,5.90017618595414
720_static,6,16,0,12,0,0,355,355,355,246,1,23.321362434293
720_static,6,0,0,12,0,2,353,353,353,283,1,6.98814425163189
720_static,6,0,0,11,0,2,353,353,353,283,1,4.90606085450898
720_static,6,0,0,9,0,2,353,353,353,283,1,19.6710281522546
720_static,6,7,0,9,1,2,346,346,346,270,1,8.80519545815953
720_static,6,7,0,7,1,2,346,346,346,270,1,20.4059057935011
720_static,6,6,0,17,1,1,340,340,340,215,1,5.60132784162666
720_static,6,6,0,18,1,1,340,340,340,215,1,6.46210293626965
720_static,6,6,0,16,1,1,340,340,340,215,1,7.91979991266448
720_static,6,6,0,13,1,1,340,340,340,215,1,18.222422301188
720_static,6,6,0,14,1,1,340,340,340,215,1,19.2069431387139
720_static,6,10,0,19,0,2,337,337,337,271,1,7.15728756879048
720_static,6,10,0,20,0,2,337,337,337,271,1,5.50608084735678
720_static,6,10,0,21,0,2,337,337,337,271,1,2.02307161942385
720_static,6,10,0,15,0,2,337,337,337,271,1,19.4433606616777
720_static,6,7,0,9,4,2,332,332,332,255,1,7.15763916810985
720_static,6,7,0,7,4,2,332,332,332,255,1,19.5153485452523
720_static,6,11,0,19,0,2,331,331,331,260,1,5.96054416392938
720_static,6,11,0,20,0,2,331,331,331,260,1,5.13261751992372
720_static,6,11,0,21,0,2,331,331,331,260,1,4.69047657578064
720_static,6,11,0,22,0,2,331,331,331,260,1,5.46771675951527
720_static,6,11,0,23,0,2,331,331,331,260,1,7.32222734661224
720_static,6,11,0,17,0,2,331,331,331,260,1,18.8824326722417
720_static,6,13,0,22,0,0,318,318,318,245,1,4.64923342891062
720_static,6,13,0,21,0,0,318,318,318,245,1,4.71273245939183
720_static,6,13,0,19,0,0,318,318,318,245,1,32.1377842111819
720_static,6,13,0,14,0,0,318,318,318,245,1,32.2373771908712
720_static,6,13,0,13,0,0,318,318,318,245,1,22.2733444380823
720_static,6,6,0,17,0,2,313,313,313,257,1,5.84562592629006
720_static,6,6,0,18,0,2,313,313,313,257,1,4.93344623070733
720_static,6,6,0,16,0,2,313,313,313,257,1,8.3545342613805
720_static,6,6,0,13,0,2,313,313,313,257,1,18.1949802196451
720_static,6,6,0,14,0,2,313,313,313,257,1,18.4819998669232
720_static,6,1,0,24,0,2,308,308,308,262,1,5.71115392550018
720_static,6,1,0,26,0,2,308,308,308,262,1,5.03167524604629
720_static,6,1,0,25,0,2,308,308,308,262,1,5.52367444117499
720_static,6,1,0,23,0,2,308,308,308,262,1,6.94957985074272
720_static,6,1,0,18,0,2,308,308,308,262,1,19.5138386915732
720_static,6,1,0,17,0,2,308,308,308,262,1,19.0313384558235
720_static,6,2,0,16,1,2,302,302,302,237,1,5.987406056726
720_static,6,2,0,15,1,2,302,302,302,237,1,6.90548886616685
720_static,6,2,0,11,1,2,302,302,302,237,1,20.5054808361179
720_static,6,2,0,12,1,2,302,302,302,237,1,20.9807403563387
720_static,6,5,0,18,0,0,300,300,300,209,1,5.22217486436844
720_static,6,5,0,19,0,0,300,300,300,209,1,4.17531264807684
720_static,6,5,0,17,0,0,300,300,300,209,1,6.9102821359603
720_static,6,5,0,13,0,0,300,300,300,209,1,21.6634854929379
720_static,6,5,0,14,0,0,300,300,300,209,1,23.3047936662875
720_static,6,15,0,13,0,2,295,295,295,251,1,5.58931086184443
720_static,6,15,0,12,0,2,295,295,295,251,1,8.33459251220195
720_static,6,15,0,10,0,2,295,295,295,251,1,20.150887178087
720_static,6,4,0,13,1,2,285,285,285,211,1,5.37867794259944
720_static,6,4,0,12,1,2,285,285,285,211,1,5.15522556891721
720_static,6,4,0,10,1,2,285,285,285,211,1,19.6943630070117
720_static,6,2,0,16,0,0,271,271,271,197,1,6.12875867046026
720_static,6,2,0,15,0,0,271,271,271,197,1,5.80124757347584
720_static,6,2,0,11,0,0,271,271,271,197,1,19.9663120383549
720_static,6,2,0,12,0,0,271,271,271,197,1,23.290179758213
720_static,6,16,0,15,0,2,269,269,269,221,1,5.13370854724271
720_static,6,16,0,16,0,2,269,269,269,221,1,6.99297736596317
720_static,6,16,0,14,0,2,269,269,269,221,1,6.13470385972701
720_static,6,16,0,12,0,2,269,269,269,221,1,19.6555122559819
720_static,6,18,0,23,0,0,244,244,244,187,1,5.08966201905122
720_static,6,18,0,22,0,0,244,244,244,187,1,4.83958444479391
720_static,6,18,0,20,0,0,244,244,244,187,1,31.6622695166988
720_static,6,18,0,19,0,0,244,244,244,187,1,26.0693917653582
720_static,6,18,0,14,0,0,244,244,244,187,1,21.3741667285179
720_static,6,0,0,12,1,1,243,243,243,181,1,5.76210726691411
720_static,6,0,0,11,1,1,243,243,243,181,1,6.12437704590052
720_static,6,0,0,9,1,1,243,243,243,181,1,19.555325647388
720_static,6,14,0,13,0,0,239,239,239,212,1,10.1847034861901
720_static,6,14,0,15,0,0,239,239,239,212,1,6.70578503462048
720_static,6,14,0,16,0,0,239,239,239,212,1,7.36619723864282
720_static,6,14,0,14,0,0,239,239,239,212,1,5.73306742798225
720_static,6,14,0,11,0,0,239,239,239,212,1,24.3056968964285
720_static,6,8,0,20,0,0,239,239,239,202,1,5.57611117540439
720_static,6,8,0,19,0,0,239,239,239,202,1,3.84152316624524
720_static,6,8,0,14,0,0,239,239,239,202,1,22.9999552866559
720_static,6,8,0,15,0,0,239,239,239,202,1,19.4506783475861
720_static,6,8,0,13,0,0,239,239,239,202,1,19.0723270268187
720_static,6,8,0,12,0,0,239,239,239,202,1,22.5738030862866
720_static,6,16,0,15,1,1,233,233,233,162,1,6.03217025122942
720_static,6,16,0,16,1,1,233,233,233,162,1,7.79351029808855
720_static,6,16,0,14,1,1,233,233,233,162,1,4.85979477153392
720_static,6,16,0,12,1,1,233,233,233,162,1,19.5161785851338
720_static,6,14,0,13,0,2,229,229,229,191,1,9.10101165038645
720_static,6,14,0,15,0,2,229,229,229,191,1,6.22288761802741
720_static,6,14,0,16,0,2,229,229,229,191,1,6.51060286626284
720_static,6,14,0,14,0,2,229,229,229,191,1,7.8354845960053
720_static,6,14,0,11,0,2,229,229,229,191,1,20.0553770250447
720_static,6,12,0,18,0,0,225,225,225,176,1,5.34627093538983
720_static,6,12,0,19,0,0,225,225,225,176,1,6.21880375842888
720_static,6,12,0,17,0,0,225,225,225,176,1,7.1059468910295
720_static,6,12,0,16,0,0,225,225,225,176,1,5.97667628074365
720_static,6,12,0,14,0,0,225,225,225,176,1,22.4676500317159
720_static,6,2,0,16,0,2,224,224,224,198,1,6.92566723515891
720_static,6,2,0,15,0,2,224,224,224,198,1,5.42227166707208
720_static,6,2,0,11,0,2,224,224,224,198,1,21.4846119100512
720_static,6,2,0,12,0,2,224,224,224,198,1,18.3386721549458
720_static,6,19,0,17,0,2,222,222,222,184,1,5.12716187646517
720_static,6,19,0,18,0,2,222,222,222,184,1,3.24558183281562
720_static,6,19,0,13,0,2,222,222,222,184,1,19.6844734636453
720_static,6,18,0,23,1,1,218,218,218,186,1,5.23519921880207
720_static,6,18,0,22,1,1,218,218,218,186,1,4.23306712822678
720_static,6,18,0,20,1,1,218,218,218,186,1,30.9271148777727
720_static,6,18,0,19,1,1,218,218,218,186,1,26.1152024598454
720_static,6,18,0,14,1,1,218,218,218,186,1,19.7688261226616
720_static,6,9,0,19,0,2,206,206,206,182,1,5.91246223926707
720_static,6,9,0,21,0,2,206,206,206,182,1,3.2244050002028
720_static,6,9,0,18,0,2,206,206,206,182,1,4.09729644318706
720_static,6,9,0,20,0,2,206,206,206,182,1,3.8214954797032
720_static,6,9,0,17,0,2,206,206,206,182,1,3.2716491547245
720_static,6,9,0,15,0,2,206,206,206,182,1,20.2953629935005
720_static,6,13,0,22,1,2,197,197,197,163,1,5.79634631550408
720_static,6,13,0,21,1,2,197,197,197,163,1,4.34975642601697
720_static,6,13,0,19,1,2,197,197,197,163,1,32.9538808072788
720_static,6,13,0,14,1,2,197,197,197,163,1,32.3846004195268
720_static,6,13,0,13,1,2,197,197,197,163,1,21.1050683374706
720_static,6,5,0,18,1,1,196,196,196,129,1,5.39601078786735
720_static,6,5,0,19,1,1,196,196,196,129,1,4.7826603526742
720_static,6,5,0,17,1,1,196,196,196,129,1,6.07014337553388
720_static,6,5,0,13,1,1,196,196,196,129,1,21.6783294332928
720_static,6,5,0,14,1,1,196,196,196,129,1,17.5480737932281
720_static,6,18,0,23,1,2,195,195,195,162,1,6.2857445318115
720_static,6,18,0,22,1,2,195,195,195,162,1,4.50822371921595
720_static,6,18,0,20,1,2,195,195,195,162,1,29.7962384871716
720_static,6,18,0,19,1,2,195,195,195,162,1,24.887367794257
720_static,6,18,0,14,1,2,195,195,195,162,1,19.6936680759813
720_static,6,18,0,17,0,2,192,192,96,90,1,31.549741896677
720_static,6,18,0,15,0,2,192,192,96,90,1,26.4824790705372
720_static,6,13,0,22,1,1,184,184,184,146,1,5.43055996693864
720_static,6,13,0,21,1,1,184,184,184,146,1,4.03255025667843
720_static,6,13,0,19,1,1,184,184,184,146,1,34.7640062628077
720_static,6,13,0,14,1,1,184,184,184,146,1,34.3077620085847
720_static,6,13,0,13,1,1,184,184,184,146,1,20.1144342821588
720_static,6,7,0,9,0,2,171,171,171,154,1,8.7537013730279
720_static,6,7,0,7,0,2,171,171,171,154,1,20.4021673268119
720_static,6,4,0,13,1,1,163,163,163,132,1,5.30832068250994
720_static,6,4,0,12,1,1,163,163,163,132,1,6.44061833007665
720_static,6,4,0,10,1,1,163,163,163,132,1,20.1408998797554
720_static,6,13,0,17,0,2,160,160,80,77,1,28.8892458541228
720_static,6,13,0,15,0,2,160,160,80,77,1,30.6822382029471
720_static,6,15,0,13,1,1,156,156,156,124,1,5.48822115638757
720_static,6,15,0,12,1,1,156,156,156,124,1,8.89985555883089
720_static,6,15,0,10,1,1,156,156,156,124,1,18.969344472349
720_static,6,7,0,9,1,1,150,150,150,118,1,6.09118570631843
720_static,6,7,0,7,1,1,150,150,150,118,1,18.6120254272707
720_static,6,8,0,20,1,2,149,149,149,127,1,6.0990550079969
720_static,6,8,0,19,1,2,149,149,149,127,1,4.39537675418114
720_static,6,8,0,14,1,2,149,149,149,127,1,23.3734297240852
720_static,6,8,0,15,1,2,149,149,149,127,1,20.3354347902927
720_static,6,8,0,13,1,2,149,149,149,127,1,20.0404997630734
720_static,6,8,0,12,1,2,149,149,149,127,1,19.2124492957623
720_static,6,12,0,18,1,2,144,144,144,128,1,5.69428135057618
720_static,6,12,0,19,1,2,144,144,144,128,1,6.31621000935539
720_static,6,12,0,17,1,2,144,144,144,128,1,6.63523259533326
720_static,6,12,0,16,1,2,144,144,144,128,1,5.79566887874352
720_static,6,12,0,14,1,2,144,144,144,128,1,19.178102194862
720_static,6,5,0,18,1,2,141,141,141,123,1,5.87446207266602
720_static,6,5,0,19,1,2,141,141,141,123,1,5.08812644740762
720_static,6,5,0,17,1,2,141,141,141,123,1,6.49034536484678
720_static,6,5,0,13,1,2,141,141,141,123,1,22.1004017413093
720_static,6,5,0,14,1,2,141,141,141,123,1,19.5248761238091
720_static,6,3,0,15,1,1,136,136,136,119,1,6.1019061562484
720_static,6,3,0,14,1,1,136,136,136,119,1,9.49296346982154
720_static,6,3,0,11,1,1,136,136,136,119,1,17.3444857253744
720_static,6,3,0,12,1,1,136,136,136,119,1,19.2105776567002
720_static,6,4,0,13,0,2,128,128,128,102,1,6.33765154222043
720_static,6,4,0,12,0,2,128,128,128,102,1,4.50324320631822
720_static,6,4,0,10,0,2,128,128,128,102,1,21.9531607099074
720_static,6,17,0,26,0,0,112,112,112,94,1,5.19852786476978
720_static,6,17,0,25,0,0,112,112,112,94,1,4.38290526649112
720_static,6,17,0,18,0,0,112,112,112,94,1,22.6251452864595
720_static,6,17,0,20,0,0,112,112,112,94,1,25.9193529179026
720_static,6,17,0,22,0,0,112,112,112,94,1,23.4187184140505
720_static,6,17,0,19,0,0,112,112,112,94,1,24.7232555579626
720_static,6,17,0,16,0,0,112,112,112,94,1,32.1061705650229
720_static,6,17,0,15,0,0,112,112,112,94,1,27.6726616017928
720_static,6,17,0,17,0,0,112,112,112,94,1,27.4352928595577
720_static,6,17,0,21,0,0,112,112,112,94,1,26.7064323795023
720_static,6,17,0,14,0,0,112,112,112,94,1,22.8981262960313
720_static,6,8,0,20,1,1,98,98,98,77,1,6.87038482108444
720_static,6,8,0,19,1,1,98,98,98,77,1,5.03647335937894
720_static,6,8,0,14,1,1,98,98,98,77,1,20.6807079735564
720_static,6,8,0,15,1,1,98,98,98,77,1,20.8886007271666
720_static,6,8,0,13,1,1,98,98,98,77,1,19.3750382433387
720_static,6,8,0,12,1,1,98,98,98,77,1,19.0717986904766
720_static,6,2,0,16,3,2,97,97,97,87,1,7.19149456509207
720_static,6,2,0,15,3,2,97,97,97,87,1,6.60732758527408
720_static,6,2,0,11,3,2,97,97,97,87,1,22.1797052487677
720_static,6,2,0,12,3,2,97,97,97,87,1,21.0059101072382
720_static,6,18,0,23,0,2,96,96,96,90,1,6.51950687988593
720_static,6,18,0,22,0,2,96,96,96,90,1,4.27387635679194
720_static,6,18,0,20,0,2,96,96,96,90,1,33.1730273533002
720_static,6,18,0,19,0,2,96,96,96,90,1,26.4651346401957
720_static,6,18,0,14,0,2,96,96,96,90,1,19.6045197680144
720_static,6,7,0,9,4,1,94,94,94,82,1,7.10357828084337
720_static,6,7,0,7,4,1,94,94,94,82,1,19.8034655451454
720_static,6,5,0,18,0,2,83,83,83,81,1,5.66107419666315
720_static,6,5,0,19,0,2,83,83,83,81,1,4.71856826351954
720_static,6,5,0,17,0,2,83,83,83,81,1,6.92454193057642
720_static,6,5,0,13,0,2,83,83,83,81,1,21.7136302333479
720_static,6,5,0,14,0,2,83,83,83,81,1,21.1966910676177
720_static,6,8,0,20,0,2,82,82,82,76,1,6.26208069845538
720_static,6,8,0,19,0,2,82,82,82,76,1,4.4940207074234
720_static,6,8,0,14,0,2,82,82,82,76,1,20.6005582074264
720_static,6,8,0,15,0,2,82,82,82,76,1,19.4894946975781
720_static,6,8,0,13,0,2,82,82,82,76,1,18.4771969582641
720_static,6,8,0,12,0,2,82,82,82,76,1,17.9301181664571
720_static,6,13,0,22,0,2,80,80,80,77,1,6.2860347986844
720_static,6,13,0,21,0,2,80,80,80,77,1,4.19815472428981
720_static,6,13,0,19,0,2,80,80,80,77,1,32.6916730718422
720_static,6,13,0,14,0,2,80,80,80,77,1,32.8706314168779
720_static,6,13,0,13,0,2,80,80,80,77,1,21.4681977195609
720_static,6,14,0,13,1,1,79,79,79,72,1,10.1839054785055
720_static,6,14,0,15,1,1,79,79,79,72,1,6.8761461380783
720_static,6,14,0,16,1,1,79,79,79,72,1,6.58676720659074
720_static,6,14,0,14,1,1,79,79,79,72,1,6.58403971141776
720_static,6,14,0,11,1,1,79,79,79,72,1,19.6615395450821
720_static,6,3,0,15,3,2,79,79,79,75,1,7.00793185391035
720_static,6,3,0,14,3,2,79,79,79,75,1,6.37705138185518
720_static,6,3,0,11,3,2,79,79,79,75,1,16.4116154819223
720_static,6,3,0,12,3,2,79,79,79,75,1,24.3432366088946
720_static,6,12,0,18,1,1,78,78,78,70,1,5.65450654521816
720_static,6,12,0,19,1,1,78,78,78,70,1,6.12555759827017
720_static,6,12,0,17,1,1,78,78,78,70,1,5.75216972539337
720_static,6,12,0,16,1,1,78,78,78,70,1,4.88373528141648
720_static,6,12,0,14,1,1,78,78,78,70,1,22.08168457193
720_static,6,4,0,13,0,0,77,77,77,71,1,5.57050075573263
720_static,6,4,0,12,0,0,77,77,77,71,1,4.84076812878674
720_static,6,4,0,10,0,0,77,77,77,71,1,24.1365588582447
720_static,6,2,0,16,1,1,77,77,77,71,1,4.99829821776631
720_static,6,2,0,15,1,1,77,77,77,71,1,6.72268676293269
720_static,6,2,0,11,1,1,77,77,77,71,1,22.8850223569355
720_static,6,2,0,12,1,1,77,77,77,71,1,19.0720363589002
720_static,6,12,0,18,0,2,77,77,77,72,1,5.87709778406623
720_static,6,12,0,19,0,2,77,77,77,72,1,6.8407984395481
720_static,6,12,0,17,0,2,77,77,77,72,1,8.7206929559515
720_static,6,12,0,16,0,2,77,77,77,72,1,5.64722942487374
720_static,6,12,0,14,0,2,77,77,77,72,1,17.3995958134629
720_static,6,17,0,26,1,2,67,67,67,63,1,5.6063090749544
720_static,6,17,0,25,1,2,67,67,67,63,1,5.39374392557316
720_static,6,17,0,18,1,2,67,67,67,63,1,22.5577097450424
720_static,6,17,0,20,1,2,67,67,67,63,1,26.0081428069174
720_static,6,17,0,22,1,2,67,67,67,63,1,26.7067111248024
720_static,6,17,0,19,1,2,67,67,67,63,1,25.1064921953755
720_static,6,17,0,16,1,2,67,67,67,63,1,33.0498666284237
720_static,6,17,0,15,1,2,67,67,67,63,1,32.5160198820416
720_static,6,17,0,17,1,2,67,67,67,63,1,28.4227825079517
720_static,6,17,0,21,1,2,67,67,67,63,1,27.5444873231889
720_static,6,17,0,14,1,2,67,67,67,63,1,19.1679793833278
720_static,6,11,0,19,3,2,55,55,55,54,1,7.6613766823848
720_static,6,11,0,20,3,2,55,55,55,54,1,6.78070402613114
720_static,6,11,0,21,3,2,55,55,55,54,1,4.41301755286329
720_static,6,11,0,22,3,2,55,55,55,54,1,6.96788276348451
720_static,6,11,0,23,3,2,55,55,55,54,1,9.25757104746751
720_static,6,11,0,17,3,2,55,55,55,54,1,23.6947668346758
720_static,6,10,0,17,0,1,52,52,26,25,1,6.34959124908998
720_static,6,17,0,26,1,1,50,50,50,48,1,6.38669795945785
720_static,6,17,0,25,1,1,50,50,50,48,1,4.87071970126965
720_static,6,17,0,18,1,1,50,50,50,48,1,24.2823581741149
720_static,6,17,0,20,1,1,50,50,50,48,1,25.843904935237
720_static,6,17,0,22,1,1,50,50,50,48,1,26.8806294640639
720_static,6,17,0,19,1,1,50,50,50,48,1,27.9764241594909
720_static,6,17,0,16,1,1,50,50,50,48,1,33.1968708070529
720_static,6,17,0,15,1,1,50,50,50,48,1,32.2415229536171
720_static,6,17,0,17,1,1,50,50,50,48,1,32.2574618784612
720_static,6,17,0,21,1,1,50,50,50,48,1,29.533652768629
720_static,6,17,0,14,1,1,50,50,50,48,1,20.1822603704268
720_static,6,10,0,17,4,2,46,46,23,23,1,4.70454658153299
720_static,6,1,0,24,3,2,46,46,46,45,1,7.13567999889814
720_static,6,1,0,26,3,2,46,46,46,45,1,5.24960785992858
720_static,6,1,0,25,3,2,46,46,46,45,1,4.88191352634704
720_static,6,1,0,23,3,2,46,46,46,45,1,8.38550227876246
720_static,6,1,0,18,3,2,46,46,46,45,1,15.9831712520046
720_static,6,1,0,17,3,2,46,46,46,45,1,21.27002734599
720_static,6,17,0,26,0,2,43,43,43,43,1,4.60022215526873
720_static,6,17,0,25,0,2,43,43,43,43,1,4.42281733158605
720_static,6,17,0,18,0,2,43,43,43,43,1,23.1122839688513
720_static,6,17,0,20,0,2,43,43,43,43,1,20.9773674012065
720_static,6,17,0,22,0,2,43,43,43,43,1,24.6526749764315
720_static,6,17,0,19,0,2,43,43,43,43,1,29.2621017172565
720_static,6,17,0,16,0,2,43,43,43,43,1,30.2382461089473
720_static,6,17,0,15,0,2,43,43,43,43,1,29.1303966523049
720_static,6,17,0,17,0,2,43,43,43,43,1,34.8714446938251
720_static,6,17,0,21,0,2,43,43,43,43,1,29.3297476376288
720_static,6,17,0,14,0,2,43,43,43,43,1,20.8239507907672
720_static,6,19,0,15,0,1,40,40,20,19,1,4.73814645080481
720_static,6,19,0,15,4,2,40,40,20,20,1,5.12775264214844
720_static,6,4,0,13,3,2,37,37,37,37,1,6.56018679055384
720_static,6,4,0,12,3,2,37,37,37,37,1,4.98281427639297
720_static,6,4,0,10,3,2,37,37,37,37,1,19.1900990133462
720_static,6,10,0,17,3,2,34,34,17,17,1,6.64690520255772
720_static,6,13,0,17,4,2,34,34,17,16,1,26.6150411685906
720_static,6,13,0,15,4,2,34,34,17,16,1,28.081551982635
720_static,6,7,0,9,4,0,31,31,31,31,1,6.49146793912658
720_static,6,7,0,7,4,0,31,31,31,31,1,18.9978196968115
720_static,6,13,0,17,3,2,30,30,15,15,1,31.9666037453333
720_static,6,13,0,15,3,2,30,30,15,15,1,34.6325474642467
720_static,6,3,0,15,4,2,30,30,30,29,1,6.31928183274004
720_static,6,3,0,14,4,2,30,30,30,29,1,10.5972223300173
720_static,6,3,0,11,4,2,30,30,30,29,1,21.3314837522473
720_static,6,3,0,12,4,2,30,30,30,29,1,21.7025355091181
720_static,6,0,0,12,4,2,29,29,29,29,1,6.69481437645039
720_static,6,0,0,11,4,2,29,29,29,29,1,5.17903744756882
720_static,6,0,0,9,4,2,29,29,29,29,1,18.435203578917
720_static,6,9,0,19,0,1,27,27,27,25,1,4.58202198363345
720_static,6,9,0,21,0,1,27,27,27,25,1,3.04412658789715
720_static,6,9,0,18,0,1,27,27,27,25,1,3.3662641479137
720_static,6,9,0,20,0,1,27,27,27,25,1,2.91340979489665
720_static,6,9,0,17,0,1,27,27,27,25,1,2.60863217173397
720_static,6,9,0,15,0,1,27,27,27,25,1,15.8800903820284
720_static,6,6,0,17,3,2,27,27,27,27,1,7.32867421472606
720_static,6,6,0,18,3,2,27,27,27,27,1,5.19239977257521
720_static,6,6,0,16,3,2,27,27,27,27,1,7.76693452623906
720_static,6,6,0,13,3,2,27,27,27,27,1,18.2585374425314
720_static,6,6,0,14,3,2,27,27,27,27,1,19.9539486266842
720_static,6,10,0,19,0,1,26,26,26,25,1,6.40632586729534
720_static,6,10,0,20,0,1,26,26,26,25,1,7.83655287147299
720_static,6,10,0,21,0,1,26,26,26,25,1,1.61976550979433
720_static,6,10,0,15,0,1,26,26,26,25,1,16.6182483047851
720_static,6,18,0,17,3,2,24,24,12,12,1,22.6151365500481
720_static,6,18,0,15,3,2,24,24,12,12,1,18.9391641066964
720_static,6,10,0,19,4,2,23,23,23,23,1,6.16787839143951
720_static,6,10,0,20,4,2,23,23,23,23,1,7.42641542098333
720_static,6,10,0,21,4,2,23,23,23,23,1,3.20044455768297
720_static,6,10,0,15,4,2,23,23,23,23,1,19.486160850989
720_static,6,2,0,16,4,2,23,23,23,23,1,6.55233833199369
720_static,6,2,0,15,4,2,23,23,23,23,1,6.80754919317551
720_static,6,2,0,11,4,2,23,23,23,23,1,16.178928875226
720_static,6,2,0,12,4,2,23,23,23,23,1,16.5304499692199
720_static,6,6,0,17,4,2,23,23,23,23,1,4.62060522765377
720_static,6,6,0,18,4,2,23,23,23,23,1,5.7477184280752
720_static,6,6,0,16,4,2,23,23,23,23,1,6.57447223601662
720_static,6,6,0,13,4,2,23,23,23,23,1,16.6174309178395
720_static,6,6,0,14,4,2,23,23,23,23,1,18.0088781607842
720_static,6,11,0,19,4,2,22,22,22,21,1,6.23641555676533
720_static,6,11,0,20,4,2,22,22,22,21,1,6.81204958927871
720_static,6,11,0,21,4,2,22,22,22,21,1,5.02893459000945
720_static,6,11,0,22,4,2,22,22,22,21,1,6.78792041958161
720_static,6,11,0,23,4,2,22,22,22,21,1,8.83810171888143
720_static,6,11,0,17,4,2,22,22,22,21,1,24.1904366811723
720_static,6,14,0,13,4,2,22,22,22,21,1,13.5454062744995
720_static,6,14,0,15,4,2,22,22,22,21,1,7.87532793672618
720_static,6,14,0,16,4,2,22,22,22,21,1,7.01162371184019
720_static,6,14,0,14,4,2,22,22,22,21,1,10.6248091649081
720_static,6,14,0,11,4,2,22,22,22,21,1,21.806997120339
720_static,6,15,0,13,3,2,20,20,20,20,1,6.31222124749209
720_static,6,15,0,12,3,2,20,20,20,20,1,11.2136047563016
720_static,6,15,0,10,3,2,20,20,20,20,1,16.7419700097431
720_static,6,19,0,17,0,1,20,20,20,19,1,5.0888987169042
720_static,6,19,0,18,0,1,20,20,20,19,1,3.66291126712196
720_static,6,19,0,13,0,1,20,20,20,19,1,19.0618517480647
720_static,6,19,0,17,4,2,20,20,20,20,1,7.07508374320523
720_static,6,19,0,18,4,2,20,20,20,20,1,5.12353571495811
720_static,6,19,0,13,4,2,20,20,20,20,1,27.7619032246869
720_static,6,1,0,24,4,2,19,19,19,19,1,5.33384792678709
720_static,6,1,0,26,4,2,19,19,19,19,1,5.48490760285844
720_static,6,1,0,25,4,2,19,19,19,19,1,5.8822161426122
720_static,6,1,0,23,4,2,19,19,19,19,1,7.41595768628695
720_static,6,1,0,18,4,2,19,19,19,19,1,23.4475226839834
720_static,6,1,0,17,4,2,19,19,19,19,1,21.066666965397
720_static,6,0,0,12,0,1,18,18,18,17,1,4.87492475466368
720_static,6,0,0,11,0,1,18,18,18,17,1,4.67644239253061
720_static,6,0,0,9,0,1,18,18,18,17,1,16.5284546044643
720_static,6,10,0,19,3,2,17,17,17,17,1,6.06683682719764
720_static,6,10,0,20,3,2,17,17,17,17,1,3.24683620685817
720_static,6,10,0,21,3,2,17,17,17,17,1,1.50170195150787
720_static,6,10,0,15,3,2,17,17,17,17,1,17.1682516661827
720_static,6,13,0,22,4,2,17,17,17,16,1,6.5438702137292
720_static,6,13,0,21,4,2,17,17,17,16,1,5.59651702124167
720_static,6,13,0,19,4,2,17,17,17,16,1,32.1605550584076
720_static,6,13,0,14,4,2,17,17,17,16,1,32.7574630063226
720_static,6,13,0,13,4,2,17,17,17,16,1,16.973872770458
720_static,6,9,0,19,4,2,17,17,17,17,1,3.30697154293555
720_static,6,9,0,21,4,2,17,17,17,17,1,4.71024133742316
720_static,6,9,0,18,4,2,17,17,17,17,1,4.19600859430356
720_static,6,9,0,20,4,2,17,17,17,17,1,5.11718956691649
720_static,6,9,0,17,4,2,17,17,17,17,1,3.95003015874681
720_static,6,9,0,15,4,2,17,17,17,17,1,23.0992462929306
720_static,6,18,0,17,4,2,16,16,8,8,1,27.8284486418799
720_static,6,18,0,15,4,2,16,16,8,8,1,23.0459930855593
720_static,6,7,0,9,3,0,15,15,15,13,1,7.07166094204294
720_static,6,7,0,7,3,0,15,15,15,13,1,15.9342086914412
720_static,6,13,0,22,3,2,15,15,15,15,1,6.44113528071879
720_static,6,13,0,21,3,2,15,15,15,15,1,6.10359338834679
720_static,6,13,0,19,3,2,15,15,15,15,1,41.9913370790233
720_static,6,13,0,14,3,2,15,15,15,15,1,41.8094160816699
720_static,6,13,0,13,3,2,15,15,15,15,1,19.0439812046479
720_static,6,8,0,20,3,2,15,15,15,14,1,8.24655852749717
720_static,6,8,0,19,3,2,15,15,15,14,1,6.0575417939269
720_static,6,8,0,14,3,2,15,15,15,14,1,18.983702888186
720_static,6,8,0,15,3,2,15,15,15,14,1,19.1808591201307
720_static,6,8,0,13,3,2,15,15,15,14,1,17.5078254603723
720_static,6,8,0,12,3,2,15,15,15,14,1,23.7141504449818
720_static,6,5,0,18,3,2,14,14,14,14,1,6.46649255854516
720_static,6,5,0,19,3,2,14,14,14,14,1,5.32646669979174
720_static,6,5,0,17,3,2,14,14,14,14,1,7.43761925322243
720_static,6,5,0,13,3,2,14,14,14,14,1,24.7471437172958
720_static,6,5,0,14,3,2,14,14,14,14,1,24.2000645354385
720_static,6,7,0,9,3,1,13,13,13,12,1,8.93382416996353
720_static,6,7,0,7,3,1,13,13,13,12,1,25.7818712632367
720_static,6,15,0,13,4,2,13,13,13,13,1,6.0100362356356
720_static,6,15,0,12,4,2,13,13,13,13,1,9.45505819767345
720_static,6,15,0,10,4,2,13,13,13,13,1,19.0372425893747
720_static,6,18,0,23,3,2,12,12,12,12,1,6.36458527511096
720_static,6,18,0,22,3,2,12,12,12,12,1,4.23418820615954
720_static,6,18,0,20,3,2,12,12,12,12,1,25.1395335963164
720_static,6,18,0,19,3,2,12,12,12,12,1,20.7136958527577
720_static,6,18,0,14,3,2,12,12,12,12,1,19.4617513943303
720_static,6,12,0,18,3,2,12,12,12,12,1,6.4304401059146
720_static,6,12,0,19,3,2,12,12,12,12,1,4.67677846461522
720_static,6,12,0,17,3,2,12,12,12,12,1,7.36531276624488
720_static,6,12,0,16,3,2,12,12,12,12,1,5.27285106597187
720_static,6,12,0,14,3,2,12,12,12,12,1,20.0900788338975
720_static,6,8,0,20,4,2,11,11,11,11,1,5.84548006503827
720_static,6,8,0,19,4,2,11,11,11,11,1,2.35092999961601
720_static,6,8,0,14,4,2,11,11,11,11,1,23.9379201978342
720_static,6,8,0,15,4,2,11,11,11,11,1,16.1549058160075
720_static,6,8,0,13,4,2,11,11,11,11,1,15.6498822231508
720_static,6,8,0,12,4,2,11,11,11,11,1,16.7687103341531
720_static,6,16,0,15,4,2,11,11,11,11,1,6.73704544986525
720_static,6,16,0,16,4,2,11,11,11,11,1,7.68551067146328
720_static,6,16,0,14,4,2,11,11,11,11,1,5.32318355426016
720_static,6,16,0,12,4,2,11,11,11,11,1,20.9143915684796
720_static,6,0,0,12,3,2,11,11,11,11,1,6.45412577039208
720_static,6,0,0,11,3,2,11,11,11,11,1,6.58762064666803
720_static,6,0,0,9,3,2,11,11,11,11,1,12.0765275949842
720_static,6,18,0,17,3,0,10,10,5,5,1,12.8494105573399
720_static,6,18,0,15,3,0,10,10,5,5,1,8.89531114615918
720_static,6,2,0,16,3,1,10,10,10,10,1,7.38084841367383
720_static,6,2,0,15,3,1,10,10,10,10,1,7.58708407419142
720_static,6,2,0,11,3,1,10,10,10,10,1,23.4132039994763
720_static,6,2,0,12,3,1,10,10,10,10,1,29.7873284342013
720_static,6,18,0,23,4,2,8,8,8,8,1,4.10896457189728
720_static,6,18,0,22,4,2,8,8,8,8,1,1.25398732476112
720_static,6,18,0,20,4,2,8,8,8,8,1,22.3253223880494
720_static,6,18,0,19,4,2,8,8,8,8,1,18.0949575799041
720_static,6,18,0,14,4,2,8,8,8,8,1,20.4142088808051
720_static,6,5,0,18,4,2,7,7,7,7,1,6.31893260879387
720_static,6,5,0,19,4,2,7,7,7,7,1,5.83575829475653
720_static,6,5,0,17,4,2,7,7,7,7,1,7.27492124063358
720_static,6,5,0,13,4,2,7,7,7,7,1,23.3033430835776
720_static,6,5,0,14,4,2,7,7,7,7,1,21.3261085439539
720_static,6,3,0,15,3,1,7,7,7,7,1,3.95872573310002
720_static,6,3,0,14,3,1,7,7,7,7,1,6.28324588662751
720_static,6,3,0,11,3,1,7,7,7,7,1,18.3142066176102
720_static,6,3,0,12,3,1,7,7,7,7,1,17.9858316149374
720_static,6,1,0,24,0,1,6,6,6,6,1,6.46145497884206
720_static,6,1,0,26,0,1,6,6,6,6,1,1.93250494993506
720_static,6,1,0,25,0,1,6,6,6,6,1,3.76560228476943
720_static,6,1,0,23,0,1,6,6,6,6,1,5.53562010592264
720_static,6,1,0,18,0,1,6,6,6,6,1,10.7469036771783
720_static,6,1,0,17,0,1,6,6,6,6,1,10.3618224799158
720_static,6,11,0,19,0,1,6,6,6,6,1,4.07779090928567
720_static,6,11,0,20,0,1,6,6,6,6,1,2.71153808275519
720_static,6,11,0,21,0,1,6,6,6,6,1,3.39235491801821
720_static,6,11,0,22,0,1,6,6,6,6,1,3.00764072052152
720_static,6,11,0,23,0,1,6,6,6,6,1,7.57511939717131
720_static,6,11,0,17,0,1,6,6,6,6,1,17.5823340678095
720_static,6,10,0,17,4,0,6,6,3,3,1,3.63206714532952
720_static,6,15,0,13,1,0,5,5,5,5,1,0.940758402262591
720_static,6,15,0,12,1,0,5,5,5,5,1,0.973613192248735
720_static,6,15,0,10,1,0,5,5,5,5,1,1.46785841311966
720_static,6,18,0,23,3,0,5,5,5,5,1,0.561118278119515
720_static,6,18,0,22,3,0,5,5,5,5,1,2.8821302753269
720_static,6,18,0,20,3,0,5,5,5,5,1,8.35157566123584
720_static,6,18,0,19,3,0,5,5,5,5,1,7.54985908633971
720_static,6,18,0,14,3,0,5,5,5,5,1,0.969743588356749
720_static,6,15,0,13,0,1,5,5,5,5,1,5.46180226795874
720_static,6,15,0,12,0,1,5,5,5,5,1,12.1202814343393
720_static,6,15,0,10,0,1,5,5,5,5,1,21.252053212658
720_static,6,6,0,17,0,1,5,5,5,5,1,2.5719297776506
720_static,6,6,0,18,0,1,5,5,5,5,1,3.93052572137026
720_static,6,6,0,16,0,1,5,5,5,5,1,7.41939474892603
720_static,6,6,0,13,0,1,5,5,5,5,1,21.5107315783472
720_static,6,6,0,14,0,1,5,5,5,5,1,12.8568146885015
720_static,6,3,0,15,0,1,5,5,5,5,1,5.91704395891469
720_static,6,3,0,14,0,1,5,5,5,5,1,10.8625923203051
720_static,6,3,0,11,0,1,5,5,5,5,1,11.3527312226556
720_static,6,3,0,12,0,1,5,5,5,5,1,18.1745849922888
720_static,6,0,0,12,4,0,4,4,4,4,1,2.48774685342421
720_static,6,0,0,11,4,0,4,4,4,4,1,1.26387320162141
720_static,6,0,0,9,4,0,4,4,4,4,1,14.4230916111168
720_static,6,0,0,12,1,0,4,4,4,4,1,5.4708111974864
720_static,6,0,0,11,1,0,4,4,4,4,1,1.68661586354482
720_static,6,0,0,9,1,0,4,4,4,4,1,15.1148950456442
720_static,6,2,0,16,3,0,4,4,4,4,1,5.06969889282812
720_static,6,2,0,15,3,0,4,4,4,4,1,2.87774371736201
720_static,6,2,0,11,3,0,4,4,4,4,1,22.7320366022517
720_static,6,2,0,12,3,0,4,4,4,4,1,16.006721637799
720_static,6,19,0,15,1,0,4,4,2,2,1,4.34571651912976
720_static,6,13,0,17,3,0,4,4,2,2,1,25.4627968891866
720_static,6,13,0,15,3,0,4,4,2,2,1,26.5695079120074
720_static,6,14,0,13,0,1,4,4,4,4,1,1.50109178733376
720_static,6,14,0,15,0,1,4,4,4,4,1,3.55294384789823
720_static,6,14,0,16,0,1,4,4,4,4,1,5.85246833492363
720_static,6,14,0,14,0,1,4,4,4,4,1,8.02925772602584
720_static,6,14,0,11,0,1,4,4,4,4,1,12.5477421423126
720_static,6,13,0,17,4,0,4,4,2,2,1,34.9126615138525
720_static,6,13,0,15,4,0,4,4,2,2,1,38.746747354352
720_static,6,13,0,17,0,1,4,4,2,2,1,15.054134492778
720_static,6,13,0,15,0,1,4,4,2,2,1,15.8900796880565
720_static,6,7,0,9,0,1,3,3,3,3,1,5.29191564843975
720_static,6,7,0,7,0,1,3,3,3,3,1,6.21030213053189
720_static,6,10,0,19,4,0,3,3,3,3,1,10.8385432852086
720_static,6,10,0,20,4,0,3,3,3,3,1,9.47182374949515
720_static,6,10,0,21,4,0,3,3,3,3,1,3.26454578371331
720_static,6,10,0,15,4,0,3,3,3,3,1,7.3658244196474
720_static,6,10,0,17,4,1,2,2,1,1,1,4.23555504732158
720_static,6,13,0,17,4,1,2,2,1,1,1,3.460893074372
720_static,6,13,0,15,4,1,2,2,1,1,1,4.29707359311604
720_static,6,19,0,17,1,0,2,2,2,2,1,2.87526345602055
720_static,6,19,0,18,1,0,2,2,2,2,1,0.196328078436821
720_static,6,19,0,13,1,0,2,2,2,2,1,24.5849752646676
720_static,6,13,0,22,3,0,2,2,2,2,1,10.8495895269544
720_static,6,13,0,21,3,0,2,2,2,2,1,8.32406883960736
720_static,6,13,0,19,3,0,2,2,2,2,1,47.4012616114445
720_static,6,13,0,14,3,0,2,2,2,2,1,48.3158125180485
720_static,6,13,0,13,3,0,2,2,2,2,1,34.0489532507301
720_static,6,8,0,20,0,1,2,2,2,2,1,0.647923157420736
720_static,6,8,0,19,0,1,2,2,2,2,1,3.54219658874861
720_static,6,8,0,14,0,1,2,2,2,2,1,29.2177993468182
720_static,6,8,0,15,0,1,2,2,2,2,1,31.7588616049214
720_static,6,8,0,13,0,1,2,2,2,2,1,38.0856045447211
720_static,6,8,0,12,0,1,2,2,2,2,1,3.26240202028469
720_static,6,5,0,18,4,1,2,2,2,2,1,11.7213440720962
720_static,6,5,0,19,4,1,2,2,2,2,1,3.51328637986093
720_static,6,5,0,17,4,1,2,2,2,2,1,8.85440405251641
720_static,6,5,0,13,4,1,2,2,2,2,1,35.8090496913505
720_static,6,5,0,14,4,1,2,2,2,2,1,29.0954549094578
720_static,6,18,0,17,0,1,2,2,1,1,1,23.8229247315843
720_static,6,18,0,15,0,1,2,2,1,1,1,16.6286396535744
720_static,6,19,0,15,3,2,2,2,1,1,1,3.8888710273513
720_static,6,1,0,24,4,1,2,2,2,2,1,1.97830692275733
720_static,6,1,0,26,4,1,2,2,2,2,1,2.90136453048491
720_static,6,1,0,25,4,1,2,2,2,2,1,1.14625632155573
720_static,6,1,0,23,4,1,2,2,2,2,1,9.62748296852214
720_static,6,1,0,18,4,1,2,2,2,2,1,12.9538153321903
720_static,6,1,0,17,4,1,2,2,2,2,1,24.7193500924278
720_static,6,3,0,15,4,1,2,2,2,2,1,8.21084188092136
720_static,6,3,0,14,4,1,2,2,2,2,1,5.227748345373
720_static,6,3,0,11,4,1,2,2,2,2,1,16.0946169505092
720_static,6,3,0,12,4,1,2,2,2,2,1,15.3058730678397
720_static,6,0,0,12,4,1,2,2,2,2,1,6.00083593701325
720_static,6,0,0,11,4,1,2,2,2,2,1,0.621370389862073
720_static,6,0,0,9,4,1,2,2,2,2,1,32.3625606859551
720_static,6,15,0,13,3,1,2,2,2,2,1,0.563050890110136
720_static,6,15,0,12,3,1,2,2,2,2,1,7.2346744221088
720_static,6,15,0,10,3,1,2,2,2,2,1,0.117190424069968
720_static,6,4,0,13,4,2,2,2,2,2,1,2.23756391693066
720_static,6,4,0,12,4,2,2,2,2,2,1,8.89865470861603
720_static,6,4,0,10,4,2,2,2,2,2,1,15.2889647136235
720_static,6,13,0,22,4,0,2,2,2,2,1,4.21713961029501
720_static,6,13,0,21,4,0,2,2,2,2,1,9.40916821407875
720_static,6,13,0,19,4,0,2,2,2,2,1,60.4139109145807
720_static,6,13,0,14,4,0,2,2,2,2,1,60.5722585497315
720_static,6,13,0,13,4,0,2,2,2,2,1,14.8779984526051
720_static,6,1,0,24,3,1,2,2,2,2,1,1.01458253701959
720_static,6,1,0,26,3,1,2,2,2,2,1,7.05017106954432
720_static,6,1,0,25,3,1,2,2,2,2,1,2.93030727964884
720_static,6,1,0,23,3,1,2,2,2,2,1,9.25361061658913
720_static,6,1,0,18,3,1,2,2,2,2,1,30.6277063165676
720_static,6,1,0,17,3,1,2,2,2,2,1,25.52912698374
720_static,6,8,0,20,3,1,2,2,2,2,1,1.15691280230303
720_static,6,8,0,19,3,1,2,2,2,2,1,2.54176017345511
720_static,6,8,0,14,3,1,2,2,2,2,1,10.4039240342389
720_static,6,8,0,15,3,1,2,2,2,2,1,16.993322322191
720_static,6,8,0,13,3,1,2,2,2,2,1,13.6043638846707
720_static,6,8,0,12,3,1,2,2,2,2,1,10.6856157250691
720_static,6,3,0,15,3,0,2,2,2,2,1,5.41488884900096
720_static,6,3,0,14,3,0,2,2,2,2,1,5.64211852268672
720_static,6,3,0,11,3,0,2,2,2,2,1,15.2305899952737
720_static,6,3,0,12,3,0,2,2,2,2,1,8.53089969092459
720_static,6,13,0,22,0,1,2,2,2,2,1,2.97062480708389
720_static,6,13,0,21,0,1,2,2,2,2,1,6.71668791526837
720_static,6,13,0,19,0,1,2,2,2,2,1,19.0380279827192
720_static,6,13,0,14,0,1,2,2,2,2,1,23.9686580447016
720_static,6,13,0,13,0,1,2,2,2,2,1,17.0839653511865
720_static,6,11,0,19,4,1,2,2,2,2,1,7.50886607789332
720_static,6,11,0,20,4,1,2,2,2,2,1,8.74609744333428
720_static,6,11,0,21,4,1,2,2,2,2,1,9.01082769671396
720_static,6,11,0,22,4,1,2,2,2,2,1,5.61145502712015
720_static,6,11,0,23,4,1,2,2,2,2,1,2.45630329161245
720_static,6,11,0,17,4,1,2,2,2,2,1,20.7043856098202
720_static,6,16,0,15,0,1,2,2,2,2,1,1.83404233618552
720_static,6,16,0,16,0,1,2,2,2,2,1,5.28997526473044
720_static,6,16,0,14,0,1,2,2,2,2,1,2.16105576322689
720_static,6,16,0,12,0,1,2,2,2,2,1,14.2965091150789
720_static,6,11,0,19,3,1,2,2,2,2,1,16.0678528818303
720_static,6,11,0,20,3,1,2,2,2,2,1,14.2607034674155
720_static,6,11,0,21,3,1,2,2,2,2,1,10.7284402919601
720_static,6,11,0,22,3,1,2,2,2,2,1,17.9869013909861
720_static,6,11,0,23,3,1,2,2,2,2,1,22.2103218373135
720_static,6,11,0,17,3,1,2,2,2,2,1,57.2433699215528
720_static,6,10,0,19,4,1,1,1,1,1,1,
720_static,6,10,0,20,4,1,1,1,1,1,1,
720_static,6,10,0,21,4,1,1,1,1,1,1,
720_static,6,10,0,15,4,1,1,1,1,1,1,
720_static,6,13,0,22,4,1,1,1,1,1,1,
720_static,6,13,0,21,4,1,1,1,1,1,1,
720_static,6,13,0,19,4,1,1,1,1,1,1,
720_static,6,13,0,14,4,1,1,1,1,1,1,
720_static,6,13,0,13,4,1,1,1,1,1,1,
720_static,6,2,0,16,0,1,1,1,1,1,1,
720_static,6,2,0,15,0,1,1,1,1,1,1,
720_static,6,2,0,11,0,1,1,1,1,1,1,
720_static,6,2,0,12,0,1,1,1,1,1,1,
720_static,6,18,0,23,0,1,1,1,1,1,1,
720_static,6,18,0,22,0,1,1,1,1,1,1,
720_static,6,18,0,20,0,1,1,1,1,1,1,
720_static,6,18,0,19,0,1,1,1,1,1,1,
720_static,6,18,0,14,0,1,1,1,1,1,1,
720_static,6,19,0,17,3,2,1,1,1,1,1,
720_static,6,19,0,18,3,2,1,1,1,1,1,
720_static,6,19,0,13,3,2,1,1,1,1,1,
720_static,6,15,0,13,4,0,1,1,1,1,1,
720_static,6,15,0,12,4,0,1,1,1,1,1,
720_static,6,15,0,10,4,0,1,1,1,1,1,
720_static,6,11,0,19,1,0,1,1,1,1,1,
720_static,6,11,0,20,1,0,1,1,1,1,1,
720_static,6,11,0,21,1,0,1,1,1,1,1,
720_static,6,11,0,22,1,0,1,1,1,1,1,
720_static,6,11,0,23,1,0,1,1,1,1,1,
720_static,6,11,0,17,1,0,1,1,1,1,1,
720_static,6,8,0,20,3,0,1,1,1,1,1,
720_static,6,8,0,19,3,0,1,1,1,1,1,
720_static,6,8,0,14,3,0,1,1,1,1,1,
720_static,6,8,0,15,3,0,1,1,1,1,1,
720_static,6,8,0,13,3,0,1,1,1,1,1,
720_static,6,8,0,12,3,0,1,1,1,1,1,
720_static,6,5,0,18,3,1,1,1,1,1,1,
720_static,6,5,0,19,3,1,1,1,1,1,1,
720_static,6,5,0,17,3,1,1,1,1,1,1,
720_static,6,5,0,13,3,1,1,1,1,1,1,
720_static,6,5,0,14,3,1,1,1,1,1,1,
720_static,6,17,0,26,4,2,1,1,1,1,1,
720_static,6,17,0,25,4,2,1,1,1,1,1,
720_static,6,17,0,18,4,2,1,1,1,1,1,
720_static,6,17,0,20,4,2,1,1,1,1,1,
720_static,6,17,0,22,4,2,1,1,1,1,1,
720_static,6,17,0,19,4,2,1,1,1,1,1,
720_static,6,17,0,16,4,2,1,1,1,1,1,
720_static,6,17,0,15,4,2,1,1,1,1,1,
720_static,6,17,0,17,4,2,1,1,1,1,1,
720_static,6,17,0,21,4,2,1,1,1,1,1,
720_static,6,17,0,14,4,2,1,1,1,1,1,
720_static,6,0,0,12,3,0,1,1,1,1,1,
720_static,6,0,0,11,3,0,1,1,1,1,1,
720_static,6,0,0,9,3,0,1,1,1,1,1,
720_static,6,5,0,18,0,1,1,1,1,1,1,
720_static,6,5,0,19,0,1,1,1,1,1,1,
720_static,6,5,0,17,0,1,1,1,1,1,1,
720_static,6,5,0,13,0,1,1,1,1,1,1,
720_static,6,5,0,14,0,1,1,1,1,1,1,
720_static,6,4,0,13,3,0,1,1,1,1,1,
720_static,6,4,0,12,3,0,1,1,1,1,1,
720_static,6,4,0,10,3,0,1,1,1,1,1,
720_static,6,1,0,24,1,0,1,1,1,1,1,
720_static,6,1,0,26,1,0,1,1,1,1,1,
720_static,6,1,0,25,1,0,1,1,1,1,1,
720_static,6,1,0,23,1,0,1,1,1,1,1,
720_static,6,1,0,18,1,0,1,1,1,1,1,
720_static,6,1,0,17,1,0,1,1,1,1,1,
720_static,6,15,0,13,3,0,1,1,1,1,1,
720_static,6,15,0,12,3,0,1,1,1,1,1,
720_static,6,15,0,10,3,0,1,1,1,1,1,
720_static,6,9,0,19,3,2,1,1,1,1,1,
720_static,6,9,0,21,3,2,1,1,1,1,1,
720_static,6,9,0,18,3,2,1,1,1,1,1,
720_static,6,9,0,20,3,2,1,1,1,1,1,
720_static,6,9,0,17,3,2,1,1,1,1,1,
720_static,6,9,0,15,3,2,1,1,1,1,1,
720_static,6,3,0,15,1,0,1,1,1,1,1,
720_static,6,3,0,14,1,0,1,1,1,1,1,
720_static,6,3,0,11,1,0,1,1,1,1,1,
720_static,6,3,0,12,1,0,1,1,1,1,1,
720_static,6,4,0,13,0,1,1,1,1,1,1,
720_static,6,4,0,12,0,1,1,1,1,1,1,
720_static,6,4,0,10,0,1,1,1,1,1,1,
720_static,6,3,0,15,4,0,1,1,1,1,1,
720_static,6,3,0,14,4,0,1,1,1,1,1,
720_static,6,3,0,11,4,0,1,1,1,1,1,
720_static,6,3,0,12,4,0,1,1,1,1,1,
720_static,6,16,0,15,3,0,1,1,1,1,1,
720_static,6,16,0,16,3,0,1,1,1,1,1,
720_static,6,16,0,14,3,0,1,1,1,1,1,
720_static,6,16,0,12,3,0,1,1,1,1,1,
720_static,7,0,0,10,0,0,1169,1169,1169,446,1,19.7588558350513
720_static,7,10,0,16,0,0,1133,1133,1133,427,1,18.4889835315243
720_static,7,19,0,14,1,1,1116,1116,1116,401,1,23.7759923511058
720_static,7,6,0,15,0,0,1025,1025,1025,393,1,18.7538348760073
720_static,7,7,0,8,3,2,952,952,952,536,1,26.1167900957543
720_static,7,11,0,18,0,0,869,869,869,404,1,19.0892839622545
720_static,7,11,0,24,0,0,869,869,869,404,1,4.19961642801521
720_static,7,1,0,21,0,0,750,750,750,368,1,18.8276602446879
720_static,7,1,0,20,0,0,750,750,750,368,1,13.361706472318
720_static,7,1,0,19,0,0,750,750,750,368,1,12.6488075729933
720_static,7,1,0,22,0,0,750,750,750,368,1,14.3483441925061
720_static,7,19,0,14,1,2,727,727,727,441,1,24.0936607621894
720_static,7,9,0,16,0,0,690,690,690,357,1,17.3348732823109
720_static,7,19,0,14,0,0,678,678,678,365,1,18.4028086787897
720_static,7,9,0,16,1,1,667,667,667,338,1,23.5720944152313
720_static,7,11,0,18,1,2,607,607,607,382,1,23.6028849632973
720_static,7,11,0,24,1,2,607,607,607,382,1,4.17361548445823
720_static,7,12,0,15,4,2,566,566,566,564,1,7.18182323084495
720_static,7,10,0,16,1,2,525,525,525,348,1,27.1108701690377
720_static,7,9,0,16,1,2,522,522,522,299,1,25.2166527875899
720_static,7,15,0,11,1,2,498,498,498,369,1,25.6669392082669
720_static,7,15,0,11,0,0,494,494,494,311,1,20.2732784002403
720_static,7,11,0,18,1,1,490,490,490,274,1,25.8964935145672
720_static,7,11,0,24,1,1,490,490,490,274,1,3.97859800323595
720_static,7,16,0,13,1,2,464,464,464,328,1,25.8734183152152
720_static,7,0,0,10,1,2,449,449,449,305,1,27.1108747690719
720_static,7,1,0,21,1,1,447,447,447,214,1,26.0036133977981
720_static,7,1,0,20,1,1,447,447,447,214,1,12.5644441082962
720_static,7,1,0,19,1,1,447,447,447,214,1,11.7097494194573
720_static,7,1,0,22,1,1,447,447,447,214,1,13.5056457883334
720_static,7,6,0,15,1,2,431,431,431,289,1,23.8163925614667
720_static,7,3,0,13,0,0,430,430,430,279,1,19.8730504149182
720_static,7,10,0,16,1,1,421,421,421,257,1,24.7667407006696
720_static,7,7,0,8,0,0,408,408,408,273,1,17.9573099422138
720_static,7,14,0,12,1,2,392,392,392,285,1,26.772085310977
720_static,7,1,0,21,1,2,376,376,376,251,1,25.8504221984713
720_static,7,1,0,20,1,2,376,376,376,251,1,14.0243094679351
720_static,7,1,0,19,1,2,376,376,376,251,1,12.5358905360993
720_static,7,1,0,22,1,2,376,376,376,251,1,14.3738096741635
720_static,7,3,0,13,0,2,369,369,369,258,1,26.3539126999926
720_static,7,3,0,13,1,2,367,367,367,288,1,26.8719353943561
720_static,7,16,0,13,0,0,355,355,355,246,1,18.7201380333172
720_static,7,0,0,10,0,2,353,353,353,283,1,26.2413525455682
720_static,7,7,0,8,1,2,346,346,346,270,1,23.9485667294266
720_static,7,6,0,15,1,1,340,340,340,215,1,25.6220639144847
720_static,7,10,0,16,0,2,337,337,337,271,1,23.5586275552206
720_static,7,7,0,8,4,2,332,332,332,255,1,25.3018534393977
720_static,7,11,0,18,0,2,331,331,331,260,1,23.7454521319535
720_static,7,11,0,24,0,2,331,331,331,260,1,3.67204237233334
720_static,7,13,0,20,0,0,318,318,318,245,1,19.427212912777
720_static,7,6,0,15,0,2,313,313,313,257,1,24.3827964667183
720_static,7,1,0,21,0,2,308,308,308,262,1,26.1846839087123
720_static,7,1,0,20,0,2,308,308,308,262,1,13.632327441579
720_static,7,1,0,19,0,2,308,308,308,262,1,11.338155618431
720_static,7,1,0,22,0,2,308,308,308,262,1,13.08873663912
720_static,7,2,0,14,1,2,302,302,302,237,1,26.9466376354179
720_static,7,2,0,13,1,2,302,302,302,237,1,24.5275502168978
720_static,7,5,0,16,0,0,300,300,300,209,1,18.5084484167301
720_static,7,5,0,15,0,0,300,300,300,209,1,25.1320478048003
720_static,7,15,0,11,0,2,295,295,295,251,1,26.928705698227
720_static,7,4,0,11,1,2,285,285,285,211,1,25.1704724993869
720_static,7,2,0,14,0,0,271,271,271,197,1,17.8432859571773
720_static,7,2,0,13,0,0,271,271,271,197,1,26.410530556466
720_static,7,16,0,13,0,2,269,269,269,221,1,25.8983669441838
720_static,7,18,0,21,0,0,244,244,244,187,1,18.5008389451926
720_static,7,0,0,10,1,1,243,243,243,181,1,24.9860508582078
720_static,7,14,0,12,0,0,239,239,239,212,1,21.2678145710377
720_static,7,8,0,16,0,0,239,239,239,202,1,20.1088555067366
720_static,7,8,0,18,0,0,239,239,239,202,1,66.1197026094236
720_static,7,8,0,17,0,0,239,239,239,202,1,29.9085611581783
720_static,7,16,0,13,1,1,233,233,233,162,1,25.4654601879833
720_static,7,14,0,12,0,2,229,229,229,191,1,25.4789273522617
720_static,7,12,0,15,0,0,225,225,225,176,1,18.9989307023103
720_static,7,2,0,14,0,2,224,224,224,198,1,26.3719433700974
720_static,7,2,0,13,0,2,224,224,224,198,1,22.7359664292137
720_static,7,19,0,14,0,2,222,222,222,184,1,26.0785247076354
720_static,7,18,0,21,1,1,218,218,218,186,1,22.3544484291719
720_static,7,9,0,16,0,2,206,206,206,182,1,25.1618339411972
720_static,7,13,0,20,1,2,197,197,197,163,1,26.4642237849814
720_static,7,5,0,16,1,1,196,196,196,129,1,23.9113560667034
720_static,7,5,0,15,1,1,196,196,196,129,1,25.2089386766514
720_static,7,18,0,21,1,2,195,195,195,162,1,25.8696168808978
720_static,7,13,0,20,1,1,184,184,184,146,1,26.4196236597119
720_static,7,7,0,8,0,2,171,171,171,154,1,25.1973485561309
720_static,7,4,0,11,1,1,163,163,163,132,1,21.668787389541
720_static,7,15,0,11,1,1,156,156,156,124,1,26.3866421638569
720_static,7,7,0,8,1,1,150,150,150,118,1,23.5814135623207
720_static,7,8,0,16,1,2,149,149,149,127,1,25.8056438701674
720_static,7,8,0,18,1,2,149,149,149,127,1,66.058175777939
720_static,7,8,0,17,1,2,149,149,149,127,1,27.477642009519
720_static,7,12,0,15,1,2,144,144,144,128,1,26.7396419269191
720_static,7,5,0,16,1,2,141,141,141,123,1,24.2297293227848
720_static,7,5,0,15,1,2,141,141,141,123,1,26.3598384145794
720_static,7,3,0,13,1,1,136,136,136,119,1,26.7328848002688
720_static,7,4,0,11,0,2,128,128,128,102,1,23.3149455558786
720_static,7,17,0,23,0,0,112,112,112,94,1,19.0769096450043
720_static,7,17,0,24,0,0,112,112,112,94,1,12.6269991281095
720_static,7,8,0,16,1,1,98,98,98,77,1,25.7387304303573
720_static,7,8,0,18,1,1,98,98,98,77,1,59.0077214117236
720_static,7,8,0,17,1,1,98,98,98,77,1,23.5517361306786
720_static,7,2,0,14,3,2,97,97,97,87,1,25.2193036569386
720_static,7,2,0,13,3,2,97,97,97,87,1,24.5779781561452
720_static,7,18,0,21,0,2,96,96,96,90,1,25.237324693614
720_static,7,7,0,8,4,1,94,94,94,82,1,25.0532424549421
720_static,7,5,0,16,0,2,83,83,83,81,1,26.2422015166886
720_static,7,5,0,15,0,2,83,83,83,81,1,26.818944380646
720_static,7,8,0,16,0,2,82,82,82,76,1,24.7420377482806
720_static,7,8,0,18,0,2,82,82,82,76,1,58.9786373568457
720_static,7,8,0,17,0,2,82,82,82,76,1,24.4303237116692
720_static,7,13,0,20,0,2,80,80,80,77,1,23.5588072280772
720_static,7,14,0,12,1,1,79,79,79,72,1,22.6640272518771
720_static,7,3,0,13,3,2,79,79,79,75,1,23.2961718680235
720_static,7,12,0,15,1,1,78,78,78,70,1,28.7157233177306
720_static,7,4,0,11,0,0,77,77,77,71,1,18.1149966640459
720_static,7,2,0,14,1,1,77,77,77,71,1,25.3604422000764
720_static,7,2,0,13,1,1,77,77,77,71,1,22.0854751838153
720_static,7,12,0,15,0,2,77,77,77,72,1,23.8618280646201
720_static,7,17,0,23,1,2,67,67,67,63,1,24.4144102990493
720_static,7,17,0,24,1,2,67,67,67,63,1,12.7708632402893
720_static,7,11,0,18,3,2,55,55,55,54,1,21.7904138182362
720_static,7,11,0,24,3,2,55,55,55,54,1,4.14843578002834
720_static,7,17,0,23,1,1,50,50,50,48,1,24.139532591198
720_static,7,17,0,24,1,1,50,50,50,48,1,14.9236924018567
720_static,7,1,0,21,3,2,46,46,46,45,1,26.6252517153405
720_static,7,1,0,20,3,2,46,46,46,45,1,13.2143775308345
720_static,7,1,0,19,3,2,46,46,46,45,1,13.1731857998922
720_static,7,1,0,22,3,2,46,46,46,45,1,16.6995166726699
720_static,7,17,0,23,0,2,43,43,43,43,1,22.8979487084824
720_static,7,17,0,24,0,2,43,43,43,43,1,15.1711748517755
720_static,7,4,0,11,3,2,37,37,37,37,1,19.8969753107358
720_static,7,7,0,8,4,0,31,31,31,31,1,28.5554934265612
720_static,7,3,0,13,4,2,30,30,30,29,1,26.6534007996332
720_static,7,0,0,10,4,2,29,29,29,29,1,19.1267809292255
720_static,7,9,0,16,0,1,27,27,27,25,1,31.0515551648052
720_static,7,6,0,15,3,2,27,27,27,27,1,27.6907442672042
720_static,7,10,0,16,0,1,26,26,26,25,1,29.4098287808949
720_static,7,10,0,16,4,2,23,23,23,23,1,27.7020152959832
720_static,7,2,0,14,4,2,23,23,23,23,1,21.2713389030597
720_static,7,2,0,13,4,2,23,23,23,23,1,29.7053097460336
720_static,7,6,0,15,4,2,23,23,23,23,1,20.927467470612
720_static,7,11,0,18,4,2,22,22,22,21,1,26.8324028524355
720_static,7,11,0,24,4,2,22,22,22,21,1,3.71136964697073
720_static,7,14,0,12,4,2,22,22,22,21,1,21.4817415006567
720_static,7,15,0,11,3,2,20,20,20,20,1,24.5861936147233
720_static,7,19,0,14,0,1,20,20,20,19,1,28.1033279472498
720_static,7,19,0,14,4,2,20,20,20,20,1,21.5695455628867
720_static,7,1,0,21,4,2,19,19,19,19,1,24.7144897639175
720_static,7,1,0,20,4,2,19,19,19,19,1,10.8973135813134
720_static,7,1,0,19,4,2,19,19,19,19,1,11.5600602283116
720_static,7,1,0,22,4,2,19,19,19,19,1,14.1189134044121
720_static,7,0,0,10,0,1,18,18,18,17,1,25.8845467370726
720_static,7,10,0,16,3,2,17,17,17,17,1,22.4430583041002
720_static,7,13,0,20,4,2,17,17,17,16,1,27.0858775551616
720_static,7,9,0,16,4,2,17,17,17,17,1,3.40041566689719
720_static,7,7,0,8,3,0,15,15,15,13,1,32.1713053170777
720_static,7,13,0,20,3,2,15,15,15,15,1,36.5719188768948
720_static,7,8,0,16,3,2,15,15,15,14,1,22.5534964588595
720_static,7,8,0,18,3,2,15,15,15,14,1,54.7519248746563
720_static,7,8,0,17,3,2,15,15,15,14,1,26.2729850190009
720_static,7,5,0,16,3,2,14,14,14,14,1,25.4714474958176
720_static,7,5,0,15,3,2,14,14,14,14,1,22.3207393624291
720_static,7,7,0,8,3,1,13,13,13,12,1,22.6147752787528
720_static,7,15,0,11,4,2,13,13,13,13,1,23.4997240208416
720_static,7,18,0,21,3,2,12,12,12,12,1,31.3359048308201
720_static,7,12,0,15,3,2,12,12,12,12,1,22.0198996833142
720_static,7,8,0,16,4,2,11,11,11,11,1,20.2016958289076
720_static,7,8,0,18,4,2,11,11,11,11,1,68.459791009528
720_static,7,8,0,17,4,2,11,11,11,11,1,33.7589844694725
720_static,7,16,0,13,4,2,11,11,11,11,1,21.4302839467281
720_static,7,0,0,10,3,2,11,11,11,11,1,29.1134116541402
720_static,7,2,0,14,3,1,10,10,10,10,1,28.046156024033
720_static,7,2,0,13,3,1,10,10,10,10,1,22.9706452790341
720_static,7,18,0,21,4,2,8,8,8,8,1,24.1452284827114
720_static,7,5,0,16,4,2,7,7,7,7,1,22.8393834383899
720_static,7,5,0,15,4,2,7,7,7,7,1,25.104991614373
720_static,7,3,0,13,3,1,7,7,7,7,1,13.883061629571
720_static,7,1,0,21,0,1,6,6,6,6,1,21.8663312411895
720_static,7,1,0,20,0,1,6,6,6,6,1,11.0564834005998
720_static,7,1,0,19,0,1,6,6,6,6,1,7.75044139499258
720_static,7,1,0,22,0,1,6,6,6,6,1,8.89895785480041
720_static,7,11,0,18,0,1,6,6,6,6,1,14.9833406560549
720_static,7,11,0,24,0,1,6,6,6,6,1,2.51855684875186
720_static,7,15,0,11,1,0,5,5,5,5,1,3.54275667163725
720_static,7,18,0,21,3,0,5,5,5,5,1,13.8540152621625
720_static,7,15,0,11,0,1,5,5,5,5,1,14.2498105279766
720_static,7,6,0,15,0,1,5,5,5,5,1,32.4426961815485
720_static,7,3,0,13,0,1,5,5,5,5,1,23.668000489241
720_static,7,0,0,10,4,0,4,4,4,4,1,12.8712787608309
720_static,7,0,0,10,1,0,4,4,4,4,1,24.6703154662358
720_static,7,2,0,14,3,0,4,4,4,4,1,11.2454502332672
720_static,7,2,0,13,3,0,4,4,4,4,1,14.4797277725702
720_static,7,14,0,12,0,1,4,4,4,4,1,12.141684534194
720_static,7,7,0,8,0,1,3,3,3,3,1,31.8573882307953
720_static,7,10,0,16,4,0,3,3,3,3,1,18.2476421692933
720_static,7,19,0,14,1,0,2,2,2,2,1,13.5770320987308
720_static,7,13,0,20,3,0,2,2,2,2,1,18.5422013422765
720_static,7,8,0,16,0,1,2,2,2,2,1,14.4243979475558
720_static,7,8,0,18,0,1,2,2,2,2,1,83.980140476879
720_static,7,8,0,17,0,1,2,2,2,2,1,7.75568020511346
720_static,7,5,0,16,4,1,2,2,2,2,1,13.6552275466054
720_static,7,5,0,15,4,1,2,2,2,2,1,11.166655816467
720_static,7,1,0,21,4,1,2,2,2,2,1,2.45510297686144
720_static,7,1,0,20,4,1,2,2,2,2,1,0.0557649249719135
720_static,7,1,0,19,4,1,2,2,2,2,1,22.1023307151355
720_static,7,1,0,22,4,1,2,2,2,2,1,19.2741350362675
720_static,7,3,0,13,4,1,2,2,2,2,1,12.1428451944584
720_static,7,0,0,10,4,1,2,2,2,2,1,45.9298186044151
720_static,7,15,0,11,3,1,2,2,2,2,1,27.0842541780087
720_static,7,4,0,11,4,2,2,2,2,2,1,28.7537787472951
720_static,7,13,0,20,4,0,2,2,2,2,1,6.96148226296158
720_static,7,1,0,21,3,1,2,2,2,2,1,15.1015675520482
720_static,7,1,0,20,3,1,2,2,2,2,1,6.43317485736275
720_static,7,1,0,19,3,1,2,2,2,2,1,25.3884577939917
720_static,7,1,0,22,3,1,2,2,2,2,1,20.6824257342849
720_static,7,8,0,16,3,1,2,2,2,2,1,35.0012045051094
720_static,7,8,0,18,3,1,2,2,2,2,1,40.5928729233577
720_static,7,8,0,17,3,1,2,2,2,2,1,27.6612460077509
720_static,7,3,0,13,3,0,2,2,2,2,1,21.0211332373414
720_static,7,13,0,20,0,1,2,2,2,2,1,19.9060090985559
720_static,7,11,0,18,4,1,2,2,2,2,1,46.237311368924
720_static,7,11,0,24,4,1,2,2,2,2,1,2.79172764145676
720_static,7,16,0,13,0,1,2,2,2,2,1,23.0880439682037
720_static,7,11,0,18,3,1,2,2,2,2,1,17.9845764155457
720_static,7,11,0,24,3,1,2,2,2,2,1,10.0411344998498
720_static,7,10,0,16,4,1,1,1,1,1,1,
720_static,7,13,0,20,4,1,1,1,1,1,1,
720_static,7,2,0,14,0,1,1,1,1,1,1,
720_static,7,2,0,13,0,1,1,1,1,1,1,
720_static,7,18,0,21,0,1,1,1,1,1,1,
720_static,7,19,0,14,3,2,1,1,1,1,1,
720_static,7,15,0,11,4,0,1,1,1,1,1,
720_static,7,11,0,18,1,0,1,1,1,1,1,
720_static,7,11,0,24,1,0,1,1,1,1,1,
720_static,7,8,0,16,3,0,1,1,1,1,1,
720_static,7,8,0,18,3,0,1,1,1,1,1,
720_static,7,8,0,17,3,0,1,1,1,1,1,
720_static,7,5,0,16,3,1,1,1,1,1,1,
720_static,7,5,0,15,3,1,1,1,1,1,1,
720_static,7,17,0,23,4,2,1,1,1,1,1,
720_static,7,17,0,24,4,2,1,1,1,1,1,
720_static,7,0,0,10,3,0,1,1,1,1,1,
720_static,7,5,0,16,0,1,1,1,1,1,1,
720_static,7,5,0,15,0,1,1,1,1,1,1,
720_static,7,4,0,11,3,0,1,1,1,1,1,
720_static,7,1,0,21,1,0,1,1,1,1,1,
720_static,7,1,0,20,1,0,1,1,1,1,1,
720_static,7,1,0,19,1,0,1,1,1,1,1,
720_static,7,1,0,22,1,0,1,1,1,1,1,
720_static,7,15,0,11,3,0,1,1,1,1,1,
720_static,7,9,0,16,3,2,1,1,1,1,1,
720_static,7,3,0,13,1,0,1,1,1,1,1,
720_static,7,4,0,11,0,1,1,1,1,1,1,
720_static,7,3,0,13,4,0,1,1,1,1,1,
720_static,7,16,0,13,3,0,1,1,1,1,1,
720_static,8,0,0,7,0,0,1169,1169,1169,446,1,88.3021005116987
720_static,8,10,0,13,0,0,1133,1133,1133,427,1,85.2522354722417
720_static,8,19,0,11,1,1,1116,1116,1116,401,1,94.0910218502868
720_static,8,6,0,9,0,0,1025,1025,1025,393,1,64.864986363917
720_static,8,6,0,11,0,0,1025,1025,1025,393,1,70.1566845187352
720_static,8,6,0,10,0,0,1025,1025,1025,393,1,86.686234621349
720_static,8,7,0,5,3,2,952,952,952,536,1,95.2502847901389
720_static,8,11,0,15,0,0,869,869,869,404,1,92.0132339713563
720_static,8,1,0,15,0,0,750,750,750,368,1,89.8356608329317
720_static,8,19,0,11,1,2,727,727,727,441,1,96.8093058619085
720_static,8,9,0,13,0,0,690,690,690,357,1,87.3671135641445
720_static,8,19,0,11,0,0,678,678,678,365,1,88.2449855291658
720_static,8,9,0,13,1,1,667,667,667,338,1,89.759115415499
720_static,8,11,0,15,1,2,607,607,607,382,1,93.9239731550523
720_static,8,12,0,11,4,2,566,566,566,564,1,95.2800976892811
720_static,8,10,0,13,1,2,525,525,525,348,1,95.2120377219902
720_static,8,9,0,13,1,2,522,522,522,299,1,92.5068939051984
720_static,8,15,0,9,1,2,498,498,498,369,1,18.0552447329028
720_static,8,15,0,7,1,2,498,498,498,369,1,99.0626886116314
720_static,8,15,0,9,0,0,494,494,494,311,1,18.4317919104188
720_static,8,15,0,7,0,0,494,494,494,311,1,91.6742497449379
720_static,8,11,0,15,1,1,490,490,490,274,1,86.9510578965315
720_static,8,16,0,11,1,2,464,464,464,328,1,13.2500516295185
720_static,8,16,0,9,1,2,464,464,464,328,1,98.3839815803821
720_static,8,0,0,7,1,2,449,449,449,305,1,94.0011616388969
720_static,8,1,0,15,1,1,447,447,447,214,1,95.5623549023715
720_static,8,6,0,9,1,2,431,431,431,289,1,63.7207663546101
720_static,8,6,0,11,1,2,431,431,431,289,1,63.8736027478448
720_static,8,6,0,10,1,2,431,431,431,289,1,99.1980487388287
720_static,8,3,0,7,0,0,430,430,430,279,1,66.1002449645407
720_static,8,3,0,9,0,0,430,430,430,279,1,68.1262123916313
720_static,8,3,0,8,0,0,430,430,430,279,1,88.9312862508696
720_static,8,10,0,13,1,1,421,421,421,257,1,88.9412118197493
720_static,8,7,0,5,0,0,408,408,408,273,1,84.422923755335
720_static,8,14,0,9,1,2,392,392,392,285,1,97.0033856976091
720_static,8,1,0,15,1,2,376,376,376,251,1,94.062256628759
720_static,8,3,0,7,0,2,369,369,369,258,1,67.3175965064502
720_static,8,3,0,9,0,2,369,369,369,258,1,65.8354789188276
720_static,8,3,0,8,0,2,369,369,369,258,1,92.3456314284001
720_static,8,3,0,7,1,2,367,367,367,288,1,65.6231649535069
720_static,8,3,0,9,1,2,367,367,367,288,1,63.4065205888381
720_static,8,3,0,8,1,2,367,367,367,288,1,97.8282377660062
720_static,8,16,0,11,0,0,355,355,355,246,1,12.2360621581582
720_static,8,16,0,9,0,0,355,355,355,246,1,89.8401525242107
720_static,8,0,0,7,0,2,353,353,353,283,1,89.5923773801955
720_static,8,7,0,5,1,2,346,346,346,270,1,99.3633013632223
720_static,8,6,0,9,1,1,340,340,340,215,1,57.8202474013075
720_static,8,6,0,11,1,1,340,340,340,215,1,63.3395198276537
720_static,8,6,0,10,1,1,340,340,340,215,1,96.5188065728011
720_static,8,10,0,13,0,2,337,337,337,271,1,90.7061028825981
720_static,8,7,0,5,4,2,332,332,332,255,1,91.3718462896711
720_static,8,11,0,15,0,2,331,331,331,260,1,87.902362181938
720_static,8,13,0,11,0,0,318,318,318,245,1,87.4354575255046
720_static,8,6,0,9,0,2,313,313,313,257,1,61.9628388611566
720_static,8,6,0,11,0,2,313,313,313,257,1,68.4982880767732
720_static,8,6,0,10,0,2,313,313,313,257,1,79.854300564939
720_static,8,1,0,15,0,2,308,308,308,262,1,83.7308655776559
720_static,8,2,0,8,1,2,302,302,302,237,1,82.1920881104617
720_static,8,2,0,9,1,2,302,302,302,237,1,99.5384998978095
720_static,8,5,0,10,0,0,300,300,300,209,1,88.4942403134665
720_static,8,5,0,11,0,0,300,300,300,209,1,83.4300477825937
720_static,8,15,0,9,0,2,295,295,295,251,1,15.8828273862583
720_static,8,15,0,7,0,2,295,295,295,251,1,89.2834711938154
720_static,8,4,0,7,1,2,285,285,285,211,1,99.2540972188835
720_static,8,2,0,8,0,0,271,271,271,197,1,82.8893855709404
720_static,8,2,0,9,0,0,271,271,271,197,1,85.6706744286779
720_static,8,16,0,11,0,2,269,269,269,221,1,12.9162917657403
720_static,8,16,0,9,0,2,269,269,269,221,1,86.4600583408529
720_static,8,18,0,13,0,0,244,244,244,187,1,15.5340297948779
720_static,8,18,0,11,0,0,244,244,244,187,1,86.7885901932914
720_static,8,0,0,7,1,1,243,243,243,181,1,92.5957843885574
720_static,8,14,0,9,0,0,239,239,239,212,1,92.428679536402
720_static,8,8,0,10,0,0,239,239,239,202,1,91.0528941530065
720_static,8,16,0,11,1,1,233,233,233,162,1,13.5887162123124
720_static,8,16,0,9,1,1,233,233,233,162,1,93.200794125277
720_static,8,14,0,9,0,2,229,229,229,191,1,90.0733216325403
720_static,8,12,0,11,0,0,225,225,225,176,1,92.2847334620949
720_static,8,2,0,8,0,2,224,224,224,198,1,98.1084219775292
720_static,8,2,0,9,0,2,224,224,224,198,1,92.6303105682528
720_static,8,19,0,11,0,2,222,222,222,184,1,82.6456050538391
720_static,8,18,0,13,1,1,218,218,218,186,1,13.006290896073
720_static,8,18,0,11,1,1,218,218,218,186,1,92.8535414722396
720_static,8,9,0,13,0,2,206,206,206,182,1,93.4224204580005
720_static,8,13,0,11,1,2,197,197,197,163,1,108.650398318665
720_static,8,5,0,10,1,1,196,196,196,129,1,80.3607171980135
720_static,8,5,0,11,1,1,196,196,196,129,1,93.4932589888522
720_static,8,18,0,13,1,2,195,195,195,162,1,15.1639905371472
720_static,8,18,0,11,1,2,195,195,195,162,1,95.4157397590324
720_static,8,13,0,11,1,1,184,184,184,146,1,98.6427309389778
720_static,8,7,0,5,0,2,171,171,171,154,1,86.9551883045188
720_static,8,4,0,7,1,1,163,163,163,132,1,95.8894493154482
720_static,8,15,0,9,1,1,156,156,156,124,1,17.8739007400768
720_static,8,15,0,7,1,1,156,156,156,124,1,100.154643158741
720_static,8,7,0,5,1,1,150,150,150,118,1,95.9545842563355
720_static,8,8,0,10,1,2,149,149,149,127,1,99.7602574845828
720_static,8,12,0,11,1,2,144,144,144,128,1,87.1633795114475
720_static,8,5,0,10,1,2,141,141,141,123,1,92.0670227070728
720_static,8,5,0,11,1,2,141,141,141,123,1,88.4994333026786
720_static,8,3,0,7,1,1,136,136,136,119,1,64.7840326283578
720_static,8,3,0,9,1,1,136,136,136,119,1,60.9562881592524
720_static,8,3,0,8,1,1,136,136,136,119,1,96.5357194345175
720_static,8,4,0,7,0,2,128,128,128,102,1,107.786313262499
720_static,8,17,0,12,0,0,112,112,112,94,1,89.8689117292352
720_static,8,8,0,10,1,1,98,98,98,77,1,94.3300705484709
720_static,8,2,0,8,3,2,97,97,97,87,1,91.5063210799155
720_static,8,2,0,9,3,2,97,97,97,87,1,94.8121058973183
720_static,8,18,0,13,0,2,96,96,96,90,1,14.0741813464959
720_static,8,18,0,11,0,2,96,96,96,90,1,89.5092655838363
720_static,8,7,0,5,4,1,94,94,94,82,1,94.0073418717042
720_static,8,5,0,10,0,2,83,83,83,81,1,82.7798081174091
720_static,8,5,0,11,0,2,83,83,83,81,1,90.726032372033
720_static,8,8,0,10,0,2,82,82,82,76,1,96.3450649534944
720_static,8,13,0,11,0,2,80,80,80,77,1,87.3737152132667
720_static,8,14,0,9,1,1,79,79,79,72,1,80.5987309966872
720_static,8,3,0,7,3,2,79,79,79,75,1,66.4335153946776
720_static,8,3,0,9,3,2,79,79,79,75,1,69.7060724419818
720_static,8,3,0,8,3,2,79,79,79,75,1,95.2360504961989
720_static,8,12,0,11,1,1,78,78,78,70,1,95.8658429243198
720_static,8,4,0,7,0,0,77,77,77,71,1,90.340150932485
720_static,8,2,0,8,1,1,77,77,77,71,1,91.4582991087204
720_static,8,2,0,9,1,1,77,77,77,71,1,96.4421164828945
720_static,8,12,0,11,0,2,77,77,77,72,1,89.5765756464995
720_static,8,6,0,0,0,2,75,75,75,75,1,56.6282645162799
720_static,8,7,0,0,3,2,70,70,70,70,1,61.7469805654441
720_static,8,19,0,0,0,2,68,68,68,68,1,62.7573806074224
720_static,8,17,0,12,1,2,67,67,67,63,1,94.8442199609292
720_static,8,10,0,0,0,2,63,63,63,63,1,67.5729379440978
720_static,8,0,0,0,0,2,57,57,57,57,1,66.0695320612937
720_static,8,11,0,15,3,2,55,55,55,54,1,107.437297393935
720_static,8,17,0,12,1,1,50,50,50,48,1,93.1906563988792
720_static,8,3,0,0,0,2,49,49,49,49,1,62.5717553703692
720_static,8,1,0,15,3,2,46,46,46,45,1,99.845947426793
720_static,8,11,0,0,0,2,44,44,44,44,1,54.4991845653294
720_static,8,1,0,0,0,2,44,44,44,44,1,56.3336148497868
720_static,8,17,0,12,0,2,43,43,43,43,1,80.6809351513782
720_static,8,9,0,0,0,2,39,39,39,39,1,56.5952816512763
720_static,8,15,0,0,0,2,37,37,37,37,1,64.7416894718889
720_static,8,4,0,7,3,2,37,37,37,37,1,88.8893793605842
720_static,8,7,0,0,0,2,35,35,35,35,1,67.93158239079
720_static,8,16,0,0,0,2,32,32,32,32,1,56.7451435826875
720_static,8,7,0,5,4,0,31,31,31,31,1,84.7312969157957
720_static,8,3,0,7,4,2,30,30,30,29,1,68.3373272017357
720_static,8,3,0,9,4,2,30,30,30,29,1,61.8290463302975
720_static,8,3,0,8,4,2,30,30,30,29,1,90.4967547184048
720_static,8,0,0,7,4,2,29,29,29,29,1,79.1016670554523
720_static,8,9,0,13,0,1,27,27,27,25,1,93.6043171477625
720_static,8,6,0,9,3,2,27,27,27,27,1,53.8670433414637
720_static,8,6,0,11,3,2,27,27,27,27,1,66.8556034652573
720_static,8,6,0,10,3,2,27,27,27,27,1,103.995066624281
720_static,8,10,0,13,0,1,26,26,26,25,1,94.2596745632759
720_static,8,10,0,13,4,2,23,23,23,23,1,105.317389092193
720_static,8,2,0,8,4,2,23,23,23,23,1,70.6808716986467
720_static,8,2,0,9,4,2,23,23,23,23,1,95.3501640123922
720_static,8,6,0,9,4,2,23,23,23,23,1,56.1479820864611
720_static,8,6,0,11,4,2,23,23,23,23,1,57.9066101162477
720_static,8,6,0,10,4,2,23,23,23,23,1,89.5936298954812
720_static,8,11,0,15,4,2,22,22,22,21,1,118.030534117228
720_static,8,14,0,9,4,2,22,22,22,21,1,110.223814521006
720_static,8,14,0,0,0,2,21,21,21,21,1,53.3363457069237
720_static,8,15,0,9,3,2,20,20,20,20,1,15.1098033970244
720_static,8,15,0,7,3,2,20,20,20,20,1,87.0854573025741
720_static,8,19,0,11,0,1,20,20,20,19,1,91.4115564148589
720_static,8,19,0,11,4,2,20,20,20,20,1,121.475179182085
720_static,8,1,0,15,4,2,19,19,19,19,1,95.9980766663113
720_static,8,0,0,7,0,1,18,18,18,17,1,73.1976917983292
720_static,8,10,0,13,3,2,17,17,17,17,1,79.6476797583315
720_static,8,13,0,11,4,2,17,17,17,16,1,67.1534066542346
720_static,8,9,0,13,4,2,17,17,17,17,1,91.2624315921871
720_static,8,7,0,5,3,0,15,15,15,13,1,78.2160046873139
720_static,8,13,0,11,3,2,15,15,15,15,1,72.7286911907509
720_static,8,8,0,10,3,2,15,15,15,14,1,100.69598163622
720_static,8,2,0,0,0,2,14,14,14,14,1,72.0207486476758
720_static,8,5,0,10,3,2,14,14,14,14,1,95.0935872978487
720_static,8,5,0,11,3,2,14,14,14,14,1,107.450539695265
720_static,8,7,0,5,3,1,13,13,13,12,1,115.331108846489
720_static,8,18,0,0,0,2,13,13,13,13,1,84.6925977109554
720_static,8,15,0,9,4,2,13,13,13,13,1,15.8421742794485
720_static,8,15,0,7,4,2,13,13,13,13,1,67.6628014762774
720_static,8,18,0,13,3,2,12,12,12,12,1,8.94794816324388
720_static,8,18,0,11,3,2,12,12,12,12,1,80.3201350014075
720_static,8,5,0,0,0,2,12,12,12,12,1,66.1959376124276
720_static,8,12,0,11,3,2,12,12,12,12,1,55.1866792425016
720_static,8,8,0,10,4,2,11,11,11,11,1,91.9702622443075
720_static,8,16,0,11,4,2,11,11,11,11,1,10.6670017985141
720_static,8,16,0,9,4,2,11,11,11,11,1,87.171702504268
720_static,8,7,0,0,4,2,11,11,11,11,1,75.3177460136527
720_static,8,13,0,0,0,2,11,11,11,11,1,55.7799420336241
720_static,8,0,0,7,3,2,11,11,11,11,1,77.7013780957175
720_static,8,2,0,8,3,1,10,10,10,10,1,98.6293264523858
720_static,8,2,0,9,3,1,10,10,10,10,1,105.498284372616
720_static,8,8,0,0,0,2,9,9,9,9,1,50.1729844715039
720_static,8,18,0,13,4,2,8,8,8,8,1,12.5309527683907
720_static,8,18,0,11,4,2,8,8,8,8,1,110.568980795145
720_static,8,12,0,0,0,2,7,7,7,7,1,67.9955741622924
720_static,8,5,0,10,4,2,7,7,7,7,1,95.0252683649185
720_static,8,5,0,11,4,2,7,7,7,7,1,50.8855094847015
720_static,8,3,0,7,3,1,7,7,7,7,1,72.2007689053542
720_static,8,3,0,9,3,1,7,7,7,7,1,63.0676525185726
720_static,8,3,0,8,3,1,7,7,7,7,1,58.8422396847775
720_static,8,1,0,15,0,1,6,6,6,6,1,85.9858281047944
720_static,8,11,0,15,0,1,6,6,6,6,1,101.352979005191
720_static,8,15,0,9,1,0,5,5,5,5,1,3.28508225166497
720_static,8,15,0,7,1,0,5,5,5,5,1,34.8525055722115
720_static,8,18,0,13,3,0,5,5,5,5,1,1.66170877864252
720_static,8,18,0,11,3,0,5,5,5,5,1,9.51269743081505
720_static,8,15,0,9,0,1,5,5,5,5,1,7.59695657764452
720_static,8,15,0,7,0,1,5,5,5,5,1,81.9788536179196
720_static,8,6,0,9,0,1,5,5,5,5,1,81.5039461054781
720_static,8,6,0,11,0,1,5,5,5,5,1,71.9112708976476
720_static,8,6,0,10,0,1,5,5,5,5,1,89.8409626626097
720_static,8,3,0,7,0,1,5,5,5,5,1,87.4058588273681
720_static,8,3,0,9,0,1,5,5,5,5,1,72.1578778321109
720_static,8,3,0,8,0,1,5,5,5,5,1,126.202238169033
720_static,8,0,0,7,4,0,4,4,4,4,1,52.4122910837422
720_static,8,17,0,0,0,2,4,4,4,4,1,38.672396503223
720_static,8,0,0,7,1,0,4,4,4,4,1,76.4642419034504
720_static,8,2,0,8,3,0,4,4,4,4,1,86.0955742840834
720_static,8,2,0,9,3,0,4,4,4,4,1,46.6524633477104
720_static,8,14,0,9,0,1,4,4,4,4,1,48.5823524596328
720_static,8,4,0,0,0,2,4,4,4,4,1,89.237393875249
720_static,8,7,0,5,0,1,3,3,3,3,1,59.7854395009105
720_static,8,10,0,13,4,0,3,3,3,3,1,137.351108098217
720_static,8,19,0,11,1,0,2,2,2,2,1,65.7898602799951
720_static,8,13,0,11,3,0,2,2,2,2,1,52.4123807904377
720_static,8,8,0,10,0,1,2,2,2,2,1,29.3887512026527
720_static,8,5,0,10,4,1,2,2,2,2,1,55.5132124710372
720_static,8,5,0,11,4,1,2,2,2,2,1,76.8194891988308
720_static,8,1,0,15,4,1,2,2,2,2,1,23.7989969650855
720_static,8,3,0,7,4,1,2,2,2,2,1,16.2587008740155
720_static,8,3,0,9,4,1,2,2,2,2,1,13.7717203914509
720_static,8,3,0,8,4,1,2,2,2,2,1,91.0023218555781
720_static,8,0,0,7,4,1,2,2,2,2,1,231.183169594542
720_static,8,15,0,9,3,1,2,2,2,2,1,11.3115288658077
720_static,8,15,0,7,3,1,2,2,2,2,1,51.3861152732519
720_static,8,4,0,7,4,2,2,2,2,2,1,7.65361200527398
720_static,8,13,0,11,4,0,2,2,2,2,1,37.223802792249
720_static,8,1,0,15,3,1,2,2,2,2,1,45.8523999943742
720_static,8,8,0,10,3,1,2,2,2,2,1,82.5240669335419
720_static,8,3,0,7,3,0,2,2,2,2,1,12.3490108232979
720_static,8,3,0,9,3,0,2,2,2,2,1,0.494884751512058
720_static,8,3,0,8,3,0,2,2,2,2,1,80.4336149000179
720_static,8,13,0,11,0,1,2,2,2,2,1,48.8835855140539
720_static,8,11,0,15,4,1,2,2,2,2,1,141.231953667269
720_static,8,16,0,11,0,1,2,2,2,2,1,1.21434027171841
720_static,8,16,0,9,0,1,2,2,2,2,1,77.7490451502913
720_static,8,11,0,15,3,1,2,2,2,2,1,217.904114065978
720_static,8,10,0,13,4,1,1,1,1,1,1,
720_static,8,13,0,11,4,1,1,1,1,1,1,
720_static,8,2,0,8,0,1,1,1,1,1,1,
720_static,8,2,0,9,0,1,1,1,1,1,1,
720_static,8,18,0,13,0,1,1,1,1,1,1,
720_static,8,18,0,11,0,1,1,1,1,1,1,
720_static,8,19,0,11,3,2,1,1,1,1,1,
720_static,8,15,0,9,4,0,1,1,1,1,1,
720_static,8,15,0,7,4,0,1,1,1,1,1,
720_static,8,11,0,15,1,0,1,1,1,1,1,
720_static,8,8,0,10,3,0,1,1,1,1,1,
720_static,8,5,0,10,3,1,1,1,1,1,1,
720_static,8,5,0,11,3,1,1,1,1,1,1,
720_static,8,17,0,12,4,2,1,1,1,1,1,
720_static,8,0,0,7,3,0,1,1,1,1,1,
720_static,8,5,0,10,0,1,1,1,1,1,1,
720_static,8,5,0,11,0,1,1,1,1,1,1,
720_static,8,4,0,7,3,0,1,1,1,1,1,
720_static,8,11,0,0,3,2,1,1,1,1,1,
720_static,8,1,0,15,1,0,1,1,1,1,1,
720_static,8,15,0,9,3,0,1,1,1,1,1,
720_static,8,15,0,7,3,0,1,1,1,1,1,
720_static,8,9,0,13,3,2,1,1,1,1,1,
720_static,8,3,0,7,1,0,1,1,1,1,1,
720_static,8,3,0,9,1,0,1,1,1,1,1,
720_static,8,3,0,8,1,0,1,1,1,1,1,
720_static,8,4,0,7,0,1,1,1,1,1,1,
720_static,8,3,0,7,4,0,1,1,1,1,1,
720_static,8,3,0,9,4,0,1,1,1,1,1,
720_static,8,3,0,8,4,0,1,1,1,1,1,
720_static,8,16,0,11,3,0,1,1,1,1,1,
720_static,8,16,0,9,3,0,1,1,1,1,1,
720_static,16,12,0,13,4,2,566,566,566,564,1,51.188490275681
720_static,16,4,0,9,1,2,285,285,285,211,1,54.0726990361578
720_static,16,12,0,13,0,0,225,225,225,176,1,47.4347751386987
720_static,16,4,0,9,1,1,163,163,163,132,1,53.4124088150034
720_static,16,12,0,13,1,2,144,144,144,128,1,46.2676664052976
720_static,16,4,0,9,0,2,128,128,128,102,1,51.5387167040462
720_static,16,12,0,13,1,1,78,78,78,70,1,49.7338512001103
720_static,16,4,0,9,0,0,77,77,77,71,1,52.4767263288509
720_static,16,12,0,13,0,2,77,77,77,72,1,49.5723417782954
720_static,16,4,0,9,3,2,37,37,37,37,1,40.3964373978859
720_static,16,12,0,13,3,2,12,12,12,12,1,60.2639819388937
720_static,16,4,0,9,4,2,2,2,2,2,1,54.1316772436692
720_static,16,4,0,9,3,0,1,1,1,1,1,
720_static,16,4,0,9,0,1,1,1,1,1,1,
